experiment,step,total_steps,split,loss,train_time_ms,step_avg_ms
,,,train,,,
,{step},{args.num_iterations},val,{val_loss,,
,{step},{args.num_iterations},val,{val_loss,,
,,,train,,,
,{step+1},{args.num_iterations},train,{train_loss.item(),,
,{step+1},{args.num_iterations},train,{train_loss.item(),,
,0,5100,val,16.0345,215,
,1,5100,train,16.0410,43315,
,2,5100,train,9.6399,44435,
,3,5100,train,8.6590,45562,
,4,5100,train,8.1140,46680,
,5,5100,train,7.8750,47782,
,6,5100,train,7.8578,48902,
,7,5100,train,7.7537,50001,
,8,5100,train,8.0120,51115,
,9,5100,train,7.5253,52219,
,10,5100,train,7.5762,53337,
,11,5100,train,7.3677,1105,
,12,5100,train,7.4934,2230,
,13,5100,train,7.6002,3335,1111.67
,14,5100,train,7.4955,4460,1115.01
,15,5100,train,7.2568,5564,1112.87
,16,5100,train,7.3222,6692,1115.34
,17,5100,train,7.1315,7803,1114.65
,18,5100,train,7.2073,8919,1114.91
,19,5100,train,6.8783,10025,1113.86
,20,5100,train,6.9167,11153,1115.26
,21,5100,train,6.9217,12263,1114.83
,22,5100,train,6.8851,13395,1116.22
,23,5100,train,6.5583,14506,1115.82
,24,5100,train,6.4985,15636,1116.88
,25,5100,train,6.5494,16746,1116.40
,26,5100,train,6.5404,17879,1117.41
,27,5100,train,6.6194,18986,1116.84
,28,5100,train,6.5209,20117,1117.63
,29,5100,train,6.4552,21226,1117.14
,30,5100,train,6.3929,22358,1117.92
,31,5100,train,6.3833,23466,1117.43
,32,5100,train,6.4959,24617,1118.95
,33,5100,train,6.3733,25728,1118.60
,34,5100,train,6.2608,26860,1119.15
,35,5100,train,6.2436,27967,1118.67
,36,5100,train,6.3094,29098,1119.16
,37,5100,train,6.0019,30205,1118.72
,38,5100,train,6.4051,31343,1119.40
,39,5100,train,6.3156,32453,1119.05
,40,5100,train,6.3219,33580,1119.33
,41,5100,train,6.1380,34688,1118.98
,42,5100,train,6.3509,35820,1119.37
,43,5100,train,6.2148,36926,1118.98
,44,5100,train,6.1090,38060,1119.43
,45,5100,train,6.0665,39168,1119.09
,46,5100,train,6.2039,40299,1119.41
,47,5100,train,6.1899,41407,1119.10
,48,5100,train,6.0449,42539,1119.45
,49,5100,train,6.0496,43647,1119.16
,50,5100,train,6.0550,44789,1119.73
,51,5100,train,6.1002,45905,1119.63
,52,5100,train,6.1178,47038,1119.95
,53,5100,train,6.2465,48148,1119.72
,54,5100,train,5.9341,49281,1120.03
,55,5100,train,6.0047,50400,1120.01
,56,5100,train,6.0371,51537,1120.38
,57,5100,train,6.0549,52646,1120.12
,58,5100,train,5.8580,53777,1120.36
,59,5100,train,6.0108,54885,1120.11
,60,5100,train,6.0588,56020,1120.40
,61,5100,train,5.9761,57127,1120.15
,62,5100,train,6.1195,58259,1120.37
,63,5100,train,5.9566,59365,1120.10
,64,5100,train,6.0590,60510,1120.55
,65,5100,train,5.8845,61625,1120.45
,66,5100,train,5.9948,62758,1120.69
,67,5100,train,5.9058,63869,1120.51
,68,5100,train,6.0259,65003,1120.75
,69,5100,train,5.8669,66114,1120.57
,70,5100,train,5.9229,67242,1120.70
,71,5100,train,6.0270,68360,1120.65
,72,5100,train,5.8019,69490,1120.81
,73,5100,train,5.8745,70604,1120.70
,74,5100,train,5.9075,71740,1120.94
,75,5100,train,5.8025,72850,1120.78
,76,5100,train,5.7889,73980,1120.91
,77,5100,train,5.7765,75088,1120.71
,78,5100,train,5.8507,76218,1120.85
,79,5100,train,5.7493,77325,1120.65
,80,5100,train,5.7591,78458,1120.83
,81,5100,train,5.7748,79572,1120.73
,82,5100,train,6.4643,80702,1120.86
,83,5100,train,5.7657,81818,1120.80
,84,5100,train,5.7250,82944,1120.86
,85,5100,train,5.7221,84063,1120.84
,86,5100,train,5.7490,85198,1121.03
,87,5100,train,5.6905,86309,1120.89
,88,5100,train,5.6058,87442,1121.05
,89,5100,train,5.3588,88563,1121.05
,90,5100,train,5.5994,89698,1121.22
,91,5100,train,5.6061,90806,1121.06
,92,5100,train,5.7307,91942,1121.24
,93,5100,train,5.5534,93064,1121.25
,94,5100,train,5.5410,94206,1121.50
,95,5100,train,5.7046,95325,1121.48
,96,5100,train,5.5254,96460,1121.63
,97,5100,train,5.5605,97580,1121.61
,98,5100,train,5.5312,98719,1121.80
,99,5100,train,5.5843,99827,1121.65
,100,5100,train,5.3934,100958,1121.75
,101,5100,train,5.5915,102066,1121.60
,102,5100,train,5.5748,103200,1121.73
,103,5100,train,5.5996,104320,1121.72
,104,5100,train,5.3870,105457,1121.88
,105,5100,train,5.4816,106566,1121.74
,106,5100,train,5.5427,107700,1121.88
,107,5100,train,5.5648,108819,1121.84
,108,5100,train,5.5267,109954,1121.98
,109,5100,train,5.4159,111066,1121.88
,110,5100,train,5.6379,112200,1122.00
,111,5100,train,5.4371,113311,1121.89
,112,5100,train,5.4074,114441,1121.97
,113,5100,train,5.6298,115564,1121.98
,114,5100,train,5.4088,116700,1122.11
,115,5100,train,5.3052,117820,1122.09
,116,5100,train,5.3851,118957,1122.23
,117,5100,train,5.4000,120067,1122.12
,118,5100,train,5.2947,121198,1122.20
,119,5100,train,5.4315,122305,1122.07
,120,5100,train,5.3828,123441,1122.19
,121,5100,train,5.4539,124562,1122.18
,122,5100,train,5.1855,125701,1122.33
,123,5100,train,5.3478,126823,1122.32
,124,5100,train,5.3199,127959,1122.44
,125,5100,train,5.2931,129079,1122.42
,125,5100,val,5.3210,129079,1122.43
,126,5100,train,5.2935,130211,1122.51
,127,5100,train,5.5263,131332,1122.50
,128,5100,train,5.3562,132468,1122.61
,129,5100,train,5.2465,133593,1122.63
,130,5100,train,5.1556,134730,1122.75
,131,5100,train,5.4252,135845,1122.68
,132,5100,train,5.2607,136977,1122.77
,133,5100,train,5.2449,138095,1122.72
,134,5100,train,5.3387,139230,1122.82
,135,5100,train,5.1307,140349,1122.79
,136,5100,train,5.2927,141481,1122.87
,137,5100,train,5.1575,142596,1122.80
,138,5100,train,5.2050,143735,1122.93
,139,5100,train,5.2227,144854,1122.90
,140,5100,train,5.3293,145990,1123.00
,141,5100,train,5.2964,147113,1123.00
,142,5100,train,5.2352,148249,1123.10
,143,5100,train,5.2741,149373,1123.11
,144,5100,train,5.0844,150509,1123.20
,145,5100,train,5.2194,151622,1123.12
,146,5100,train,5.1076,152750,1123.16
,147,5100,train,5.0969,153874,1123.17
,148,5100,train,5.1794,155010,1123.26
,149,5100,train,5.2596,156131,1123.24
,150,5100,train,5.3155,157274,1123.39
,151,5100,train,5.0530,158395,1123.37
,152,5100,train,5.0393,159529,1123.45
,153,5100,train,4.9449,160653,1123.45
,154,5100,train,5.1684,161790,1123.54
,155,5100,train,5.2080,162912,1123.53
,156,5100,train,5.1795,164048,1123.62
,157,5100,train,5.1162,165165,1123.57
,158,5100,train,5.0324,166297,1123.63
,159,5100,train,5.0384,167415,1123.59
,160,5100,train,5.0670,168549,1123.66
,161,5100,train,4.9677,169667,1123.62
,162,5100,train,5.0411,170809,1123.74
,163,5100,train,4.9725,171925,1123.69
,164,5100,train,4.9486,173057,1123.75
,165,5100,train,4.9168,174174,1123.70
,166,5100,train,5.1158,175309,1123.77
,167,5100,train,4.8571,176432,1123.77
,168,5100,train,4.9166,177569,1123.85
,169,5100,train,4.9920,178691,1123.85
,170,5100,train,4.9911,179829,1123.93
,171,5100,train,5.0155,180951,1123.92
,172,5100,train,5.2348,182090,1124.01
,173,5100,train,4.9190,183215,1124.02
,174,5100,train,5.0216,184349,1124.08
,175,5100,train,5.1834,185472,1124.07
,176,5100,train,5.0420,186609,1124.15
,177,5100,train,5.0423,187728,1124.12
,178,5100,train,5.1277,188867,1124.21
,179,5100,train,4.9328,189976,1124.12
,180,5100,train,5.0282,191112,1124.19
,181,5100,train,4.8873,192222,1124.11
,182,5100,train,5.0633,193365,1124.22
,183,5100,train,4.9454,194478,1124.15
,184,5100,train,4.9250,195611,1124.20
,185,5100,train,4.9643,196731,1124.18
,186,5100,train,4.9024,197868,1124.25
,187,5100,train,5.1907,198989,1124.23
,188,5100,train,4.9297,200128,1124.32
,189,5100,train,4.5759,201240,1124.25
,190,5100,train,4.7849,202370,1124.28
,191,5100,train,4.9165,203569,1124.69
,192,5100,train,4.9028,204705,1124.75
,193,5100,train,4.4564,205817,1124.69
,194,5100,train,5.0434,206952,1124.74
,195,5100,train,4.8034,208074,1124.72
,196,5100,train,4.9388,209208,1124.78
,197,5100,train,4.8700,210319,1124.70
,198,5100,train,4.9626,211452,1124.74
,199,5100,train,4.7826,212572,1124.72
,200,5100,train,4.9983,213707,1124.77
,201,5100,train,4.9180,214820,1124.71
,202,5100,train,4.8360,215950,1124.74
,203,5100,train,5.0912,217071,1124.72
,204,5100,train,4.9655,218210,1124.79
,205,5100,train,4.9763,219331,1124.77
,206,5100,train,4.6559,220472,1124.85
,207,5100,train,4.8800,221592,1124.83
,208,5100,train,4.9950,222728,1124.89
,209,5100,train,4.8291,223852,1124.88
,210,5100,train,4.8511,224991,1124.96
,211,5100,train,4.7491,226114,1124.94
,212,5100,train,4.7836,227257,1125.04
,213,5100,train,4.9599,228378,1125.02
,214,5100,train,4.8557,229511,1125.05
,215,5100,train,4.8235,230623,1124.99
,216,5100,train,4.7235,231749,1124.99
,217,5100,train,4.8476,232868,1124.97
,218,5100,train,4.9165,234007,1125.03
,219,5100,train,4.7925,235118,1124.96
,220,5100,train,4.7573,236249,1125.00
,221,5100,train,4.7280,237369,1124.97
,222,5100,train,4.7368,238510,1125.05
,223,5100,train,4.9353,239631,1125.03
,224,5100,train,4.7306,240768,1125.08
,225,5100,train,4.9397,241880,1125.02
,226,5100,train,4.6889,243013,1125.06
,227,5100,train,4.7375,244134,1125.04
,228,5100,train,4.8246,245269,1125.09
,229,5100,train,4.8174,246391,1125.07
,230,5100,train,4.8144,247527,1125.12
,231,5100,train,4.7215,248639,1125.07
,232,5100,train,4.8303,249770,1125.09
,233,5100,train,4.8156,250887,1125.06
,234,5100,train,4.6784,252020,1125.09
,235,5100,train,4.7728,253136,1125.05
,236,5100,train,4.8651,254268,1125.08
,237,5100,train,4.5657,255386,1125.05
,238,5100,train,4.8129,256511,1125.05
,239,5100,train,4.7395,257631,1125.03
,240,5100,train,4.6590,258768,1125.08
,241,5100,train,4.8611,259891,1125.07
,242,5100,train,4.5694,261032,1125.14
,243,5100,train,4.7392,262154,1125.12
,244,5100,train,4.8514,263287,1125.16
,245,5100,train,4.5982,264396,1125.09
,246,5100,train,4.7000,265530,1125.13
,247,5100,train,4.6824,266652,1125.11
,248,5100,train,4.7749,267788,1125.16
,249,5100,train,4.5478,268898,1125.10
,250,5100,train,4.7207,270029,1125.12
,250,5100,val,4.6945,270029,1125.12
,251,5100,train,4.6236,271156,1125.13
,252,5100,train,4.8397,272297,1125.19
,253,5100,train,4.6666,273417,1125.17
,254,5100,train,4.6895,274552,1125.21
,255,5100,train,4.6467,275662,1125.15
,256,5100,train,4.7042,276795,1125.18
,257,5100,train,4.5575,277906,1125.13
,258,5100,train,4.8487,279040,1125.16
,259,5100,train,4.6018,280159,1125.14
,260,5100,train,4.6090,281294,1125.18
,261,5100,train,4.8415,282402,1125.11
,262,5100,train,4.6150,283535,1125.14
,263,5100,train,4.6788,284644,1125.07
,264,5100,train,4.7200,285775,1125.10
,265,5100,train,4.5451,286883,1125.03
,266,5100,train,4.6803,288025,1125.10
,267,5100,train,4.5572,289143,1125.07
,268,5100,train,4.7746,290275,1125.10
,269,5100,train,4.7615,291383,1125.03
,270,5100,train,4.5873,292514,1125.05
,271,5100,train,4.6294,293621,1124.98
,272,5100,train,4.7429,294754,1125.01
,273,5100,train,4.6207,295861,1124.95
,274,5100,train,4.5415,296995,1124.98
,275,5100,train,4.6413,298103,1124.92
,276,5100,train,4.7371,299235,1124.94
,277,5100,train,4.5729,300354,1124.92
,278,5100,train,4.5437,301482,1124.93
,279,5100,train,4.5010,302598,1124.90
,280,5100,train,4.5580,303737,1124.95
,281,5100,train,4.7807,304850,1124.91
,282,5100,train,4.7893,305976,1124.91
,283,5100,train,4.5557,307090,1124.87
,284,5100,train,4.4065,308219,1124.89
,285,5100,train,4.5556,309336,1124.86
,286,5100,train,4.7931,310472,1124.90
,287,5100,train,4.5958,311582,1124.84
,288,5100,train,4.5846,312714,1124.87
,289,5100,train,4.5244,313823,1124.81
,290,5100,train,4.4017,314956,1124.84
,291,5100,train,4.6636,316078,1124.83
,292,5100,train,4.6130,317213,1124.87
,293,5100,train,4.5963,318322,1124.81
,294,5100,train,4.5064,319456,1124.85
,295,5100,train,4.5797,320574,1124.82
,296,5100,train,4.7012,321718,1124.89
,297,5100,train,4.6976,322831,1124.85
,298,5100,train,4.6711,323959,1124.86
,299,5100,train,4.5865,325077,1124.83
,300,5100,train,4.5143,326211,1124.87
,301,5100,train,4.6222,327323,1124.82
,302,5100,train,4.5539,328455,1124.85
,303,5100,train,4.5313,329564,1124.79
,304,5100,train,4.4794,330698,1124.82
,305,5100,train,4.3757,331813,1124.79
,306,5100,train,4.5746,332938,1124.79
,307,5100,train,4.7090,334055,1124.76
,308,5100,train,4.6411,335190,1124.80
,309,5100,train,4.4308,336300,1124.75
,310,5100,train,4.5620,337435,1124.78
,311,5100,train,4.4334,338542,1124.73
,312,5100,train,4.4815,339686,1124.79
,313,5100,train,4.4936,340803,1124.76
,314,5100,train,4.4518,341935,1124.79
,315,5100,train,4.4426,343044,1124.73
,316,5100,train,4.3656,344174,1124.75
,317,5100,train,4.4073,345284,1124.70
,318,5100,train,4.3973,346415,1124.72
,319,5100,train,4.4233,347521,1124.66
,320,5100,train,4.5616,348653,1124.69
,321,5100,train,4.4796,349760,1124.63
,322,5100,train,4.3844,350894,1124.66
,323,5100,train,4.5184,352001,1124.60
,324,5100,train,4.7158,353134,1124.63
,325,5100,train,4.5237,354240,1124.57
,326,5100,train,4.4661,355373,1124.60
,327,5100,train,4.4892,356480,1124.54
,328,5100,train,4.5364,357612,1124.57
,329,5100,train,4.3485,358721,1124.52
,330,5100,train,4.5190,359853,1124.54
,331,5100,train,4.4911,360961,1124.49
,332,5100,train,4.3718,362092,1124.51
,333,5100,train,4.4539,363200,1124.46
,334,5100,train,4.3433,364331,1124.48
,335,5100,train,4.3453,365441,1124.43
,336,5100,train,4.5524,366573,1124.46
,337,5100,train,5.0124,367680,1124.40
,338,5100,train,4.4740,368825,1124.47
,339,5100,train,4.4996,369940,1124.44
,340,5100,train,4.4231,371072,1124.46
,341,5100,train,4.5624,372180,1124.41
,342,5100,train,4.3842,373312,1124.43
,343,5100,train,4.8152,374420,1124.39
,344,5100,train,4.4838,375553,1124.41
,345,5100,train,4.3277,376661,1124.36
,346,5100,train,4.2662,377794,1124.39
,347,5100,train,4.4323,378900,1124.33
,348,5100,train,4.4019,380032,1124.36
,349,5100,train,4.4258,381140,1124.31
,350,5100,train,4.3457,382272,1124.33
,351,5100,train,4.2551,383381,1124.28
,352,5100,train,4.5521,384513,1124.31
,353,5100,train,4.2247,385620,1124.26
,354,5100,train,4.4929,386749,1124.27
,355,5100,train,4.5102,387860,1124.23
,356,5100,train,4.2981,388990,1124.25
,357,5100,train,4.3160,390099,1124.21
,358,5100,train,4.5223,391230,1124.22
,359,5100,train,4.2830,392340,1124.18
,360,5100,train,4.3294,393470,1124.20
,361,5100,train,4.3218,394580,1124.16
,362,5100,train,4.1970,395711,1124.18
,363,5100,train,4.3527,396819,1124.13
,364,5100,train,4.3168,397953,1124.16
,365,5100,train,4.2979,399059,1124.11
,366,5100,train,4.3529,400193,1124.14
,367,5100,train,4.2449,401300,1124.09
,368,5100,train,4.3800,402432,1124.11
,369,5100,train,4.2999,403540,1124.07
,370,5100,train,4.1848,404695,1124.15
,371,5100,train,4.3910,405804,1124.11
,372,5100,train,4.2981,406933,1124.13
,373,5100,train,4.5136,408040,1124.08
,374,5100,train,4.3252,409172,1124.10
,375,5100,train,4.3421,410279,1124.05
,375,5100,val,4.3027,410280,1124.05
,376,5100,train,4.5570,411407,1124.06
,377,5100,train,4.1329,412517,1124.02
,378,5100,train,4.3623,413647,1124.04
,379,5100,train,4.3780,414755,1124.00
,380,5100,train,4.3059,415885,1124.01
,381,5100,train,4.2489,416995,1123.98
,382,5100,train,4.2390,418208,1124.22
,383,5100,train,4.2230,419319,1124.18
,384,5100,train,4.3225,420448,1124.19
,385,5100,train,4.1136,421556,1124.15
,386,5100,train,4.3309,422687,1124.17
,387,5100,train,4.2184,423795,1124.12
,388,5100,train,4.3894,424926,1124.14
,389,5100,train,4.2577,426035,1124.10
,390,5100,train,4.3232,427169,1124.13
,391,5100,train,4.1816,428274,1124.08
,392,5100,train,4.2576,429406,1124.10
,393,5100,train,4.2385,430516,1124.06
,394,5100,train,4.2424,431670,1124.14
,395,5100,train,4.2429,432777,1124.10
,396,5100,train,4.2204,433902,1124.10
,397,5100,train,4.0138,435012,1124.06
,398,5100,train,4.2492,436137,1124.06
,399,5100,train,4.2303,437240,1124.01
,400,5100,train,4.1666,438367,1124.02
,401,5100,train,4.2765,439475,1123.98
,402,5100,train,4.1643,440606,1124.00
,403,5100,train,4.4123,441715,1123.96
,404,5100,train,4.3394,442837,1123.95
,405,5100,train,4.2944,443951,1123.93
,406,5100,train,4.2966,445074,1123.93
,407,5100,train,4.2490,446182,1123.88
,408,5100,train,4.1721,447310,1123.89
,409,5100,train,4.2375,448415,1123.85
,410,5100,train,4.1785,449544,1123.86
,411,5100,train,4.2102,450655,1123.83
,412,5100,train,4.2087,451781,1123.83
,413,5100,train,4.1880,452892,1123.80
,414,5100,train,4.3048,454017,1123.81
,415,5100,train,4.1453,455131,1123.78
,416,5100,train,4.2082,456253,1123.77
,417,5100,train,4.3201,457356,1123.73
,418,5100,train,4.0812,458485,1123.74
,419,5100,train,4.3500,459595,1123.70
,420,5100,train,4.4130,460725,1123.72
,421,5100,train,4.1869,461834,1123.68
,422,5100,train,4.3213,462965,1123.70
,423,5100,train,4.0285,464075,1123.67
,424,5100,train,4.1792,465211,1123.70
,425,5100,train,4.0695,466317,1123.66
,426,5100,train,4.2673,467446,1123.67
,427,5100,train,4.2547,468556,1123.63
,428,5100,train,4.1708,469675,1123.62
,429,5100,train,4.2746,470777,1123.57
,430,5100,train,4.1122,471908,1123.59
,431,5100,train,4.0440,473015,1123.55
,432,5100,train,4.2512,474141,1123.56
,433,5100,train,4.2596,475254,1123.53
,434,5100,train,4.2597,476382,1123.54
,435,5100,train,4.1435,477494,1123.51
,436,5100,train,4.2315,478609,1123.50
,437,5100,train,4.2679,479714,1123.45
,438,5100,train,4.2000,480845,1123.47
,439,5100,train,4.2515,481953,1123.43
,440,5100,train,4.0884,483074,1123.43
,441,5100,train,4.1837,484185,1123.40
,442,5100,train,4.1429,485308,1123.40
,443,5100,train,4.0199,486414,1123.36
,444,5100,train,4.1766,487545,1123.37
,445,5100,train,4.4014,488653,1123.34
,446,5100,train,4.0401,489783,1123.36
,447,5100,train,4.2300,490893,1123.32
,448,5100,train,4.2452,492015,1123.32
,449,5100,train,4.1070,493128,1123.30
,450,5100,train,4.0759,494249,1123.29
,451,5100,train,4.1267,495354,1123.25
,452,5100,train,4.4685,496481,1123.26
,453,5100,train,4.3252,497592,1123.23
,454,5100,train,4.1741,498718,1123.24
,455,5100,train,4.0917,499831,1123.22
,456,5100,train,4.2063,500978,1123.27
,457,5100,train,4.1728,502081,1123.22
,458,5100,train,4.1549,503208,1123.23
,459,5100,train,4.2281,504315,1123.20
,460,5100,train,4.0772,505437,1123.19
,461,5100,train,4.1736,506545,1123.16
,462,5100,train,4.1299,507669,1123.16
,463,5100,train,3.9650,508774,1123.12
,464,5100,train,4.1098,509902,1123.13
,465,5100,train,4.2213,511008,1123.10
,466,5100,train,4.0953,512130,1123.09
,467,5100,train,4.1184,513235,1123.05
,468,5100,train,4.0934,514368,1123.07
,469,5100,train,4.2977,515474,1123.04
,470,5100,train,4.1459,516605,1123.06
,471,5100,train,3.9916,517715,1123.03
,472,5100,train,4.1982,518838,1123.03
,473,5100,train,4.0585,519944,1122.99
,474,5100,train,4.1779,521070,1123.00
,475,5100,train,4.2324,522175,1122.96
,476,5100,train,4.3999,523304,1122.97
,477,5100,train,4.2018,524414,1122.94
,478,5100,train,4.1748,525544,1122.96
,479,5100,train,4.1031,526654,1122.93
,480,5100,train,4.0484,527776,1122.93
,481,5100,train,4.1004,528887,1122.90
,482,5100,train,4.2186,530009,1122.90
,483,5100,train,4.1328,531115,1122.86
,484,5100,train,4.1805,532242,1122.87
,485,5100,train,4.1509,533352,1122.85
,486,5100,train,3.9763,534477,1122.85
,487,5100,train,4.1257,535583,1122.82
,488,5100,train,4.1182,536709,1122.82
,489,5100,train,4.1210,537814,1122.79
,490,5100,train,4.3389,538944,1122.80
,491,5100,train,4.0958,540054,1122.77
,492,5100,train,4.0219,541182,1122.78
,493,5100,train,4.1594,542293,1122.76
,494,5100,train,3.9377,543416,1122.76
,495,5100,train,4.1051,544527,1122.74
,496,5100,train,4.2807,545650,1122.74
,497,5100,train,4.1036,546755,1122.70
,498,5100,train,4.0652,547884,1122.71
,499,5100,train,4.0696,548994,1122.69
,500,5100,train,4.1825,550118,1122.69
,500,5100,val,4.0880,550119,1122.69
,501,5100,train,4.0803,551237,1122.68
,502,5100,train,4.0067,552362,1122.69
,503,5100,train,4.1249,553473,1122.66
,504,5100,train,3.9784,554598,1122.67
,505,5100,train,4.3711,555704,1122.63
,506,5100,train,4.0594,556830,1122.64
,507,5100,train,4.1451,557942,1122.62
,508,5100,train,4.3411,559064,1122.62
,509,5100,train,4.0095,560179,1122.60
,510,5100,train,4.1062,561300,1122.60
,511,5100,train,4.1184,562404,1122.56
,512,5100,train,3.9362,563545,1122.60
,513,5100,train,3.9243,564650,1122.56
,514,5100,train,4.1684,565776,1122.57
,515,5100,train,4.2880,566882,1122.54
,516,5100,train,4.1420,568015,1122.56
,517,5100,train,3.9835,569124,1122.53
,518,5100,train,4.1588,570243,1122.53
,519,5100,train,3.9046,571343,1122.48
,520,5100,train,4.1504,572475,1122.50
,521,5100,train,4.0162,573582,1122.47
,522,5100,train,3.9062,574708,1122.48
,523,5100,train,4.1669,575817,1122.45
,524,5100,train,3.9670,576938,1122.45
,525,5100,train,4.0313,578043,1122.41
,526,5100,train,4.0708,579172,1122.43
,527,5100,train,4.3132,580279,1122.40
,528,5100,train,4.0520,581406,1122.41
,529,5100,train,4.0107,582518,1122.39
,530,5100,train,4.0302,583639,1122.38
,531,5100,train,4.1407,584743,1122.35
,532,5100,train,4.0870,585871,1122.36
,533,5100,train,4.0873,586980,1122.33
,534,5100,train,4.1625,588100,1122.33
,535,5100,train,4.1230,589205,1122.29
,536,5100,train,4.0279,590333,1122.31
,537,5100,train,4.0512,591442,1122.28
,538,5100,train,3.9715,592570,1122.29
,539,5100,train,3.9671,593681,1122.27
,540,5100,train,4.0394,594799,1122.26
,541,5100,train,4.0013,595902,1122.23
,542,5100,train,4.0050,597053,1122.28
,543,5100,train,4.0693,598164,1122.26
,544,5100,train,4.0584,599288,1122.26
,545,5100,train,4.0878,600397,1122.24
,546,5100,train,4.1075,601518,1122.23
,547,5100,train,3.9508,602624,1122.20
,548,5100,train,4.2018,603754,1122.22
,549,5100,train,3.6651,604861,1122.19
,550,5100,train,4.1298,605993,1122.21
,551,5100,train,4.0862,607104,1122.19
,552,5100,train,3.9953,608226,1122.19
,553,5100,train,4.1256,609339,1122.17
,554,5100,train,4.0396,610459,1122.17
,555,5100,train,4.0293,611563,1122.13
,556,5100,train,4.1336,612693,1122.15
,557,5100,train,4.0662,613801,1122.12
,558,5100,train,3.9731,614918,1122.11
,559,5100,train,4.0662,616021,1122.08
,560,5100,train,3.9628,617153,1122.10
,561,5100,train,4.0189,618261,1122.07
,562,5100,train,4.0252,619390,1122.08
,563,5100,train,3.8536,620501,1122.06
,564,5100,train,4.0883,621620,1122.06
,565,5100,train,3.9701,622722,1122.02
,566,5100,train,3.9861,623852,1122.04
,567,5100,train,4.0864,624960,1122.01
,568,5100,train,4.0252,626080,1122.01
,569,5100,train,4.3296,627182,1121.97
,570,5100,train,4.0310,628313,1121.99
,571,5100,train,4.0049,629421,1121.96
,572,5100,train,3.9633,630645,1122.14
,573,5100,train,3.8670,631745,1122.11
,574,5100,train,3.9428,632874,1122.12
,575,5100,train,4.0916,633981,1122.09
,576,5100,train,3.9066,635104,1122.09
,577,5100,train,4.0343,636203,1122.05
,578,5100,train,4.0852,637333,1122.07
,579,5100,train,4.0080,638442,1122.04
,580,5100,train,4.2646,639562,1122.04
,581,5100,train,4.0223,640662,1122.00
,582,5100,train,4.0290,641792,1122.01
,583,5100,train,4.0214,642902,1121.99
,584,5100,train,4.0486,644024,1121.99
,585,5100,train,3.9757,645126,1121.96
,586,5100,train,3.9388,646255,1121.97
,587,5100,train,3.9866,647362,1121.94
,588,5100,train,4.3097,648493,1121.96
,589,5100,train,4.0462,649598,1121.93
,590,5100,train,3.8915,650719,1121.93
,591,5100,train,3.9716,651822,1121.90
,592,5100,train,3.9512,652944,1121.90
,593,5100,train,3.9076,654046,1121.86
,594,5100,train,4.0370,655174,1121.87
,595,5100,train,3.7989,656281,1121.85
,596,5100,train,4.2261,657406,1121.85
,597,5100,train,4.0934,658509,1121.82
,598,5100,train,3.8770,659634,1121.83
,599,5100,train,4.0093,660741,1121.80
,600,5100,train,3.9307,661863,1121.80
,601,5100,train,4.0248,662968,1121.77
,602,5100,train,3.9783,664093,1121.78
,603,5100,train,3.9894,665202,1121.76
,604,5100,train,4.2012,666331,1121.77
,605,5100,train,3.9424,667440,1121.75
,606,5100,train,3.9977,668560,1121.75
,607,5100,train,3.9214,669661,1121.71
,608,5100,train,4.1781,670787,1121.72
,609,5100,train,3.9769,671896,1121.70
,610,5100,train,3.9756,673016,1121.69
,611,5100,train,4.2025,674122,1121.67
,612,5100,train,4.0937,675243,1121.67
,613,5100,train,4.0130,676343,1121.63
,614,5100,train,4.0805,677471,1121.64
,615,5100,train,4.0092,678580,1121.62
,616,5100,train,4.0308,679700,1121.62
,617,5100,train,3.9488,680802,1121.59
,618,5100,train,3.9029,681925,1121.59
,619,5100,train,4.1204,683037,1121.57
,620,5100,train,4.1501,684156,1121.57
,621,5100,train,3.8856,685262,1121.54
,622,5100,train,3.9831,686390,1121.55
,623,5100,train,3.9492,687499,1121.53
,624,5100,train,4.0113,688620,1121.53
,625,5100,train,3.9944,689722,1121.50
,625,5100,val,3.9581,689722,1121.50
,626,5100,train,3.9671,690851,1121.51
,627,5100,train,4.0713,691962,1121.49
,628,5100,train,3.9964,693090,1121.51
,629,5100,train,4.0853,694193,1121.48
,630,5100,train,4.0050,695322,1121.49
,631,5100,train,3.7911,696431,1121.47
,632,5100,train,3.9213,697556,1121.47
,633,5100,train,4.0137,698666,1121.45
,634,5100,train,3.9746,699786,1121.45
,635,5100,train,4.0710,700891,1121.43
,636,5100,train,3.9117,702017,1121.43
,637,5100,train,4.0009,703129,1121.42
,638,5100,train,3.8390,704251,1121.42
,639,5100,train,3.9322,705358,1121.40
,640,5100,train,4.0673,706483,1121.40
,641,5100,train,3.9362,707590,1121.38
,642,5100,train,3.9334,708716,1121.39
,643,5100,train,4.1633,709827,1121.37
,644,5100,train,4.0271,710952,1121.38
,645,5100,train,4.0712,712057,1121.35
,646,5100,train,3.9167,713182,1121.36
,647,5100,train,3.8984,714290,1121.33
,648,5100,train,4.0146,715416,1121.34
,649,5100,train,4.0493,716528,1121.33
,650,5100,train,4.0041,717648,1121.32
,651,5100,train,3.9715,718751,1121.30
,652,5100,train,4.0246,719881,1121.31
,653,5100,train,3.9746,720988,1121.29
,654,5100,train,4.0004,722111,1121.29
,655,5100,train,3.8024,723211,1121.26
,656,5100,train,4.0953,724343,1121.27
,657,5100,train,3.8829,725450,1121.25
,658,5100,train,3.9805,726568,1121.25
,659,5100,train,3.9174,727671,1121.22
,660,5100,train,3.9833,728814,1121.25
,661,5100,train,4.0583,729915,1121.22
,662,5100,train,3.9679,731042,1121.23
,663,5100,train,3.8924,732151,1121.21
,664,5100,train,4.0296,733274,1121.21
,665,5100,train,3.9217,734379,1121.19
,666,5100,train,3.8331,735504,1121.20
,667,5100,train,3.8673,736611,1121.17
,668,5100,train,4.0060,737734,1121.18
,669,5100,train,3.9950,738844,1121.16
,670,5100,train,4.1178,739967,1121.16
,671,5100,train,4.0061,741071,1121.14
,672,5100,train,3.9723,742201,1121.15
,673,5100,train,4.2430,743310,1121.13
,674,5100,train,4.0308,744429,1121.13
,675,5100,train,3.8404,745531,1121.10
,676,5100,train,3.9571,746663,1121.11
,677,5100,train,4.2022,747770,1121.09
,678,5100,train,3.9453,748890,1121.09
,679,5100,train,3.9807,749991,1121.06
,680,5100,train,3.9347,751121,1121.08
,681,5100,train,4.0999,752229,1121.06
,682,5100,train,3.9014,753353,1121.06
,683,5100,train,3.9221,754463,1121.04
,684,5100,train,3.8048,755585,1121.05
,685,5100,train,3.9893,756690,1121.02
,686,5100,train,3.8569,757814,1121.03
,687,5100,train,3.8119,758920,1121.00
,688,5100,train,3.9211,760043,1121.01
,689,5100,train,3.8800,761150,1120.99
,690,5100,train,3.9533,762280,1121.00
,691,5100,train,3.9818,763391,1120.98
,692,5100,train,3.8050,764510,1120.98
,693,5100,train,4.0082,765614,1120.96
,694,5100,train,3.8501,766742,1120.97
,695,5100,train,3.7827,767850,1120.95
,696,5100,train,3.9602,768971,1120.95
,697,5100,train,4.1000,770077,1120.93
,698,5100,train,3.8908,771204,1120.94
,699,5100,train,3.9690,772311,1120.92
,700,5100,train,4.1486,773435,1120.92
,701,5100,train,3.9246,774543,1120.90
,702,5100,train,4.0255,775665,1120.90
,703,5100,train,3.8055,776770,1120.88
,704,5100,train,3.9423,777901,1120.90
,705,5100,train,3.9937,779011,1120.88
,706,5100,train,3.7913,780132,1120.88
,707,5100,train,3.9533,781236,1120.86
,708,5100,train,4.0200,782363,1120.86
,709,5100,train,3.8078,783470,1120.84
,710,5100,train,4.0019,784594,1120.85
,711,5100,train,3.7558,785707,1120.84
,712,5100,train,3.8833,786826,1120.83
,713,5100,train,3.8914,787930,1120.81
,714,5100,train,3.8059,789056,1120.82
,715,5100,train,3.9685,790165,1120.80
,716,5100,train,3.7744,791286,1120.80
,717,5100,train,3.8695,792390,1120.78
,718,5100,train,3.9723,793519,1120.79
,719,5100,train,3.7753,794630,1120.78
,720,5100,train,3.8249,795761,1120.79
,721,5100,train,4.2181,796869,1120.77
,722,5100,train,3.7744,797987,1120.77
,723,5100,train,3.9956,799089,1120.74
,724,5100,train,3.8377,800239,1120.78
,725,5100,train,3.9093,801349,1120.77
,726,5100,train,4.0472,802467,1120.76
,727,5100,train,3.8714,803570,1120.74
,728,5100,train,3.9113,804697,1120.75
,729,5100,train,3.8384,805804,1120.73
,730,5100,train,3.8728,806926,1120.73
,731,5100,train,4.0694,808031,1120.71
,732,5100,train,3.9861,809156,1120.71
,733,5100,train,3.7960,810263,1120.70
,734,5100,train,4.0871,811387,1120.70
,735,5100,train,3.8272,812491,1120.68
,736,5100,train,3.7773,813617,1120.68
,737,5100,train,3.9132,814724,1120.67
,738,5100,train,4.1800,815845,1120.67
,739,5100,train,3.8218,816950,1120.64
,740,5100,train,4.0415,818073,1120.65
,741,5100,train,3.9065,819184,1120.63
,742,5100,train,3.8432,820308,1120.64
,743,5100,train,3.8695,821412,1120.62
,744,5100,train,3.6535,822537,1120.62
,745,5100,train,3.9745,823647,1120.61
,746,5100,train,3.9369,824768,1120.61
,747,5100,train,3.8680,825870,1120.58
,748,5100,train,3.9387,826998,1120.59
,749,5100,train,3.8469,828110,1120.58
,750,5100,train,3.7820,829231,1120.58
,750,5100,val,3.8842,829231,1120.58
,751,5100,train,3.8112,830347,1120.58
,752,5100,train,3.8870,831469,1120.58
,753,5100,train,3.8635,832577,1120.56
,754,5100,train,3.9135,833695,1120.56
,755,5100,train,3.8514,834800,1120.54
,756,5100,train,4.2319,835922,1120.54
,757,5100,train,3.9631,837031,1120.52
,758,5100,train,3.8670,838154,1120.53
,759,5100,train,3.9011,839259,1120.51
,760,5100,train,3.8763,840387,1120.52
,761,5100,train,3.7504,841492,1120.49
,762,5100,train,3.8081,842613,1120.50
,763,5100,train,3.8626,843825,1120.62
,764,5100,train,3.9815,844950,1120.62
,765,5100,train,3.8639,846056,1120.60
,766,5100,train,3.9002,847175,1120.60
,767,5100,train,3.8524,848279,1120.58
,768,5100,train,3.8961,849402,1120.58
,769,5100,train,4.0629,850512,1120.57
,770,5100,train,3.9531,851632,1120.57
,771,5100,train,3.8759,852739,1120.55
,772,5100,train,3.6750,853862,1120.55
,773,5100,train,3.9310,854968,1120.53
,774,5100,train,3.7614,856092,1120.54
,775,5100,train,3.8282,857200,1120.52
,776,5100,train,4.2195,858331,1120.54
,777,5100,train,3.7477,859439,1120.52
,778,5100,train,3.8633,860561,1120.52
,779,5100,train,3.9690,861671,1120.51
,780,5100,train,3.9607,862815,1120.54
,781,5100,train,3.8507,863920,1120.52
,782,5100,train,3.8329,865040,1120.52
,783,5100,train,3.7002,866143,1120.50
,784,5100,train,3.8258,867272,1120.51
,785,5100,train,3.8049,868377,1120.49
,786,5100,train,3.7585,869495,1120.48
,787,5100,train,3.8365,870599,1120.46
,788,5100,train,3.9455,871724,1120.47
,789,5100,train,3.8320,872831,1120.45
,790,5100,train,3.8030,873955,1120.45
,791,5100,train,3.8577,875058,1120.43
,792,5100,train,3.8104,876182,1120.44
,793,5100,train,4.0821,877293,1120.42
,794,5100,train,4.0548,878414,1120.43
,795,5100,train,3.7731,879518,1120.40
,796,5100,train,3.8525,880639,1120.41
,797,5100,train,3.8594,881738,1120.38
,798,5100,train,4.2744,882869,1120.39
,799,5100,train,4.0097,883976,1120.38
,800,5100,train,4.0337,885093,1120.37
,801,5100,train,3.9826,886199,1120.35
,802,5100,train,3.7865,887327,1120.36
,803,5100,train,4.0995,888437,1120.35
,804,5100,train,3.8890,889554,1120.34
,805,5100,train,3.8496,890658,1120.32
,806,5100,train,3.8643,891783,1120.33
,807,5100,train,3.9145,892890,1120.31
,808,5100,train,3.7731,894016,1120.32
,809,5100,train,3.7474,895120,1120.30
,810,5100,train,3.9053,896268,1120.34
,811,5100,train,4.2854,897377,1120.32
,812,5100,train,3.8021,898495,1120.32
,813,5100,train,3.9089,899599,1120.30
,814,5100,train,3.9343,900727,1120.31
,815,5100,train,3.8524,901838,1120.30
,816,5100,train,4.0805,902953,1120.29
,817,5100,train,3.8335,904058,1120.27
,818,5100,train,3.8215,905181,1120.27
,819,5100,train,3.8243,906284,1120.25
,820,5100,train,3.8657,907412,1120.26
,821,5100,train,3.8516,908518,1120.24
,822,5100,train,3.9239,909638,1120.24
,823,5100,train,3.8811,910748,1120.23
,824,5100,train,3.8450,911871,1120.23
,825,5100,train,3.8394,912978,1120.22
,826,5100,train,3.8949,914101,1120.22
,827,5100,train,3.8212,915209,1120.21
,828,5100,train,3.9096,916334,1120.21
,829,5100,train,3.8099,917438,1120.19
,830,5100,train,3.8510,918559,1120.19
,831,5100,train,3.7817,919662,1120.17
,832,5100,train,3.9081,920790,1120.18
,833,5100,train,4.1114,921899,1120.17
,834,5100,train,3.8883,923026,1120.18
,835,5100,train,3.9810,924138,1120.17
,836,5100,train,3.8278,925260,1120.17
,837,5100,train,3.7567,926367,1120.15
,838,5100,train,3.7960,927495,1120.16
,839,5100,train,3.8950,928599,1120.14
,840,5100,train,3.8033,929723,1120.15
,841,5100,train,3.8787,930829,1120.13
,842,5100,train,3.9181,931966,1120.15
,843,5100,train,3.8614,933075,1120.14
,844,5100,train,3.6881,934196,1120.14
,845,5100,train,3.9431,935298,1120.12
,846,5100,train,3.8491,936426,1120.13
,847,5100,train,3.8098,937531,1120.11
,848,5100,train,3.8635,938653,1120.11
,849,5100,train,3.9039,939757,1120.09
,850,5100,train,3.9650,940887,1120.10
,851,5100,train,3.8682,941998,1120.09
,852,5100,train,4.1559,943113,1120.09
,853,5100,train,3.8455,944217,1120.07
,854,5100,train,3.8371,945349,1120.08
,855,5100,train,3.8434,946457,1120.07
,856,5100,train,3.8409,947579,1120.07
,857,5100,train,3.7961,948679,1120.05
,858,5100,train,3.8566,949811,1120.06
,859,5100,train,3.8857,950918,1120.04
,860,5100,train,3.5871,952046,1120.05
,861,5100,train,3.7227,953153,1120.04
,862,5100,train,3.8484,954274,1120.04
,863,5100,train,3.6648,955379,1120.02
,864,5100,train,3.7301,956507,1120.03
,865,5100,train,3.7983,957616,1120.02
,866,5100,train,3.9888,958736,1120.02
,867,5100,train,3.7531,959843,1120.00
,868,5100,train,3.7879,960968,1120.01
,869,5100,train,3.9700,962077,1120.00
,870,5100,train,3.8071,963199,1120.00
,871,5100,train,3.9246,964311,1119.99
,872,5100,train,3.9885,965455,1120.02
,873,5100,train,3.7950,966561,1120.00
,874,5100,train,3.8369,967687,1120.01
,875,5100,train,3.8843,968798,1120.00
,875,5100,val,3.8240,968799,1120.00
,876,5100,train,3.7996,969932,1120.01
,877,5100,train,3.8597,971042,1120.00
,878,5100,train,3.6667,972162,1120.00
,879,5100,train,3.8113,973263,1119.98
,880,5100,train,3.8885,974390,1119.99
,881,5100,train,3.6619,975503,1119.98
,882,5100,train,3.7719,976626,1119.98
,883,5100,train,3.9293,977732,1119.97
,884,5100,train,3.8534,978855,1119.97
,885,5100,train,3.7449,979964,1119.96
,886,5100,train,3.8010,981086,1119.96
,887,5100,train,3.7388,982189,1119.94
,888,5100,train,3.8409,983317,1119.95
,889,5100,train,4.0170,984422,1119.93
,890,5100,train,3.7955,985545,1119.94
,891,5100,train,3.7088,986650,1119.92
,892,5100,train,3.5936,987777,1119.93
,893,5100,train,3.6814,988884,1119.91
,894,5100,train,4.0128,990006,1119.92
,895,5100,train,3.8198,991105,1119.89
,896,5100,train,3.8260,992257,1119.93
,897,5100,train,3.7541,993360,1119.91
,898,5100,train,3.8189,994480,1119.91
,899,5100,train,3.8415,995584,1119.89
,900,5100,train,3.7984,996702,1119.89
,901,5100,train,3.7493,997803,1119.87
,902,5100,train,3.7880,998935,1119.88
,903,5100,train,3.7833,1000044,1119.87
,904,5100,train,4.2512,1001159,1119.87
,905,5100,train,3.7745,1002263,1119.85
,906,5100,train,3.8448,1003383,1119.85
,907,5100,train,3.6986,1004484,1119.83
,908,5100,train,3.8116,1005610,1119.83
,909,5100,train,3.9173,1006716,1119.82
,910,5100,train,3.8219,1007837,1119.82
,911,5100,train,3.9157,1008944,1119.80
,912,5100,train,3.7608,1010061,1119.80
,913,5100,train,3.7282,1011164,1119.78
,914,5100,train,3.7385,1012284,1119.78
,915,5100,train,3.8626,1013384,1119.76
,916,5100,train,3.8569,1014514,1119.77
,917,5100,train,3.7367,1015623,1119.76
,918,5100,train,3.8992,1016739,1119.76
,919,5100,train,3.7401,1017843,1119.74
,920,5100,train,3.7326,1018972,1119.75
,921,5100,train,3.6407,1020083,1119.74
,922,5100,train,3.8651,1021200,1119.74
,923,5100,train,3.6878,1022303,1119.72
,924,5100,train,3.7641,1023423,1119.72
,925,5100,train,3.7396,1024528,1119.70
,926,5100,train,3.7227,1025672,1119.73
,927,5100,train,3.8101,1026781,1119.72
,928,5100,train,3.7254,1027901,1119.72
,929,5100,train,3.6538,1029005,1119.70
,930,5100,train,3.8498,1030134,1119.71
,931,5100,train,3.8978,1031242,1119.70
,932,5100,train,3.9170,1032361,1119.70
,933,5100,train,3.8900,1033463,1119.68
,934,5100,train,4.0837,1034584,1119.68
,935,5100,train,3.7070,1035695,1119.67
,936,5100,train,3.9868,1036818,1119.67
,937,5100,train,3.6991,1037923,1119.66
,938,5100,train,4.0215,1039048,1119.66
,939,5100,train,3.9005,1040153,1119.65
,940,5100,train,3.7729,1041278,1119.65
,941,5100,train,3.7648,1042384,1119.64
,942,5100,train,3.7147,1043512,1119.65
,943,5100,train,4.3705,1044618,1119.63
,944,5100,train,3.6918,1045738,1119.63
,945,5100,train,4.0803,1046844,1119.62
,946,5100,train,3.7608,1047971,1119.63
,947,5100,train,3.9994,1049078,1119.61
,948,5100,train,3.7194,1050199,1119.62
,949,5100,train,4.1083,1051303,1119.60
,950,5100,train,3.7987,1052429,1119.61
,951,5100,train,3.7499,1053538,1119.59
,952,5100,train,3.6785,1054657,1119.59
,953,5100,train,3.8279,1055765,1119.58
,954,5100,train,3.7628,1057064,1119.77
,955,5100,train,3.7748,1058167,1119.75
,956,5100,train,3.8891,1059290,1119.76
,957,5100,train,3.8714,1060391,1119.74
,958,5100,train,4.0098,1061539,1119.77
,959,5100,train,3.7328,1062644,1119.75
,960,5100,train,4.0535,1063764,1119.75
,961,5100,train,3.7887,1064866,1119.73
,962,5100,train,3.7423,1065994,1119.74
,963,5100,train,3.6662,1067102,1119.73
,964,5100,train,3.6975,1068229,1119.74
,965,5100,train,3.7739,1069336,1119.72
,966,5100,train,3.7568,1070457,1119.73
,967,5100,train,3.9080,1071562,1119.71
,968,5100,train,3.8250,1072688,1119.72
,969,5100,train,3.9144,1073800,1119.71
,970,5100,train,3.8488,1074920,1119.71
,971,5100,train,3.9782,1076024,1119.69
,972,5100,train,3.7485,1077153,1119.70
,973,5100,train,4.0046,1078263,1119.69
,974,5100,train,3.7557,1079379,1119.69
,975,5100,train,3.8586,1080483,1119.67
,976,5100,train,3.7744,1081613,1119.68
,977,5100,train,3.6982,1082722,1119.67
,978,5100,train,3.8053,1083845,1119.67
,979,5100,train,3.7691,1084956,1119.67
,980,5100,train,3.7484,1086077,1119.67
,981,5100,train,3.7749,1087184,1119.65
,982,5100,train,3.8174,1088315,1119.67
,983,5100,train,3.8312,1089422,1119.65
,984,5100,train,3.7955,1090546,1119.66
,985,5100,train,3.8452,1091657,1119.65
,986,5100,train,3.8149,1092778,1119.65
,987,5100,train,3.9845,1093883,1119.63
,988,5100,train,3.6443,1095029,1119.66
,989,5100,train,3.7856,1096140,1119.65
,990,5100,train,3.7374,1097266,1119.66
,991,5100,train,3.7095,1098373,1119.65
,992,5100,train,3.8558,1099498,1119.65
,993,5100,train,3.7373,1100605,1119.64
,994,5100,train,3.7616,1101733,1119.65
,995,5100,train,3.8388,1102845,1119.64
,996,5100,train,3.6842,1103965,1119.64
,997,5100,train,3.5729,1105074,1119.63
,998,5100,train,3.9296,1106200,1119.64
,999,5100,train,3.8168,1107304,1119.62
,1000,5100,train,3.7825,1108437,1119.63
,1000,5100,val,3.7705,1108438,1119.63
,1001,5100,train,3.7441,1109556,1119.63
,1002,5100,train,3.6497,1110677,1119.63
,1003,5100,train,3.7065,1111782,1119.62
,1004,5100,train,3.7012,1112923,1119.64
,1005,5100,train,3.8964,1114023,1119.62
,1006,5100,train,3.9022,1115148,1119.63
,1007,5100,train,3.8817,1116259,1119.62
,1008,5100,train,3.8170,1117376,1119.62
,1009,5100,train,3.8124,1118481,1119.60
,1010,5100,train,3.6237,1119608,1119.61
,1011,5100,train,3.8541,1120716,1119.60
,1012,5100,train,3.7791,1121845,1119.61
,1013,5100,train,3.8616,1122957,1119.60
,1014,5100,train,3.8727,1124076,1119.60
,1015,5100,train,3.8015,1125181,1119.58
,1016,5100,train,3.7484,1126307,1119.59
,1017,5100,train,3.9524,1127417,1119.58
,1018,5100,train,3.9263,1128537,1119.58
,1019,5100,train,3.7171,1129641,1119.57
,1020,5100,train,3.8812,1130766,1119.57
,1021,5100,train,3.8135,1131876,1119.56
,1022,5100,train,3.6523,1132997,1119.56
,1023,5100,train,3.7352,1134101,1119.55
,1024,5100,train,3.7881,1135229,1119.56
,1025,5100,train,3.5151,1136339,1119.55
,1026,5100,train,3.7640,1137465,1119.55
,1027,5100,train,3.6537,1138574,1119.54
,1028,5100,train,3.7510,1139696,1119.54
,1029,5100,train,3.6914,1140800,1119.53
,1030,5100,train,4.0146,1141931,1119.54
,1031,5100,train,3.7102,1143041,1119.53
,1032,5100,train,3.6888,1144165,1119.53
,1033,5100,train,3.7388,1145278,1119.53
,1034,5100,train,3.8671,1146400,1119.53
,1035,5100,train,3.7895,1147503,1119.52
,1036,5100,train,3.6800,1148635,1119.53
,1037,5100,train,3.8197,1149739,1119.51
,1038,5100,train,3.8117,1150858,1119.51
,1039,5100,train,3.9055,1151960,1119.49
,1040,5100,train,3.6946,1153078,1119.49
,1041,5100,train,3.8152,1154180,1119.48
,1042,5100,train,3.9760,1155300,1119.48
,1043,5100,train,3.8669,1156401,1119.46
,1044,5100,train,3.5930,1157547,1119.48
,1045,5100,train,3.8345,1158648,1119.47
,1046,5100,train,3.7242,1159773,1119.47
,1047,5100,train,3.6111,1160881,1119.46
,1048,5100,train,3.7396,1161996,1119.46
,1049,5100,train,3.8109,1163100,1119.44
,1050,5100,train,3.6612,1164230,1119.45
,1051,5100,train,3.7425,1165340,1119.44
,1052,5100,train,3.8075,1166457,1119.44
,1053,5100,train,3.6425,1167560,1119.42
,1054,5100,train,3.6586,1168683,1119.43
,1055,5100,train,3.8003,1169789,1119.41
,1056,5100,train,3.8437,1170912,1119.42
,1057,5100,train,3.6698,1172019,1119.41
,1058,5100,train,3.8441,1173137,1119.41
,1059,5100,train,3.7563,1174240,1119.39
,1060,5100,train,3.7328,1175367,1119.40
,1061,5100,train,3.9094,1176474,1119.38
,1062,5100,train,3.8021,1177595,1119.39
,1063,5100,train,3.6681,1178701,1119.37
,1064,5100,train,3.7856,1179822,1119.38
,1065,5100,train,3.7417,1180925,1119.36
,1066,5100,train,3.6935,1182051,1119.37
,1067,5100,train,3.7856,1183159,1119.36
,1068,5100,train,3.7269,1184279,1119.36
,1069,5100,train,3.8451,1185383,1119.34
,1070,5100,train,3.8162,1186510,1119.35
,1071,5100,train,3.8039,1187619,1119.34
,1072,5100,train,3.7650,1188737,1119.34
,1073,5100,train,3.7977,1189840,1119.32
,1074,5100,train,3.6674,1190970,1119.33
,1075,5100,train,3.7004,1192080,1119.32
,1076,5100,train,3.8262,1193207,1119.33
,1077,5100,train,3.7026,1194318,1119.32
,1078,5100,train,3.7864,1195435,1119.32
,1079,5100,train,3.8726,1196540,1119.31
,1080,5100,train,3.6598,1197668,1119.32
,1081,5100,train,3.8724,1198777,1119.31
,1082,5100,train,3.7853,1199895,1119.30
,1083,5100,train,3.7820,1201001,1119.29
,1084,5100,train,3.7484,1202128,1119.30
,1085,5100,train,3.9421,1203240,1119.29
,1086,5100,train,3.8528,1204366,1119.30
,1087,5100,train,3.7556,1205475,1119.29
,1088,5100,train,3.7811,1206596,1119.29
,1089,5100,train,3.7747,1207700,1119.28
,1090,5100,train,3.8564,1208831,1119.29
,1091,5100,train,3.8061,1209939,1119.28
,1092,5100,train,3.6990,1211061,1119.28
,1093,5100,train,3.7404,1212169,1119.27
,1094,5100,train,3.9689,1213295,1119.28
,1095,5100,train,3.7001,1214400,1119.26
,1096,5100,train,3.4430,1215519,1119.26
,1097,5100,train,3.8113,1216621,1119.25
,1098,5100,train,3.5914,1217749,1119.25
,1099,5100,train,3.8713,1218857,1119.24
,1100,5100,train,3.8784,1219974,1119.24
,1101,5100,train,3.7808,1221080,1119.23
,1102,5100,train,3.8372,1222199,1119.23
,1103,5100,train,3.8247,1223305,1119.22
,1104,5100,train,3.8226,1224434,1119.23
,1105,5100,train,3.6941,1225539,1119.21
,1106,5100,train,3.7020,1226689,1119.24
,1107,5100,train,3.8289,1227793,1119.23
,1108,5100,train,3.6886,1228920,1119.23
,1109,5100,train,3.8553,1230022,1119.22
,1110,5100,train,3.7037,1231152,1119.23
,1111,5100,train,3.8059,1232261,1119.22
,1112,5100,train,3.6758,1233392,1119.23
,1113,5100,train,3.7579,1234500,1119.22
,1114,5100,train,3.5772,1235629,1119.23
,1115,5100,train,3.6063,1236739,1119.22
,1116,5100,train,3.9193,1237861,1119.22
,1117,5100,train,3.7166,1238967,1119.21
,1118,5100,train,3.7380,1240095,1119.22
,1119,5100,train,3.6810,1241202,1119.21
,1120,5100,train,3.7367,1242335,1119.22
,1121,5100,train,3.7382,1243442,1119.21
,1122,5100,train,3.7185,1244572,1119.22
,1123,5100,train,3.9250,1245681,1119.21
,1124,5100,train,3.8385,1246813,1119.22
,1125,5100,train,3.6466,1247920,1119.21
,1125,5100,val,3.7308,1247921,1119.21
,1126,5100,train,3.6608,1249054,1119.22
,1127,5100,train,3.7518,1250162,1119.21
,1128,5100,train,3.7016,1251292,1119.22
,1129,5100,train,3.5581,1252401,1119.21
,1130,5100,train,3.6898,1253553,1119.24
,1131,5100,train,3.7186,1254663,1119.24
,1132,5100,train,3.6984,1255789,1119.24
,1133,5100,train,3.8293,1256901,1119.24
,1134,5100,train,3.7948,1258034,1119.25
,1135,5100,train,3.7030,1259142,1119.24
,1136,5100,train,4.0387,1260274,1119.25
,1137,5100,train,3.6314,1261383,1119.24
,1138,5100,train,4.0368,1262515,1119.25
,1139,5100,train,3.8076,1263622,1119.24
,1140,5100,train,4.4907,1264750,1119.25
,1141,5100,train,3.6788,1265861,1119.24
,1142,5100,train,3.5369,1266992,1119.25
,1143,5100,train,3.7424,1268104,1119.24
,1144,5100,train,3.8718,1269314,1119.32
,1145,5100,train,3.7706,1270421,1119.31
,1146,5100,train,3.6847,1271551,1119.32
,1147,5100,train,3.7811,1272662,1119.32
,1148,5100,train,3.9079,1273785,1119.32
,1149,5100,train,3.8764,1274899,1119.31
,1150,5100,train,3.7865,1276021,1119.32
,1151,5100,train,3.8112,1277133,1119.31
,1152,5100,train,3.6634,1278257,1119.31
,1153,5100,train,3.6870,1279362,1119.30
,1154,5100,train,3.6515,1280494,1119.31
,1155,5100,train,3.7883,1281601,1119.30
,1156,5100,train,3.7619,1282733,1119.31
,1157,5100,train,3.8324,1283842,1119.30
,1158,5100,train,3.6757,1284977,1119.32
,1159,5100,train,3.8484,1286081,1119.30
,1160,5100,train,3.8021,1287217,1119.32
,1161,5100,train,3.6253,1288324,1119.31
,1162,5100,train,3.6389,1289459,1119.32
,1163,5100,train,3.6371,1290564,1119.31
,1164,5100,train,3.4703,1291696,1119.32
,1165,5100,train,3.7636,1292801,1119.31
,1166,5100,train,3.7361,1293934,1119.32
,1167,5100,train,3.5944,1295042,1119.31
,1168,5100,train,3.5951,1296172,1119.32
,1169,5100,train,3.6891,1297282,1119.31
,1170,5100,train,3.6931,1298414,1119.32
,1171,5100,train,4.0270,1299520,1119.31
,1172,5100,train,3.7098,1300649,1119.32
,1173,5100,train,3.7144,1301759,1119.31
,1174,5100,train,3.6437,1302876,1119.31
,1175,5100,train,3.7210,1303981,1119.30
,1176,5100,train,3.8645,1305107,1119.30
,1177,5100,train,3.6982,1306214,1119.29
,1178,5100,train,3.7148,1307336,1119.29
,1179,5100,train,3.7672,1308441,1119.28
,1180,5100,train,3.7477,1309569,1119.29
,1181,5100,train,3.8113,1310678,1119.28
,1182,5100,train,3.7241,1311798,1119.28
,1183,5100,train,3.7569,1312902,1119.27
,1184,5100,train,3.6658,1314033,1119.28
,1185,5100,train,3.7241,1315141,1119.27
,1186,5100,train,3.6541,1316267,1119.27
,1187,5100,train,3.8183,1317375,1119.26
,1188,5100,train,3.8853,1318498,1119.27
,1189,5100,train,3.6793,1319601,1119.25
,1190,5100,train,3.7303,1320728,1119.26
,1191,5100,train,3.7621,1321839,1119.25
,1192,5100,train,3.5957,1322999,1119.29
,1193,5100,train,3.7656,1324104,1119.28
,1194,5100,train,3.9140,1325234,1119.29
,1195,5100,train,3.7156,1326342,1119.28
,1196,5100,train,3.6036,1327462,1119.28
,1197,5100,train,3.8984,1328562,1119.26
,1198,5100,train,3.6996,1329692,1119.27
,1199,5100,train,3.7005,1330801,1119.26
,1200,5100,train,3.6004,1331922,1119.26
,1201,5100,train,3.6138,1333023,1119.25
,1202,5100,train,3.6682,1334154,1119.26
,1203,5100,train,3.7482,1335261,1119.25
,1204,5100,train,3.8344,1336384,1119.25
,1205,5100,train,3.8961,1337489,1119.24
,1206,5100,train,3.7346,1338618,1119.25
,1207,5100,train,3.6639,1339723,1119.23
,1208,5100,train,3.7441,1340850,1119.24
,1209,5100,train,3.7957,1341961,1119.23
,1210,5100,train,3.8446,1343089,1119.24
,1211,5100,train,3.7268,1344201,1119.23
,1212,5100,train,3.5762,1345333,1119.25
,1213,5100,train,3.6275,1346441,1119.24
,1214,5100,train,3.7295,1347571,1119.24
,1215,5100,train,3.7337,1348680,1119.24
,1216,5100,train,3.7717,1349811,1119.25
,1217,5100,train,3.6620,1350920,1119.24
,1218,5100,train,3.7118,1352050,1119.25
,1219,5100,train,3.6571,1353161,1119.24
,1220,5100,train,3.6557,1354291,1119.25
,1221,5100,train,3.7535,1355403,1119.24
,1222,5100,train,3.5951,1356539,1119.26
,1223,5100,train,3.8155,1357646,1119.25
,1224,5100,train,3.8446,1358778,1119.26
,1225,5100,train,3.7804,1359884,1119.25
,1226,5100,train,3.6103,1361014,1119.26
,1227,5100,train,3.6198,1362121,1119.25
,1228,5100,train,3.6937,1363253,1119.26
,1229,5100,train,3.6724,1364361,1119.25
,1230,5100,train,3.6066,1365493,1119.26
,1231,5100,train,3.7838,1366601,1119.25
,1232,5100,train,3.7055,1367734,1119.26
,1233,5100,train,3.7681,1368841,1119.25
,1234,5100,train,3.9168,1369971,1119.26
,1235,5100,train,3.8135,1371080,1119.25
,1236,5100,train,3.7518,1372206,1119.25
,1237,5100,train,3.9097,1373319,1119.25
,1238,5100,train,3.6729,1374452,1119.26
,1239,5100,train,3.6329,1375561,1119.25
,1240,5100,train,3.5865,1376694,1119.26
,1241,5100,train,3.6651,1377802,1119.25
,1242,5100,train,3.6702,1378931,1119.26
,1243,5100,train,3.7087,1380040,1119.25
,1244,5100,train,3.7720,1381172,1119.26
,1245,5100,train,3.6313,1382282,1119.26
,1246,5100,train,3.7314,1383414,1119.27
,1247,5100,train,3.7483,1384522,1119.26
,1248,5100,train,3.7463,1385652,1119.27
,1249,5100,train,3.5750,1386761,1119.26
,1250,5100,train,3.7202,1387888,1119.26
,1250,5100,val,3.6961,1387889,1119.27
,1251,5100,train,3.7873,1389004,1119.26
,1252,5100,train,3.7421,1390130,1119.27
,1253,5100,train,3.6521,1391232,1119.25
,1254,5100,train,3.8509,1392361,1119.26
,1255,5100,train,3.7192,1393469,1119.25
,1256,5100,train,3.6445,1394602,1119.26
,1257,5100,train,3.7793,1395710,1119.25
,1258,5100,train,3.8476,1396838,1119.26
,1259,5100,train,3.6528,1397950,1119.26
,1260,5100,train,3.6703,1399073,1119.26
,1261,5100,train,3.7358,1400177,1119.25
,1262,5100,train,3.6803,1401305,1119.25
,1263,5100,train,3.5370,1402411,1119.24
,1264,5100,train,3.6324,1403537,1119.25
,1265,5100,train,3.7200,1404649,1119.24
,1266,5100,train,3.5502,1405766,1119.24
,1267,5100,train,3.7785,1406871,1119.23
,1268,5100,train,3.7618,1407999,1119.24
,1269,5100,train,3.7645,1409108,1119.23
,1270,5100,train,3.7053,1410230,1119.23
,1271,5100,train,3.7475,1411335,1119.22
,1272,5100,train,3.6008,1412464,1119.23
,1273,5100,train,3.4431,1413572,1119.22
,1274,5100,train,3.7202,1414703,1119.23
,1275,5100,train,3.6846,1415809,1119.22
,1276,5100,train,3.7437,1416935,1119.22
,1277,5100,train,3.6869,1418039,1119.21
,1278,5100,train,3.7789,1419187,1119.23
,1279,5100,train,3.8128,1420291,1119.22
,1280,5100,train,3.7623,1421412,1119.22
,1281,5100,train,3.7505,1422517,1119.21
,1282,5100,train,3.5827,1423642,1119.22
,1283,5100,train,3.7046,1424751,1119.21
,1284,5100,train,3.7655,1425870,1119.21
,1285,5100,train,3.8094,1426972,1119.19
,1286,5100,train,3.6928,1428102,1119.20
,1287,5100,train,3.7275,1429210,1119.19
,1288,5100,train,3.7044,1430337,1119.20
,1289,5100,train,3.6812,1431450,1119.19
,1290,5100,train,3.8118,1432566,1119.19
,1291,5100,train,3.6457,1433670,1119.18
,1292,5100,train,3.7223,1434800,1119.19
,1293,5100,train,3.7980,1435909,1119.18
,1294,5100,train,3.7193,1437030,1119.18
,1295,5100,train,3.8280,1438132,1119.17
,1296,5100,train,3.8509,1439263,1119.18
,1297,5100,train,3.8203,1440370,1119.17
,1298,5100,train,3.6259,1441496,1119.17
,1299,5100,train,3.7001,1442603,1119.16
,1300,5100,train,3.5941,1443725,1119.17
,1301,5100,train,3.6707,1444830,1119.16
,1302,5100,train,3.7375,1445952,1119.16
,1303,5100,train,3.7478,1447059,1119.15
,1304,5100,train,3.7565,1448184,1119.15
,1305,5100,train,3.9078,1449290,1119.14
,1306,5100,train,3.6796,1450412,1119.14
,1307,5100,train,3.8798,1451526,1119.14
,1308,5100,train,3.6106,1452660,1119.15
,1309,5100,train,3.7961,1453770,1119.15
,1310,5100,train,3.7994,1454906,1119.16
,1311,5100,train,3.6671,1456012,1119.15
,1312,5100,train,3.6263,1457140,1119.15
,1313,5100,train,3.6565,1458250,1119.15
,1314,5100,train,3.6242,1459380,1119.16
,1315,5100,train,3.7536,1460491,1119.15
,1316,5100,train,3.6897,1461618,1119.16
,1317,5100,train,3.4128,1462729,1119.15
,1318,5100,train,3.6435,1463846,1119.15
,1319,5100,train,3.7144,1464952,1119.14
,1320,5100,train,3.7479,1466086,1119.15
,1321,5100,train,3.6362,1467191,1119.14
,1322,5100,train,3.7592,1468321,1119.15
,1323,5100,train,3.8110,1469430,1119.14
,1324,5100,train,3.6988,1470555,1119.14
,1325,5100,train,3.6511,1471668,1119.14
,1326,5100,train,3.6873,1472797,1119.15
,1327,5100,train,3.7746,1473909,1119.14
,1328,5100,train,3.8330,1475028,1119.14
,1329,5100,train,3.5895,1476133,1119.13
,1330,5100,train,3.5097,1477264,1119.14
,1331,5100,train,3.8181,1478372,1119.13
,1332,5100,train,3.6689,1479505,1119.14
,1333,5100,train,3.7864,1480613,1119.13
,1334,5100,train,3.6285,1481743,1119.14
,1335,5100,train,3.7575,1482926,1119.19
,1336,5100,train,3.7363,1484058,1119.20
,1337,5100,train,3.6191,1485169,1119.19
,1338,5100,train,3.7000,1486302,1119.20
,1339,5100,train,3.7248,1487411,1119.20
,1340,5100,train,3.7132,1488558,1119.22
,1341,5100,train,3.6375,1489669,1119.21
,1342,5100,train,3.6668,1490790,1119.21
,1343,5100,train,3.8333,1491897,1119.20
,1344,5100,train,3.5832,1493024,1119.21
,1345,5100,train,3.6545,1494130,1119.20
,1346,5100,train,3.8710,1495267,1119.21
,1347,5100,train,3.7138,1496373,1119.20
,1348,5100,train,3.7453,1497507,1119.21
,1349,5100,train,3.6638,1498612,1119.20
,1350,5100,train,3.9426,1499743,1119.21
,1351,5100,train,3.6840,1500850,1119.20
,1352,5100,train,3.4957,1501985,1119.21
,1353,5100,train,3.6316,1503091,1119.20
,1354,5100,train,3.6209,1504226,1119.22
,1355,5100,train,3.7029,1505330,1119.20
,1356,5100,train,3.7669,1506464,1119.22
,1357,5100,train,3.7047,1507572,1119.21
,1358,5100,train,3.7724,1508703,1119.22
,1359,5100,train,3.6072,1509811,1119.21
,1360,5100,train,3.6182,1510939,1119.21
,1361,5100,train,4.7043,1512050,1119.21
,1362,5100,train,3.6512,1513181,1119.22
,1363,5100,train,3.6329,1514291,1119.21
,1364,5100,train,3.6338,1515414,1119.21
,1365,5100,train,3.5071,1516526,1119.21
,1366,5100,train,3.7286,1517647,1119.21
,1367,5100,train,3.4234,1518754,1119.20
,1368,5100,train,3.7237,1519882,1119.21
,1369,5100,train,3.7629,1520989,1119.20
,1370,5100,train,3.7374,1522126,1119.21
,1371,5100,train,3.7919,1523228,1119.20
,1372,5100,train,4.0060,1524360,1119.21
,1373,5100,train,3.6702,1525467,1119.20
,1374,5100,train,3.7707,1526599,1119.21
,1375,5100,train,4.2507,1527708,1119.20
,1375,5100,val,3.6696,1527708,1119.20
,1376,5100,train,3.6557,1528834,1119.21
,1377,5100,train,3.6799,1529944,1119.20
,1378,5100,train,3.6266,1531074,1119.21
,1379,5100,train,3.7509,1532184,1119.20
,1380,5100,train,3.7570,1533310,1119.20
,1381,5100,train,3.6702,1534412,1119.19
,1382,5100,train,3.9458,1535540,1119.20
,1383,5100,train,3.6566,1536647,1119.19
,1384,5100,train,3.7574,1537765,1119.19
,1385,5100,train,3.6756,1538866,1119.18
,1386,5100,train,3.8301,1539996,1119.18
,1387,5100,train,3.5220,1541104,1119.17
,1388,5100,train,3.6532,1542223,1119.17
,1389,5100,train,3.5841,1543325,1119.16
,1390,5100,train,3.7263,1544455,1119.17
,1391,5100,train,3.7616,1545563,1119.16
,1392,5100,train,3.7297,1546687,1119.17
,1393,5100,train,3.6855,1547797,1119.16
,1394,5100,train,3.7814,1548935,1119.17
,1395,5100,train,3.7082,1550044,1119.17
,1396,5100,train,3.5987,1551163,1119.17
,1397,5100,train,3.8032,1552265,1119.15
,1398,5100,train,3.6118,1553394,1119.16
,1399,5100,train,3.6589,1554503,1119.15
,1400,5100,train,3.8452,1555619,1119.15
,1401,5100,train,3.6077,1556724,1119.14
,1402,5100,train,3.6006,1557853,1119.15
,1403,5100,train,3.6244,1558962,1119.14
,1404,5100,train,3.8693,1560079,1119.14
,1405,5100,train,3.5623,1561183,1119.13
,1406,5100,train,3.5577,1562304,1119.13
,1407,5100,train,3.7558,1563409,1119.12
,1408,5100,train,3.8528,1564536,1119.12
,1409,5100,train,3.5215,1565644,1119.12
,1410,5100,train,3.6937,1566761,1119.11
,1411,5100,train,3.8070,1567864,1119.10
,1412,5100,train,3.8407,1568993,1119.11
,1413,5100,train,3.7523,1570102,1119.10
,1414,5100,train,3.5060,1571218,1119.10
,1415,5100,train,3.5819,1572324,1119.09
,1416,5100,train,3.7354,1573445,1119.09
,1417,5100,train,3.6656,1574550,1119.08
,1418,5100,train,3.5407,1575679,1119.09
,1419,5100,train,3.7146,1576783,1119.08
,1420,5100,train,3.6308,1577900,1119.08
,1421,5100,train,3.6150,1579003,1119.07
,1422,5100,train,3.6482,1580126,1119.07
,1423,5100,train,3.9221,1581233,1119.06
,1424,5100,train,3.8765,1582359,1119.07
,1425,5100,train,3.5601,1583463,1119.06
,1426,5100,train,3.6285,1584587,1119.06
,1427,5100,train,3.5336,1585687,1119.05
,1428,5100,train,3.7218,1586810,1119.05
,1429,5100,train,3.7246,1587916,1119.04
,1430,5100,train,3.8026,1589037,1119.04
,1431,5100,train,3.6097,1590144,1119.03
,1432,5100,train,3.5033,1591260,1119.03
,1433,5100,train,3.7264,1592363,1119.02
,1434,5100,train,3.6588,1593490,1119.02
,1435,5100,train,3.6046,1594597,1119.02
,1436,5100,train,3.7036,1595718,1119.02
,1437,5100,train,3.6054,1596824,1119.01
,1438,5100,train,3.6379,1597948,1119.01
,1439,5100,train,3.6849,1599057,1119.00
,1440,5100,train,3.7753,1600186,1119.01
,1441,5100,train,3.7451,1601287,1119.00
,1442,5100,train,3.6794,1602415,1119.01
,1443,5100,train,3.5622,1603524,1119.00
,1444,5100,train,3.5538,1604648,1119.00
,1445,5100,train,3.6583,1605757,1118.99
,1446,5100,train,3.6046,1606879,1119.00
,1447,5100,train,3.7063,1607984,1118.99
,1448,5100,train,3.6696,1609110,1118.99
,1449,5100,train,3.7464,1610224,1118.99
,1450,5100,train,3.6188,1611340,1118.99
,1451,5100,train,3.6082,1612451,1118.98
,1452,5100,train,3.6805,1613576,1118.98
,1453,5100,train,3.6552,1614682,1118.98
,1454,5100,train,3.6633,1615803,1118.98
,1455,5100,train,3.4303,1616907,1118.97
,1456,5100,train,3.6309,1618055,1118.99
,1457,5100,train,3.6096,1619164,1118.98
,1458,5100,train,3.6961,1620293,1118.99
,1459,5100,train,3.6712,1621403,1118.98
,1460,5100,train,3.6993,1622533,1118.99
,1461,5100,train,3.6756,1623644,1118.98
,1462,5100,train,3.4006,1624772,1118.99
,1463,5100,train,3.6793,1625881,1118.98
,1464,5100,train,3.6634,1627000,1118.98
,1465,5100,train,3.6657,1628103,1118.97
,1466,5100,train,3.7048,1629231,1118.98
,1467,5100,train,4.0471,1630345,1118.97
,1468,5100,train,3.6476,1631469,1118.98
,1469,5100,train,3.7408,1632575,1118.97
,1470,5100,train,3.6341,1633702,1118.97
,1471,5100,train,3.6281,1634806,1118.96
,1472,5100,train,3.6382,1635937,1118.97
,1473,5100,train,3.7300,1637046,1118.96
,1474,5100,train,3.6524,1638169,1118.97
,1475,5100,train,3.6621,1639280,1118.96
,1476,5100,train,3.7904,1640402,1118.96
,1477,5100,train,3.6351,1641506,1118.95
,1478,5100,train,3.4981,1642637,1118.96
,1479,5100,train,3.6252,1643745,1118.96
,1480,5100,train,3.6825,1644877,1118.96
,1481,5100,train,3.6119,1645984,1118.96
,1482,5100,train,3.5997,1647117,1118.97
,1483,5100,train,3.7030,1648224,1118.96
,1484,5100,train,3.4532,1649355,1118.97
,1485,5100,train,3.7286,1650465,1118.96
,1486,5100,train,3.6222,1651613,1118.98
,1487,5100,train,3.6047,1652724,1118.97
,1488,5100,train,3.5669,1653860,1118.99
,1489,5100,train,3.6270,1654967,1118.98
,1490,5100,train,3.4989,1656098,1118.99
,1491,5100,train,3.6700,1657205,1118.98
,1492,5100,train,3.5805,1658336,1118.99
,1493,5100,train,3.5221,1659445,1118.98
,1494,5100,train,3.5338,1660578,1118.99
,1495,5100,train,3.6162,1661684,1118.98
,1496,5100,train,3.5450,1662816,1118.99
,1497,5100,train,3.6381,1663925,1118.98
,1498,5100,train,3.5676,1665057,1118.99
,1499,5100,train,3.4836,1666165,1118.98
,1500,5100,train,3.5252,1667298,1118.99
,1500,5100,val,3.6418,1667299,1118.99
,1501,5100,train,3.6876,1668415,1118.99
,1502,5100,train,3.6264,1669543,1119.00
,1503,5100,train,3.6139,1670656,1118.99
,1504,5100,train,3.6937,1671783,1119.00
,1505,5100,train,3.6156,1672897,1118.99
,1506,5100,train,3.5923,1674019,1119.00
,1507,5100,train,3.5953,1675126,1118.99
,1508,5100,train,3.6649,1676258,1119.00
,1509,5100,train,3.6628,1677361,1118.99
,1510,5100,train,3.6453,1678500,1119.00
,1511,5100,train,3.6784,1679607,1118.99
,1512,5100,train,3.6127,1680735,1119.00
,1513,5100,train,3.7557,1681841,1118.99
,1514,5100,train,3.6168,1682971,1119.00
,1515,5100,train,3.6484,1684081,1118.99
,1516,5100,train,3.5977,1685211,1119.00
,1517,5100,train,3.5405,1686322,1118.99
,1518,5100,train,3.7556,1687445,1119.00
,1519,5100,train,3.7361,1688554,1118.99
,1520,5100,train,3.7062,1689676,1118.99
,1521,5100,train,3.6008,1690781,1118.98
,1522,5100,train,3.7690,1691914,1118.99
,1523,5100,train,3.5673,1693022,1118.98
,1524,5100,train,3.6389,1694150,1118.99
,1525,5100,train,3.6362,1695341,1119.04
,1526,5100,train,3.6253,1696466,1119.04
,1527,5100,train,3.5930,1697579,1119.04
,1528,5100,train,3.7802,1698704,1119.04
,1529,5100,train,3.6386,1699819,1119.04
,1530,5100,train,3.6730,1700953,1119.05
,1531,5100,train,3.6464,1702062,1119.04
,1532,5100,train,3.6526,1703196,1119.05
,1533,5100,train,3.6026,1704303,1119.04
,1534,5100,train,3.6500,1705438,1119.05
,1535,5100,train,3.6262,1706544,1119.05
,1536,5100,train,3.7174,1707688,1119.06
,1537,5100,train,3.6020,1708802,1119.06
,1538,5100,train,3.7014,1709934,1119.07
,1539,5100,train,3.5562,1711042,1119.06
,1540,5100,train,3.8571,1712177,1119.07
,1541,5100,train,3.5046,1713282,1119.06
,1542,5100,train,3.6416,1714420,1119.07
,1543,5100,train,3.6431,1715528,1119.07
,1544,5100,train,3.5199,1716657,1119.07
,1545,5100,train,3.6097,1717762,1119.06
,1546,5100,train,3.7975,1718896,1119.07
,1547,5100,train,3.5110,1720003,1119.07
,1548,5100,train,3.6396,1721137,1119.07
,1549,5100,train,3.6378,1722244,1119.07
,1550,5100,train,3.8836,1723380,1119.08
,1551,5100,train,3.5765,1724485,1119.07
,1552,5100,train,3.7241,1725632,1119.09
,1553,5100,train,3.7063,1726742,1119.08
,1554,5100,train,3.6937,1727886,1119.10
,1555,5100,train,3.7709,1728999,1119.09
,1556,5100,train,3.5352,1730133,1119.10
,1557,5100,train,3.6840,1731242,1119.10
,1558,5100,train,3.6416,1732380,1119.11
,1559,5100,train,3.6768,1733486,1119.10
,1560,5100,train,3.7474,1734621,1119.11
,1561,5100,train,3.6614,1735727,1119.10
,1562,5100,train,3.4144,1736859,1119.11
,1563,5100,train,3.4568,1737963,1119.10
,1564,5100,train,3.8562,1739095,1119.11
,1565,5100,train,3.5797,1740201,1119.10
,1566,5100,train,3.6443,1741335,1119.11
,1567,5100,train,3.6565,1742441,1119.10
,1568,5100,train,3.6686,1743576,1119.11
,1569,5100,train,3.6501,1744682,1119.10
,1570,5100,train,3.5991,1745817,1119.11
,1571,5100,train,3.5202,1746923,1119.10
,1572,5100,train,3.6189,1748054,1119.11
,1573,5100,train,3.6928,1749161,1119.11
,1574,5100,train,3.6199,1750294,1119.11
,1575,5100,train,3.6576,1751400,1119.11
,1576,5100,train,3.5832,1752532,1119.11
,1577,5100,train,3.5991,1753640,1119.11
,1578,5100,train,3.7174,1754773,1119.12
,1579,5100,train,3.7666,1755882,1119.11
,1580,5100,train,3.6544,1757016,1119.12
,1581,5100,train,4.0085,1758123,1119.11
,1582,5100,train,3.6815,1759258,1119.12
,1583,5100,train,3.8195,1760362,1119.11
,1584,5100,train,3.5866,1761517,1119.13
,1585,5100,train,3.6356,1762625,1119.13
,1586,5100,train,3.7898,1763756,1119.13
,1587,5100,train,3.5540,1764862,1119.13
,1588,5100,train,3.5957,1765993,1119.13
,1589,5100,train,3.6922,1767100,1119.13
,1590,5100,train,3.5738,1768231,1119.13
,1591,5100,train,3.5572,1769342,1119.13
,1592,5100,train,3.5481,1770473,1119.14
,1593,5100,train,3.6675,1771582,1119.13
,1594,5100,train,3.5563,1772714,1119.14
,1595,5100,train,3.3107,1773822,1119.13
,1596,5100,train,3.5612,1774950,1119.14
,1597,5100,train,3.5568,1776059,1119.13
,1598,5100,train,3.7219,1777187,1119.14
,1599,5100,train,3.5986,1778298,1119.13
,1600,5100,train,3.6456,1779433,1119.14
,1601,5100,train,3.6510,1780541,1119.13
,1602,5100,train,3.5038,1781675,1119.14
,1603,5100,train,3.5893,1782781,1119.13
,1604,5100,train,3.5785,1783914,1119.14
,1605,5100,train,3.6461,1785022,1119.14
,1606,5100,train,3.6417,1786152,1119.14
,1607,5100,train,3.4622,1787260,1119.14
,1608,5100,train,3.6155,1788389,1119.14
,1609,5100,train,3.7267,1789499,1119.14
,1610,5100,train,3.6042,1790629,1119.14
,1611,5100,train,3.7579,1791739,1119.14
,1612,5100,train,3.4977,1792871,1119.15
,1613,5100,train,3.5589,1793980,1119.14
,1614,5100,train,3.6388,1795114,1119.15
,1615,5100,train,3.5800,1796223,1119.14
,1616,5100,train,3.6105,1797404,1119.18
,1617,5100,train,3.5624,1798510,1119.17
,1618,5100,train,3.5297,1799636,1119.18
,1619,5100,train,3.6376,1800741,1119.17
,1620,5100,train,3.5241,1801872,1119.18
,1621,5100,train,3.6227,1802979,1119.17
,1622,5100,train,3.4912,1804110,1119.17
,1623,5100,train,3.7407,1805221,1119.17
,1624,5100,train,3.4816,1806348,1119.17
,1625,5100,train,3.6126,1807458,1119.17
,1625,5100,val,3.6253,1807459,1119.17
,1626,5100,train,3.5342,1808586,1119.17
,1627,5100,train,3.5169,1809695,1119.17
,1628,5100,train,3.5870,1810823,1119.17
,1629,5100,train,3.3366,1811933,1119.17
,1630,5100,train,3.6903,1813050,1119.17
,1631,5100,train,3.6772,1814154,1119.16
,1632,5100,train,3.4944,1815284,1119.16
,1633,5100,train,3.5587,1816396,1119.16
,1634,5100,train,3.7199,1817524,1119.16
,1635,5100,train,3.7804,1818635,1119.16
,1636,5100,train,3.6224,1819759,1119.16
,1637,5100,train,3.5481,1820871,1119.16
,1638,5100,train,3.6598,1822003,1119.17
,1639,5100,train,3.4288,1823113,1119.16
,1640,5100,train,3.7568,1824257,1119.18
,1641,5100,train,3.5819,1825361,1119.17
,1642,5100,train,3.8328,1826488,1119.17
,1643,5100,train,3.4581,1827595,1119.16
,1644,5100,train,3.4848,1828727,1119.17
,1645,5100,train,3.5328,1829834,1119.16
,1646,5100,train,3.5963,1830961,1119.17
,1647,5100,train,3.5156,1832073,1119.16
,1648,5100,train,3.7223,1833189,1119.16
,1649,5100,train,3.5530,1834295,1119.16
,1650,5100,train,3.5709,1835427,1119.16
,1651,5100,train,3.5093,1836534,1119.16
,1652,5100,train,3.6079,1837660,1119.16
,1653,5100,train,3.8208,1838770,1119.15
,1654,5100,train,3.6670,1839891,1119.16
,1655,5100,train,3.4533,1840995,1119.15
,1656,5100,train,3.5742,1842125,1119.15
,1657,5100,train,3.6057,1843232,1119.15
,1658,5100,train,3.5669,1844364,1119.15
,1659,5100,train,3.6465,1845473,1119.15
,1660,5100,train,3.5753,1846603,1119.15
,1661,5100,train,3.7121,1847714,1119.15
,1662,5100,train,3.6687,1848842,1119.15
,1663,5100,train,3.7256,1849954,1119.15
,1664,5100,train,3.6316,1851083,1119.16
,1665,5100,train,3.5777,1852195,1119.15
,1666,5100,train,3.7238,1853326,1119.16
,1667,5100,train,3.4917,1854434,1119.15
,1668,5100,train,3.5982,1855562,1119.16
,1669,5100,train,3.5856,1856673,1119.15
,1670,5100,train,3.6033,1857811,1119.16
,1671,5100,train,3.5172,1858916,1119.15
,1672,5100,train,3.6735,1860048,1119.16
,1673,5100,train,3.5343,1861155,1119.16
,1674,5100,train,3.6137,1862286,1119.16
,1675,5100,train,3.5907,1863395,1119.16
,1676,5100,train,3.7982,1864527,1119.16
,1677,5100,train,3.6067,1865634,1119.16
,1678,5100,train,3.4947,1866764,1119.16
,1679,5100,train,3.6492,1867874,1119.16
,1680,5100,train,3.5659,1869006,1119.17
,1681,5100,train,3.7165,1870113,1119.16
,1682,5100,train,3.7967,1871244,1119.17
,1683,5100,train,3.7226,1872353,1119.16
,1684,5100,train,3.5741,1873482,1119.16
,1685,5100,train,3.6359,1874593,1119.16
,1686,5100,train,3.5752,1875721,1119.17
,1687,5100,train,3.5861,1876833,1119.16
,1688,5100,train,3.5283,1877954,1119.16
,1689,5100,train,3.6691,1879068,1119.16
,1690,5100,train,3.6211,1880187,1119.16
,1691,5100,train,3.6646,1881294,1119.15
,1692,5100,train,3.5673,1882425,1119.16
,1693,5100,train,3.7630,1883534,1119.15
,1694,5100,train,3.6036,1884660,1119.16
,1695,5100,train,3.4421,1885774,1119.15
,1696,5100,train,3.5648,1886902,1119.16
,1697,5100,train,3.5876,1888014,1119.15
,1698,5100,train,3.5820,1889143,1119.16
,1699,5100,train,3.6366,1890253,1119.16
,1700,5100,train,3.6133,1891378,1119.16
,1701,5100,train,3.6277,1892489,1119.15
,1702,5100,train,3.6667,1893610,1119.15
,1703,5100,train,3.5812,1894716,1119.15
,1704,5100,train,3.6106,1895847,1119.15
,1705,5100,train,3.8369,1896954,1119.15
,1706,5100,train,3.6798,1898086,1119.15
,1707,5100,train,3.5916,1899193,1119.15
,1708,5100,train,3.5887,1900324,1119.15
,1709,5100,train,3.6763,1901432,1119.15
,1710,5100,train,3.6450,1902562,1119.15
,1711,5100,train,3.6765,1903671,1119.15
,1712,5100,train,3.4522,1904800,1119.15
,1713,5100,train,3.5166,1905913,1119.15
,1714,5100,train,3.6623,1907045,1119.16
,1715,5100,train,3.4502,1908154,1119.15
,1716,5100,train,3.6046,1909359,1119.20
,1717,5100,train,3.6606,1910470,1119.20
,1718,5100,train,3.6748,1911603,1119.21
,1719,5100,train,3.4958,1912713,1119.20
,1720,5100,train,3.7735,1913844,1119.21
,1721,5100,train,3.4820,1914953,1119.20
,1722,5100,train,3.4727,1916081,1119.21
,1723,5100,train,3.6396,1917192,1119.20
,1724,5100,train,3.6138,1918311,1119.20
,1725,5100,train,3.5690,1919415,1119.19
,1726,5100,train,3.6740,1920545,1119.20
,1727,5100,train,3.5668,1921654,1119.19
,1728,5100,train,3.6466,1922777,1119.20
,1729,5100,train,3.6398,1923887,1119.19
,1730,5100,train,3.5806,1925010,1119.19
,1731,5100,train,3.5969,1926115,1119.18
,1732,5100,train,3.6559,1927244,1119.19
,1733,5100,train,3.7575,1928352,1119.18
,1734,5100,train,3.6578,1929481,1119.19
,1735,5100,train,3.5726,1930593,1119.18
,1736,5100,train,3.6745,1931725,1119.19
,1737,5100,train,3.6933,1932834,1119.19
,1738,5100,train,3.5843,1933956,1119.19
,1739,5100,train,3.4514,1935069,1119.18
,1740,5100,train,3.6703,1936192,1119.19
,1741,5100,train,3.8233,1937299,1119.18
,1742,5100,train,3.5324,1938426,1119.18
,1743,5100,train,3.6696,1939534,1119.18
,1744,5100,train,3.5401,1940663,1119.18
,1745,5100,train,3.5896,1941773,1119.18
,1746,5100,train,3.5897,1942904,1119.18
,1747,5100,train,3.4994,1944014,1119.18
,1748,5100,train,3.4609,1945146,1119.19
,1749,5100,train,3.4974,1946253,1119.18
,1750,5100,train,3.6117,1947383,1119.19
,1750,5100,val,3.5994,1947384,1119.19
,1751,5100,train,3.5878,1948505,1119.19
,1752,5100,train,3.8429,1949637,1119.19
,1753,5100,train,3.6189,1950746,1119.19
,1754,5100,train,3.6224,1951882,1119.20
,1755,5100,train,3.6155,1952988,1119.19
,1756,5100,train,3.6505,1954119,1119.20
,1757,5100,train,3.6105,1955226,1119.19
,1758,5100,train,3.6616,1956359,1119.20
,1759,5100,train,3.6447,1957466,1119.19
,1760,5100,train,3.6049,1958597,1119.20
,1761,5100,train,3.6576,1959705,1119.19
,1762,5100,train,3.6616,1960838,1119.20
,1763,5100,train,3.7054,1961946,1119.19
,1764,5100,train,3.6374,1963082,1119.20
,1765,5100,train,3.6301,1964192,1119.20
,1766,5100,train,3.8071,1965320,1119.20
,1767,5100,train,3.6534,1966430,1119.20
,1768,5100,train,3.5849,1967557,1119.20
,1769,5100,train,3.6077,1968666,1119.20
,1770,5100,train,3.5461,1969797,1119.20
,1771,5100,train,3.6391,1970907,1119.20
,1772,5100,train,3.5117,1972038,1119.20
,1773,5100,train,3.5406,1973146,1119.20
,1774,5100,train,3.6484,1974278,1119.21
,1775,5100,train,3.6374,1975386,1119.20
,1776,5100,train,3.5818,1976517,1119.21
,1777,5100,train,3.6032,1977628,1119.20
,1778,5100,train,3.5704,1978758,1119.21
,1779,5100,train,3.5853,1979868,1119.20
,1780,5100,train,3.5600,1980996,1119.21
,1781,5100,train,3.6158,1982106,1119.20
,1782,5100,train,3.6170,1983237,1119.21
,1783,5100,train,3.6825,1984347,1119.20
,1784,5100,train,3.4092,1985479,1119.21
,1785,5100,train,3.5150,1986587,1119.20
,1786,5100,train,3.5705,1987714,1119.21
,1787,5100,train,3.6694,1988827,1119.21
,1788,5100,train,3.4663,1989958,1119.21
,1789,5100,train,3.6179,1991066,1119.21
,1790,5100,train,3.6210,1992197,1119.21
,1791,5100,train,3.5705,1993307,1119.21
,1792,5100,train,3.5576,1994437,1119.21
,1793,5100,train,3.6411,1995547,1119.21
,1794,5100,train,3.5776,1996678,1119.21
,1795,5100,train,3.4222,1997785,1119.21
,1796,5100,train,3.5646,1998922,1119.22
,1797,5100,train,3.5297,2000026,1119.21
,1798,5100,train,3.6531,2001164,1119.22
,1799,5100,train,3.4499,2002268,1119.21
,1800,5100,train,3.6300,2003401,1119.22
,1801,5100,train,3.5517,2004507,1119.21
,1802,5100,train,3.5976,2005643,1119.22
,1803,5100,train,3.6268,2006748,1119.21
,1804,5100,train,3.5368,2007881,1119.22
,1805,5100,train,3.6214,2008987,1119.21
,1806,5100,train,3.5929,2010121,1119.22
,1807,5100,train,3.5888,2011227,1119.21
,1808,5100,train,3.5890,2012363,1119.22
,1809,5100,train,3.6697,2013468,1119.22
,1810,5100,train,3.5981,2014603,1119.22
,1811,5100,train,3.4644,2015716,1119.22
,1812,5100,train,3.5460,2016854,1119.23
,1813,5100,train,3.6549,2017967,1119.23
,1814,5100,train,3.5952,2019108,1119.24
,1815,5100,train,3.5294,2020215,1119.23
,1816,5100,train,3.4348,2021349,1119.24
,1817,5100,train,3.5401,2022462,1119.24
,1818,5100,train,3.6083,2023588,1119.24
,1819,5100,train,3.6688,2024700,1119.24
,1820,5100,train,3.6176,2025828,1119.24
,1821,5100,train,3.5385,2026945,1119.24
,1822,5100,train,3.5391,2028079,1119.25
,1823,5100,train,3.6875,2029188,1119.24
,1824,5100,train,3.5357,2030322,1119.25
,1825,5100,train,3.7295,2031428,1119.24
,1826,5100,train,3.6334,2032560,1119.25
,1827,5100,train,3.5808,2033667,1119.24
,1828,5100,train,3.6489,2034800,1119.25
,1829,5100,train,3.6322,2035908,1119.25
,1830,5100,train,3.5549,2037049,1119.26
,1831,5100,train,3.6072,2038167,1119.26
,1832,5100,train,3.6540,2039299,1119.26
,1833,5100,train,3.6676,2040408,1119.26
,1834,5100,train,3.4911,2041536,1119.26
,1835,5100,train,3.5906,2042647,1119.26
,1836,5100,train,3.4868,2043778,1119.27
,1837,5100,train,3.6438,2044887,1119.26
,1838,5100,train,3.7005,2046021,1119.27
,1839,5100,train,3.7059,2047126,1119.26
,1840,5100,train,3.6116,2048258,1119.27
,1841,5100,train,3.6269,2049366,1119.26
,1842,5100,train,3.5962,2050496,1119.27
,1843,5100,train,3.6605,2051607,1119.26
,1844,5100,train,3.5334,2052742,1119.27
,1845,5100,train,3.5220,2053847,1119.26
,1846,5100,train,3.6130,2054982,1119.27
,1847,5100,train,3.5826,2056088,1119.26
,1848,5100,train,3.6923,2057222,1119.27
,1849,5100,train,3.7132,2058327,1119.26
,1850,5100,train,4.0007,2059460,1119.27
,1851,5100,train,3.5185,2060567,1119.26
,1852,5100,train,3.7196,2061702,1119.27
,1853,5100,train,3.6719,2062807,1119.27
,1854,5100,train,3.5555,2063943,1119.27
,1855,5100,train,3.6173,2065050,1119.27
,1856,5100,train,3.6422,2066183,1119.28
,1857,5100,train,3.5732,2067289,1119.27
,1858,5100,train,3.5622,2068421,1119.28
,1859,5100,train,3.5582,2069527,1119.27
,1860,5100,train,3.6116,2070661,1119.28
,1861,5100,train,3.5546,2071766,1119.27
,1862,5100,train,3.6128,2072904,1119.28
,1863,5100,train,3.7163,2074008,1119.27
,1864,5100,train,3.6269,2075140,1119.28
,1865,5100,train,3.6779,2076247,1119.27
,1866,5100,train,3.5843,2077378,1119.28
,1867,5100,train,3.5120,2078487,1119.27
,1868,5100,train,3.4525,2079617,1119.28
,1869,5100,train,3.4727,2080727,1119.27
,1870,5100,train,3.4263,2081861,1119.28
,1871,5100,train,3.5500,2082969,1119.27
,1872,5100,train,3.4085,2084101,1119.28
,1873,5100,train,3.4373,2085207,1119.27
,1874,5100,train,3.6078,2086341,1119.28
,1875,5100,train,3.5701,2087448,1119.28
,1875,5100,val,3.5830,2087449,1119.28
,1876,5100,train,3.6663,2088580,1119.28
,1877,5100,train,3.5725,2089688,1119.28
,1878,5100,train,3.5875,2090818,1119.28
,1879,5100,train,3.6978,2091928,1119.28
,1880,5100,train,3.4872,2093056,1119.28
,1881,5100,train,3.6539,2094168,1119.28
,1882,5100,train,3.5815,2095296,1119.28
,1883,5100,train,3.5380,2096405,1119.28
,1884,5100,train,3.5585,2097524,1119.28
,1885,5100,train,3.6285,2098632,1119.27
,1886,5100,train,3.6495,2099762,1119.28
,1887,5100,train,3.5946,2100869,1119.27
,1888,5100,train,3.5599,2102003,1119.28
,1889,5100,train,3.5625,2103109,1119.27
,1890,5100,train,3.5314,2104240,1119.28
,1891,5100,train,3.5832,2105349,1119.27
,1892,5100,train,3.5336,2106480,1119.28
,1893,5100,train,3.4927,2107590,1119.27
,1894,5100,train,3.5824,2108727,1119.28
,1895,5100,train,3.5121,2109830,1119.27
,1896,5100,train,3.5441,2110965,1119.28
,1897,5100,train,3.5477,2112069,1119.27
,1898,5100,train,3.6610,2113204,1119.28
,1899,5100,train,3.5468,2114309,1119.27
,1900,5100,train,3.5041,2115443,1119.28
,1901,5100,train,3.5361,2116549,1119.27
,1902,5100,train,3.5009,2117683,1119.28
,1903,5100,train,3.8243,2118789,1119.28
,1904,5100,train,3.4888,2119921,1119.28
,1905,5100,train,3.7193,2121029,1119.28
,1906,5100,train,4.3459,2122162,1119.28
,1907,5100,train,3.4805,2123360,1119.33
,1908,5100,train,3.5630,2124490,1119.33
,1909,5100,train,3.5554,2125599,1119.33
,1910,5100,train,3.4847,2126726,1119.33
,1911,5100,train,3.5473,2127829,1119.32
,1912,5100,train,3.5353,2128961,1119.33
,1913,5100,train,3.4775,2130071,1119.32
,1914,5100,train,3.7058,2131203,1119.33
,1915,5100,train,3.5969,2132310,1119.32
,1916,5100,train,4.3864,2133443,1119.33
,1917,5100,train,3.8267,2134551,1119.32
,1918,5100,train,3.6305,2135685,1119.33
,1919,5100,train,3.5294,2136791,1119.32
,1920,5100,train,3.5939,2137925,1119.33
,1921,5100,train,3.5502,2139030,1119.33
,1922,5100,train,3.5128,2140163,1119.33
,1923,5100,train,3.5126,2141269,1119.33
,1924,5100,train,3.6658,2142401,1119.33
,1925,5100,train,3.5040,2143507,1119.33
,1926,5100,train,3.5836,2144643,1119.33
,1927,5100,train,3.6317,2145748,1119.33
,1928,5100,train,3.5621,2146880,1119.33
,1929,5100,train,3.4889,2147988,1119.33
,1930,5100,train,3.6496,2149122,1119.33
,1931,5100,train,3.5854,2150229,1119.33
,1932,5100,train,3.5814,2151362,1119.33
,1933,5100,train,3.5676,2152469,1119.33
,1934,5100,train,3.5598,2153599,1119.33
,1935,5100,train,3.6417,2154709,1119.33
,1936,5100,train,3.5401,2155834,1119.33
,1937,5100,train,3.6103,2156945,1119.33
,1938,5100,train,3.5278,2158064,1119.33
,1939,5100,train,3.5513,2159171,1119.32
,1940,5100,train,3.5359,2160302,1119.33
,1941,5100,train,3.5952,2161407,1119.32
,1942,5100,train,3.5721,2162538,1119.33
,1943,5100,train,3.4865,2163647,1119.32
,1944,5100,train,3.6961,2164775,1119.33
,1945,5100,train,3.5672,2165887,1119.32
,1946,5100,train,3.4121,2167009,1119.32
,1947,5100,train,3.6670,2168120,1119.32
,1948,5100,train,3.5431,2169246,1119.32
,1949,5100,train,3.5352,2170349,1119.31
,1950,5100,train,3.6839,2171480,1119.32
,1951,5100,train,3.6081,2172588,1119.31
,1952,5100,train,3.6961,2173719,1119.32
,1953,5100,train,3.6152,2174828,1119.31
,1954,5100,train,3.6596,2175957,1119.32
,1955,5100,train,3.6031,2177068,1119.32
,1956,5100,train,3.7678,2178188,1119.32
,1957,5100,train,3.6537,2179293,1119.31
,1958,5100,train,3.9523,2180424,1119.31
,1959,5100,train,3.6039,2181529,1119.31
,1960,5100,train,3.6019,2182662,1119.31
,1961,5100,train,3.6603,2183769,1119.31
,1962,5100,train,3.5360,2184902,1119.31
,1963,5100,train,3.5630,2186010,1119.31
,1964,5100,train,3.5390,2187142,1119.32
,1965,5100,train,3.6503,2188249,1119.31
,1966,5100,train,3.5654,2189382,1119.32
,1967,5100,train,3.4883,2190488,1119.31
,1968,5100,train,3.5448,2191624,1119.32
,1969,5100,train,3.5795,2192730,1119.31
,1970,5100,train,3.4897,2193864,1119.32
,1971,5100,train,3.4934,2194968,1119.31
,1972,5100,train,3.5197,2196102,1119.32
,1973,5100,train,3.6654,2197209,1119.31
,1974,5100,train,3.4706,2198343,1119.32
,1975,5100,train,3.5833,2199448,1119.31
,1976,5100,train,3.5536,2200580,1119.32
,1977,5100,train,3.5778,2201689,1119.31
,1978,5100,train,3.6259,2202816,1119.32
,1979,5100,train,3.6886,2203928,1119.31
,1980,5100,train,4.0433,2205062,1119.32
,1981,5100,train,3.5570,2206170,1119.32
,1982,5100,train,3.7711,2207304,1119.32
,1983,5100,train,3.5613,2208409,1119.32
,1984,5100,train,3.5644,2209541,1119.32
,1985,5100,train,3.6385,2210649,1119.32
,1986,5100,train,3.7105,2211782,1119.32
,1987,5100,train,3.5771,2212889,1119.32
,1988,5100,train,3.5344,2214024,1119.32
,1989,5100,train,3.5158,2215128,1119.32
,1990,5100,train,3.5183,2216260,1119.32
,1991,5100,train,3.6071,2217368,1119.32
,1992,5100,train,3.6640,2218505,1119.33
,1993,5100,train,3.4464,2219609,1119.32
,1994,5100,train,3.7527,2220739,1119.32
,1995,5100,train,3.6011,2221847,1119.32
,1996,5100,train,3.6372,2222973,1119.32
,1997,5100,train,3.5322,2224083,1119.32
,1998,5100,train,3.7701,2225206,1119.32
,1999,5100,train,3.4959,2226308,1119.31
,2000,5100,train,3.4941,2227434,1119.31
,2000,5100,val,3.5673,2227435,1119.31
,2001,5100,train,3.6844,2228544,1119.31
,2002,5100,train,3.6059,2229667,1119.31
,2003,5100,train,3.6433,2230769,1119.30
,2004,5100,train,3.6514,2231898,1119.31
,2005,5100,train,3.6344,2233006,1119.30
,2006,5100,train,3.5048,2234128,1119.30
,2007,5100,train,3.4839,2235231,1119.29
,2008,5100,train,3.6635,2236361,1119.30
,2009,5100,train,3.4871,2237468,1119.29
,2010,5100,train,3.7830,2238596,1119.30
,2011,5100,train,3.6407,2239707,1119.29
,2012,5100,train,3.5018,2240826,1119.29
,2013,5100,train,3.5839,2241928,1119.28
,2014,5100,train,3.5183,2243056,1119.29
,2015,5100,train,3.6398,2244165,1119.28
,2016,5100,train,3.5098,2245285,1119.28
,2017,5100,train,3.6112,2246389,1119.28
,2018,5100,train,3.5555,2247525,1119.29
,2019,5100,train,3.5327,2248628,1119.28
,2020,5100,train,3.5452,2249760,1119.28
,2021,5100,train,3.6717,2250868,1119.28
,2022,5100,train,3.6135,2251988,1119.28
,2023,5100,train,3.5118,2253091,1119.27
,2024,5100,train,3.6875,2254225,1119.28
,2025,5100,train,3.5348,2255328,1119.27
,2026,5100,train,3.6258,2256458,1119.27
,2027,5100,train,3.5899,2257568,1119.27
,2028,5100,train,3.5295,2258693,1119.27
,2029,5100,train,3.6300,2259798,1119.27
,2030,5100,train,3.5657,2260927,1119.27
,2031,5100,train,3.3331,2262029,1119.26
,2032,5100,train,3.5612,2263146,1119.26
,2033,5100,train,3.5729,2264249,1119.25
,2034,5100,train,3.4850,2265380,1119.26
,2035,5100,train,3.5135,2266488,1119.25
,2036,5100,train,3.5912,2267614,1119.26
,2037,5100,train,3.5855,2268717,1119.25
,2038,5100,train,3.4703,2269846,1119.25
,2039,5100,train,3.5071,2270949,1119.25
,2040,5100,train,3.6015,2272083,1119.25
,2041,5100,train,3.6238,2273188,1119.25
,2042,5100,train,3.5680,2274316,1119.25
,2043,5100,train,3.8524,2275425,1119.25
,2044,5100,train,3.5894,2276549,1119.25
,2045,5100,train,3.6425,2277661,1119.24
,2046,5100,train,3.5194,2278787,1119.25
,2047,5100,train,4.0631,2279890,1119.24
,2048,5100,train,3.5193,2281023,1119.25
,2049,5100,train,3.4194,2282129,1119.24
,2050,5100,train,3.5785,2283254,1119.24
,2051,5100,train,3.6180,2284364,1119.24
,2052,5100,train,3.6041,2285491,1119.24
,2053,5100,train,3.5937,2286601,1119.24
,2054,5100,train,3.6560,2287727,1119.24
,2055,5100,train,3.4981,2288830,1119.23
,2056,5100,train,3.4892,2289963,1119.24
,2057,5100,train,3.4986,2291068,1119.23
,2058,5100,train,3.5579,2292190,1119.23
,2059,5100,train,3.6336,2293292,1119.23
,2060,5100,train,3.5874,2294417,1119.23
,2061,5100,train,3.5443,2295526,1119.22
,2062,5100,train,3.5910,2296653,1119.23
,2063,5100,train,3.5439,2297760,1119.22
,2064,5100,train,3.4913,2298884,1119.22
,2065,5100,train,3.6059,2299988,1119.22
,2066,5100,train,3.8230,2301117,1119.22
,2067,5100,train,3.4792,2302226,1119.22
,2068,5100,train,3.5346,2303346,1119.22
,2069,5100,train,3.5083,2304448,1119.21
,2070,5100,train,3.4394,2305576,1119.21
,2071,5100,train,3.5544,2306687,1119.21
,2072,5100,train,3.4968,2307808,1119.21
,2073,5100,train,3.6213,2308909,1119.20
,2074,5100,train,3.5767,2310039,1119.20
,2075,5100,train,3.5161,2311147,1119.20
,2076,5100,train,3.7602,2312265,1119.20
,2077,5100,train,3.7835,2313367,1119.19
,2078,5100,train,3.5696,2314486,1119.19
,2079,5100,train,3.4698,2315589,1119.18
,2080,5100,train,3.6524,2316707,1119.18
,2081,5100,train,3.4652,2317808,1119.17
,2082,5100,train,3.5831,2318931,1119.18
,2083,5100,train,3.4901,2320039,1119.17
,2084,5100,train,3.6025,2321164,1119.17
,2085,5100,train,3.5902,2322267,1119.16
,2086,5100,train,3.4020,2323394,1119.17
,2087,5100,train,3.4218,2324499,1119.16
,2088,5100,train,3.5746,2325624,1119.16
,2089,5100,train,3.5072,2326727,1119.16
,2090,5100,train,3.6243,2327854,1119.16
,2091,5100,train,3.5212,2328961,1119.15
,2092,5100,train,3.4360,2330085,1119.16
,2093,5100,train,3.1565,2331187,1119.15
,2094,5100,train,3.4174,2332318,1119.15
,2095,5100,train,3.4122,2333424,1119.15
,2096,5100,train,3.5161,2334554,1119.15
,2097,5100,train,3.5803,2335761,1119.20
,2098,5100,train,3.4037,2336884,1119.20
,2099,5100,train,3.6735,2337986,1119.19
,2100,5100,train,3.7337,2339123,1119.20
,2101,5100,train,3.4902,2340227,1119.19
,2102,5100,train,3.5488,2341349,1119.19
,2103,5100,train,3.5667,2342450,1119.18
,2104,5100,train,3.4499,2343580,1119.19
,2105,5100,train,3.6496,2344687,1119.18
,2106,5100,train,3.5460,2345813,1119.19
,2107,5100,train,3.8875,2346913,1119.18
,2108,5100,train,3.5101,2348041,1119.18
,2109,5100,train,3.3496,2349147,1119.17
,2110,5100,train,3.6359,2350273,1119.18
,2111,5100,train,3.4337,2351377,1119.17
,2112,5100,train,3.7476,2352503,1119.17
,2113,5100,train,3.3289,2353607,1119.17
,2114,5100,train,3.6037,2354726,1119.17
,2115,5100,train,3.5228,2355828,1119.16
,2116,5100,train,3.4146,2356957,1119.16
,2117,5100,train,3.5519,2358064,1119.16
,2118,5100,train,3.5563,2359190,1119.16
,2119,5100,train,3.4535,2360293,1119.15
,2120,5100,train,3.4982,2361423,1119.16
,2121,5100,train,3.3688,2362526,1119.15
,2122,5100,train,3.6820,2363654,1119.15
,2123,5100,train,3.5711,2364758,1119.15
,2124,5100,train,3.6541,2365886,1119.15
,2125,5100,train,3.4158,2366988,1119.14
,2125,5100,val,3.5533,2366988,1119.14
,2126,5100,train,3.5180,2368117,1119.15
,2127,5100,train,3.5892,2369226,1119.14
,2128,5100,train,3.5624,2370346,1119.14
,2129,5100,train,3.5694,2371448,1119.14
,2130,5100,train,3.5908,2372576,1119.14
,2131,5100,train,3.6601,2373686,1119.14
,2132,5100,train,3.6825,2374806,1119.14
,2133,5100,train,3.5733,2375909,1119.13
,2134,5100,train,3.5691,2377038,1119.13
,2135,5100,train,3.6232,2378149,1119.13
,2136,5100,train,3.3692,2379272,1119.13
,2137,5100,train,3.6033,2380378,1119.12
,2138,5100,train,3.6261,2381503,1119.13
,2139,5100,train,3.6322,2382608,1119.12
,2140,5100,train,3.5728,2383726,1119.12
,2141,5100,train,3.8236,2384828,1119.11
,2142,5100,train,3.5972,2385953,1119.12
,2143,5100,train,3.5476,2387058,1119.11
,2144,5100,train,3.6639,2388185,1119.11
,2145,5100,train,3.4554,2389290,1119.11
,2146,5100,train,3.5514,2390416,1119.11
,2147,5100,train,3.4514,2391523,1119.10
,2148,5100,train,3.5581,2392644,1119.10
,2149,5100,train,3.4604,2393750,1119.10
,2150,5100,train,3.5082,2394875,1119.10
,2151,5100,train,3.6168,2395979,1119.09
,2152,5100,train,3.4937,2397108,1119.10
,2153,5100,train,3.5055,2398211,1119.09
,2154,5100,train,3.4796,2399338,1119.09
,2155,5100,train,3.5081,2400447,1119.09
,2156,5100,train,3.5093,2401565,1119.09
,2157,5100,train,3.5150,2402670,1119.08
,2158,5100,train,3.6023,2403797,1119.09
,2159,5100,train,3.6379,2404901,1119.08
,2160,5100,train,3.4756,2406033,1119.08
,2161,5100,train,3.6127,2407132,1119.08
,2162,5100,train,3.5923,2408257,1119.08
,2163,5100,train,3.3728,2409359,1119.07
,2164,5100,train,3.6382,2410485,1119.07
,2165,5100,train,3.4062,2411588,1119.07
,2166,5100,train,3.5062,2412711,1119.07
,2167,5100,train,3.5174,2413818,1119.06
,2168,5100,train,3.7374,2414944,1119.07
,2169,5100,train,3.5685,2416048,1119.06
,2170,5100,train,3.4674,2417170,1119.06
,2171,5100,train,3.4949,2418270,1119.05
,2172,5100,train,3.5041,2419401,1119.06
,2173,5100,train,3.4897,2420508,1119.05
,2174,5100,train,3.6833,2421630,1119.05
,2175,5100,train,3.6114,2422737,1119.05
,2176,5100,train,3.6064,2423864,1119.05
,2177,5100,train,3.6451,2424968,1119.04
,2178,5100,train,3.7394,2426090,1119.05
,2179,5100,train,3.5605,2427191,1119.04
,2180,5100,train,3.5653,2428322,1119.04
,2181,5100,train,3.6157,2429429,1119.04
,2182,5100,train,3.5417,2430552,1119.04
,2183,5100,train,3.4631,2431651,1119.03
,2184,5100,train,3.6540,2432777,1119.03
,2185,5100,train,3.5840,2433884,1119.03
,2186,5100,train,3.5056,2435006,1119.03
,2187,5100,train,3.5249,2436109,1119.02
,2188,5100,train,3.5219,2437235,1119.02
,2189,5100,train,3.6308,2438343,1119.02
,2190,5100,train,3.5110,2439468,1119.02
,2191,5100,train,3.5348,2440570,1119.01
,2192,5100,train,3.5033,2441688,1119.01
,2193,5100,train,3.5909,2442790,1119.01
,2194,5100,train,3.5902,2443919,1119.01
,2195,5100,train,3.6479,2445026,1119.01
,2196,5100,train,3.4776,2446146,1119.01
,2197,5100,train,3.7270,2447249,1119.00
,2198,5100,train,3.5597,2448386,1119.01
,2199,5100,train,3.5815,2449489,1119.00
,2200,5100,train,3.4082,2450609,1119.00
,2201,5100,train,3.4952,2451710,1118.99
,2202,5100,train,3.2833,2452837,1118.99
,2203,5100,train,3.6842,2453947,1118.99
,2204,5100,train,3.5452,2455066,1118.99
,2205,5100,train,3.4983,2456169,1118.98
,2206,5100,train,3.4117,2457297,1118.99
,2207,5100,train,3.4933,2458406,1118.98
,2208,5100,train,3.4517,2459525,1118.98
,2209,5100,train,3.5986,2460628,1118.98
,2210,5100,train,3.5300,2461756,1118.98
,2211,5100,train,3.3535,2462864,1118.97
,2212,5100,train,3.5202,2463987,1118.98
,2213,5100,train,3.4339,2465088,1118.97
,2214,5100,train,3.4793,2466211,1118.97
,2215,5100,train,3.6917,2467310,1118.96
,2216,5100,train,3.6026,2468435,1118.96
,2217,5100,train,3.6299,2469544,1118.96
,2218,5100,train,3.5316,2470668,1118.96
,2219,5100,train,3.6091,2471769,1118.95
,2220,5100,train,3.5555,2472903,1118.96
,2221,5100,train,3.7161,2474008,1118.95
,2222,5100,train,3.5804,2475129,1118.96
,2223,5100,train,3.4476,2476230,1118.95
,2224,5100,train,3.6347,2477361,1118.95
,2225,5100,train,3.4923,2478470,1118.95
,2226,5100,train,3.3743,2479592,1118.95
,2227,5100,train,3.7131,2480693,1118.94
,2228,5100,train,3.4615,2481824,1118.95
,2229,5100,train,3.5316,2482928,1118.94
,2230,5100,train,3.8383,2484050,1118.94
,2231,5100,train,3.5904,2485149,1118.93
,2232,5100,train,3.6364,2486271,1118.93
,2233,5100,train,3.4779,2487373,1118.93
,2234,5100,train,3.5732,2488500,1118.93
,2235,5100,train,3.4977,2489608,1118.92
,2236,5100,train,3.5775,2490729,1118.93
,2237,5100,train,3.7174,2491830,1118.92
,2238,5100,train,3.5445,2492954,1118.92
,2239,5100,train,3.4878,2494059,1118.91
,2240,5100,train,3.5227,2495185,1118.92
,2241,5100,train,3.4325,2496290,1118.91
,2242,5100,train,3.5595,2497411,1118.91
,2243,5100,train,3.5207,2498512,1118.90
,2244,5100,train,3.5058,2499642,1118.91
,2245,5100,train,3.5004,2500748,1118.90
,2246,5100,train,3.4686,2501879,1118.91
,2247,5100,train,3.6119,2502987,1118.90
,2248,5100,train,3.2981,2504105,1118.90
,2249,5100,train,3.5382,2505208,1118.90
,2250,5100,train,3.5731,2506331,1118.90
,2250,5100,val,3.5386,2506332,1118.90
,2251,5100,train,3.5356,2507446,1118.90
,2252,5100,train,3.8345,2508569,1118.90
,2253,5100,train,3.4767,2509674,1118.89
,2254,5100,train,3.3341,2510794,1118.89
,2255,5100,train,3.6239,2511895,1118.88
,2256,5100,train,4.2959,2513021,1118.89
,2257,5100,train,3.3263,2514125,1118.88
,2258,5100,train,3.5356,2515249,1118.88
,2259,5100,train,3.5905,2516353,1118.88
,2260,5100,train,3.5462,2517477,1118.88
,2261,5100,train,3.5497,2518586,1118.87
,2262,5100,train,3.5876,2519708,1118.88
,2263,5100,train,3.3732,2520814,1118.87
,2264,5100,train,3.4462,2521938,1118.87
,2265,5100,train,3.5415,2523045,1118.87
,2266,5100,train,3.4021,2524169,1118.87
,2267,5100,train,3.7518,2525273,1118.86
,2268,5100,train,3.4900,2526401,1118.87
,2269,5100,train,3.4424,2527512,1118.86
,2270,5100,train,3.5559,2528630,1118.86
,2271,5100,train,3.5600,2529734,1118.86
,2272,5100,train,3.6140,2530863,1118.86
,2273,5100,train,3.5726,2531973,1118.86
,2274,5100,train,3.4576,2533089,1118.86
,2275,5100,train,3.4340,2534194,1118.85
,2276,5100,train,3.8582,2535317,1118.85
,2277,5100,train,3.4536,2536418,1118.84
,2278,5100,train,3.5728,2537551,1118.85
,2279,5100,train,3.4855,2538654,1118.84
,2280,5100,train,3.6401,2539781,1118.85
,2281,5100,train,3.5518,2540891,1118.84
,2282,5100,train,3.5294,2542008,1118.84
,2283,5100,train,3.5401,2543113,1118.84
,2284,5100,train,3.5737,2544240,1118.84
,2285,5100,train,3.5159,2545350,1118.84
,2286,5100,train,3.5813,2546468,1118.83
,2287,5100,train,3.5407,2547573,1118.83
,2288,5100,train,3.4705,2548806,1118.88
,2289,5100,train,3.5042,2549914,1118.87
,2290,5100,train,3.6797,2551039,1118.88
,2291,5100,train,3.5231,2552146,1118.87
,2292,5100,train,3.5793,2553271,1118.87
,2293,5100,train,3.4540,2554374,1118.87
,2294,5100,train,3.6288,2555503,1118.87
,2295,5100,train,3.5953,2556610,1118.87
,2296,5100,train,3.6060,2557730,1118.87
,2297,5100,train,3.6134,2558834,1118.86
,2298,5100,train,3.4477,2559962,1118.86
,2299,5100,train,3.5838,2561072,1118.86
,2300,5100,train,3.4866,2562191,1118.86
,2301,5100,train,3.5344,2563293,1118.85
,2302,5100,train,3.5558,2564420,1118.86
,2303,5100,train,3.4915,2565527,1118.85
,2304,5100,train,3.5865,2566651,1118.85
,2305,5100,train,3.5751,2567754,1118.85
,2306,5100,train,3.5984,2568876,1118.85
,2307,5100,train,3.5597,2569977,1118.84
,2308,5100,train,3.6831,2571108,1118.85
,2309,5100,train,3.5374,2572212,1118.84
,2310,5100,train,3.4177,2573348,1118.85
,2311,5100,train,3.5068,2574450,1118.84
,2312,5100,train,3.5325,2575578,1118.84
,2313,5100,train,3.6036,2576689,1118.84
,2314,5100,train,3.5209,2577810,1118.84
,2315,5100,train,3.5591,2578913,1118.83
,2316,5100,train,3.5227,2580043,1118.84
,2317,5100,train,3.6170,2581152,1118.83
,2318,5100,train,3.4373,2582283,1118.84
,2319,5100,train,3.4604,2583390,1118.83
,2320,5100,train,3.6191,2584510,1118.84
,2321,5100,train,3.5630,2585613,1118.83
,2322,5100,train,3.4089,2586741,1118.83
,2323,5100,train,3.4610,2587850,1118.83
,2324,5100,train,3.4355,2588971,1118.83
,2325,5100,train,3.5151,2590075,1118.82
,2326,5100,train,3.5750,2591203,1118.83
,2327,5100,train,3.4733,2592311,1118.82
,2328,5100,train,3.5473,2593433,1118.82
,2329,5100,train,3.2764,2594533,1118.82
,2330,5100,train,3.3802,2595662,1118.82
,2331,5100,train,3.5323,2596769,1118.81
,2332,5100,train,3.4680,2597889,1118.82
,2333,5100,train,3.6343,2598994,1118.81
,2334,5100,train,3.6314,2600119,1118.81
,2335,5100,train,3.5615,2601226,1118.81
,2336,5100,train,3.4991,2602349,1118.81
,2337,5100,train,3.4636,2603453,1118.80
,2338,5100,train,3.7001,2604570,1118.80
,2339,5100,train,3.6608,2605672,1118.79
,2340,5100,train,3.5737,2606797,1118.80
,2341,5100,train,3.5374,2607903,1118.79
,2342,5100,train,3.4720,2609027,1118.79
,2343,5100,train,3.5326,2610132,1118.79
,2344,5100,train,3.6833,2611249,1118.79
,2345,5100,train,3.4817,2612352,1118.78
,2346,5100,train,3.5575,2613497,1118.79
,2347,5100,train,3.5019,2614600,1118.78
,2348,5100,train,3.5385,2615726,1118.79
,2349,5100,train,3.3754,2616833,1118.78
,2350,5100,train,3.7157,2617954,1118.78
,2351,5100,train,3.5328,2619054,1118.78
,2352,5100,train,3.4872,2620176,1118.78
,2353,5100,train,3.5151,2621282,1118.77
,2354,5100,train,3.5634,2622410,1118.78
,2355,5100,train,3.5241,2623514,1118.77
,2356,5100,train,3.3614,2624630,1118.77
,2357,5100,train,3.6325,2625733,1118.76
,2358,5100,train,3.5497,2626856,1118.76
,2359,5100,train,3.3229,2627955,1118.75
,2360,5100,train,3.5314,2629077,1118.76
,2361,5100,train,3.6684,2630175,1118.75
,2362,5100,train,3.4903,2631297,1118.75
,2363,5100,train,3.5691,2632405,1118.74
,2364,5100,train,3.5217,2633526,1118.74
,2365,5100,train,3.6081,2634631,1118.74
,2366,5100,train,3.5246,2635751,1118.74
,2367,5100,train,3.6355,2636852,1118.73
,2368,5100,train,3.3168,2637976,1118.73
,2369,5100,train,3.4361,2639084,1118.73
,2370,5100,train,3.4486,2640205,1118.73
,2371,5100,train,3.6165,2641310,1118.72
,2372,5100,train,3.4239,2642430,1118.73
,2373,5100,train,3.5963,2643533,1118.72
,2374,5100,train,3.3241,2644651,1118.72
,2375,5100,train,3.4844,2645754,1118.71
,2375,5100,val,3.5269,2645754,1118.71
,2376,5100,train,3.4386,2646884,1118.72
,2377,5100,train,3.5496,2647995,1118.71
,2378,5100,train,3.6748,2649115,1118.71
,2379,5100,train,3.4895,2650219,1118.71
,2380,5100,train,3.5167,2651348,1118.71
,2381,5100,train,3.4871,2652456,1118.71
,2382,5100,train,3.6547,2653573,1118.71
,2383,5100,train,3.4108,2654678,1118.70
,2384,5100,train,3.5987,2655802,1118.70
,2385,5100,train,3.7144,2656906,1118.70
,2386,5100,train,3.5151,2658034,1118.70
,2387,5100,train,3.4433,2659139,1118.70
,2388,5100,train,3.4864,2660263,1118.70
,2389,5100,train,3.5142,2661361,1118.69
,2390,5100,train,3.4549,2662486,1118.69
,2391,5100,train,3.5398,2663594,1118.69
,2392,5100,train,3.4707,2664717,1118.69
,2393,5100,train,3.5537,2665818,1118.68
,2394,5100,train,3.4484,2666940,1118.68
,2395,5100,train,3.3430,2668048,1118.68
,2396,5100,train,3.3369,2669179,1118.68
,2397,5100,train,3.5002,2670279,1118.68
,2398,5100,train,3.4476,2671405,1118.68
,2399,5100,train,3.6596,2672507,1118.67
,2400,5100,train,4.1423,2673632,1118.67
,2401,5100,train,3.7029,2674739,1118.67
,2402,5100,train,3.5325,2675863,1118.67
,2403,5100,train,3.4613,2676968,1118.67
,2404,5100,train,3.4389,2678092,1118.67
,2405,5100,train,3.4354,2679199,1118.66
,2406,5100,train,3.4766,2680325,1118.67
,2407,5100,train,3.5632,2681433,1118.66
,2408,5100,train,3.5621,2682553,1118.66
,2409,5100,train,3.4799,2683658,1118.66
,2410,5100,train,3.4520,2684776,1118.66
,2411,5100,train,3.4873,2685878,1118.65
,2412,5100,train,3.4614,2686997,1118.65
,2413,5100,train,3.5062,2688099,1118.64
,2414,5100,train,3.4253,2689226,1118.65
,2415,5100,train,3.4032,2690325,1118.64
,2416,5100,train,3.4588,2691451,1118.64
,2417,5100,train,3.3884,2692557,1118.64
,2418,5100,train,3.5895,2693674,1118.64
,2419,5100,train,3.4281,2694778,1118.63
,2420,5100,train,3.4767,2695903,1118.63
,2421,5100,train,3.6016,2697006,1118.63
,2422,5100,train,3.5869,2698132,1118.63
,2423,5100,train,3.4067,2699238,1118.62
,2424,5100,train,3.5009,2700360,1118.62
,2425,5100,train,3.4204,2701463,1118.62
,2426,5100,train,3.5908,2702592,1118.62
,2427,5100,train,3.4997,2703698,1118.62
,2428,5100,train,3.5914,2704815,1118.62
,2429,5100,train,3.5289,2705918,1118.61
,2430,5100,train,3.5592,2707037,1118.61
,2431,5100,train,3.4557,2708140,1118.60
,2432,5100,train,3.4267,2709267,1118.61
,2433,5100,train,3.3677,2710374,1118.60
,2434,5100,train,3.4996,2711495,1118.60
,2435,5100,train,3.5462,2712598,1118.60
,2436,5100,train,3.3819,2713724,1118.60
,2437,5100,train,3.6904,2714834,1118.60
,2438,5100,train,3.5583,2715954,1118.60
,2439,5100,train,3.4743,2717057,1118.59
,2440,5100,train,3.5554,2718178,1118.59
,2441,5100,train,3.4869,2719279,1118.58
,2442,5100,train,3.4977,2720406,1118.59
,2443,5100,train,3.3432,2721513,1118.58
,2444,5100,train,3.5813,2722633,1118.58
,2445,5100,train,3.4980,2723737,1118.58
,2446,5100,train,3.5182,2724867,1118.58
,2447,5100,train,3.5539,2725972,1118.58
,2448,5100,train,3.5899,2727096,1118.58
,2449,5100,train,3.4029,2728200,1118.57
,2450,5100,train,3.4803,2729327,1118.58
,2451,5100,train,3.6120,2730435,1118.57
,2452,5100,train,3.5798,2731552,1118.57
,2453,5100,train,3.4002,2732656,1118.57
,2454,5100,train,3.5112,2733782,1118.57
,2455,5100,train,3.4811,2734884,1118.56
,2456,5100,train,3.5504,2736012,1118.57
,2457,5100,train,3.6014,2737118,1118.56
,2458,5100,train,3.5648,2738237,1118.56
,2459,5100,train,3.6462,2739338,1118.55
,2460,5100,train,3.5735,2740463,1118.56
,2461,5100,train,3.4382,2741571,1118.55
,2462,5100,train,3.5148,2742693,1118.55
,2463,5100,train,3.5538,2743797,1118.55
,2464,5100,train,3.5926,2744924,1118.55
,2465,5100,train,3.6137,2746026,1118.54
,2466,5100,train,3.4262,2747151,1118.55
,2467,5100,train,3.4871,2748256,1118.54
,2468,5100,train,3.5279,2749381,1118.54
,2469,5100,train,3.4695,2750491,1118.54
,2470,5100,train,3.4825,2751612,1118.54
,2471,5100,train,3.6430,2752717,1118.54
,2472,5100,train,3.5875,2753841,1118.54
,2473,5100,train,3.4320,2754946,1118.53
,2474,5100,train,3.4872,2756073,1118.54
,2475,5100,train,3.5120,2757178,1118.53
,2476,5100,train,3.5140,2758296,1118.53
,2477,5100,train,3.5052,2759398,1118.52
,2478,5100,train,3.5141,2760519,1118.52
,2479,5100,train,3.6533,2761801,1118.59
,2480,5100,train,3.4454,2762917,1118.59
,2481,5100,train,3.4575,2764018,1118.58
,2482,5100,train,3.5466,2765136,1118.58
,2483,5100,train,3.5387,2766237,1118.58
,2484,5100,train,3.6502,2767356,1118.58
,2485,5100,train,3.5400,2768456,1118.57
,2486,5100,train,3.4966,2769578,1118.57
,2487,5100,train,3.5685,2770678,1118.56
,2488,5100,train,3.5086,2771799,1118.56
,2489,5100,train,3.3987,2772898,1118.56
,2490,5100,train,3.5343,2774021,1118.56
,2491,5100,train,3.6124,2775122,1118.55
,2492,5100,train,3.5988,2776248,1118.55
,2493,5100,train,3.5739,2777354,1118.55
,2494,5100,train,3.5205,2778471,1118.55
,2495,5100,train,3.5019,2779578,1118.54
,2496,5100,train,3.5452,2780696,1118.54
,2497,5100,train,3.5884,2781799,1118.54
,2498,5100,train,3.4462,2782926,1118.54
,2499,5100,train,3.5292,2784032,1118.53
,2500,5100,train,3.4971,2785154,1118.54
,2500,5100,val,3.5175,2785154,1118.54
,2501,5100,train,3.6033,2786263,1118.53
,2502,5100,train,3.4678,2787385,1118.53
,2503,5100,train,3.4849,2788490,1118.53
,2504,5100,train,3.5419,2789620,1118.53
,2505,5100,train,3.5460,2790728,1118.53
,2506,5100,train,3.5139,2791846,1118.53
,2507,5100,train,3.5317,2792948,1118.52
,2508,5100,train,3.5914,2794068,1118.52
,2509,5100,train,3.5446,2795169,1118.52
,2510,5100,train,3.4417,2796298,1118.52
,2511,5100,train,3.4812,2797403,1118.51
,2512,5100,train,3.7252,2798524,1118.51
,2513,5100,train,3.5429,2799629,1118.51
,2514,5100,train,3.5416,2800747,1118.51
,2515,5100,train,3.7512,2801848,1118.50
,2516,5100,train,3.4961,2802973,1118.50
,2517,5100,train,3.4064,2804082,1118.50
,2518,5100,train,3.4904,2805207,1118.50
,2519,5100,train,3.4137,2806310,1118.50
,2520,5100,train,3.5150,2807444,1118.50
,2521,5100,train,3.5321,2808550,1118.50
,2522,5100,train,3.4675,2809674,1118.50
,2523,5100,train,3.5038,2810777,1118.49
,2524,5100,train,3.6535,2811910,1118.50
,2525,5100,train,3.3947,2813013,1118.49
,2526,5100,train,3.4637,2814144,1118.50
,2527,5100,train,3.4528,2815249,1118.49
,2528,5100,train,3.5422,2816382,1118.50
,2529,5100,train,3.5023,2817489,1118.50
,2530,5100,train,3.5268,2818618,1118.50
,2531,5100,train,3.4232,2819725,1118.49
,2532,5100,train,3.4395,2820846,1118.50
,2533,5100,train,3.5940,2821950,1118.49
,2534,5100,train,3.4537,2823077,1118.49
,2535,5100,train,3.7672,2824187,1118.49
,2536,5100,train,3.4754,2825308,1118.49
,2537,5100,train,3.4300,2826410,1118.48
,2538,5100,train,3.4619,2827542,1118.49
,2539,5100,train,3.5244,2828648,1118.48
,2540,5100,train,3.3503,2829776,1118.49
,2541,5100,train,3.3603,2830887,1118.49
,2542,5100,train,3.5601,2832006,1118.49
,2543,5100,train,3.1796,2833110,1118.48
,2544,5100,train,3.3735,2834236,1118.48
,2545,5100,train,3.5028,2835339,1118.48
,2546,5100,train,3.5739,2836463,1118.48
,2547,5100,train,3.7307,2837568,1118.47
,2548,5100,train,3.5315,2838692,1118.48
,2549,5100,train,3.6471,2839800,1118.47
,2550,5100,train,3.4902,2840925,1118.47
,2551,5100,train,3.5204,2842028,1118.47
,2552,5100,train,3.5555,2843149,1118.47
,2553,5100,train,3.4920,2844260,1118.47
,2554,5100,train,3.5820,2845387,1118.47
,2555,5100,train,3.3533,2846490,1118.46
,2556,5100,train,3.5471,2847612,1118.47
,2557,5100,train,3.4679,2848717,1118.46
,2558,5100,train,3.4633,2849843,1118.46
,2559,5100,train,3.4942,2850948,1118.46
,2560,5100,train,3.4333,2852066,1118.46
,2561,5100,train,3.6319,2853169,1118.45
,2562,5100,train,3.8217,2854298,1118.46
,2563,5100,train,3.7648,2855407,1118.45
,2564,5100,train,3.4353,2856529,1118.45
,2565,5100,train,3.5953,2857629,1118.45
,2566,5100,train,3.5327,2858763,1118.45
,2567,5100,train,3.4553,2859866,1118.45
,2568,5100,train,3.2991,2860994,1118.45
,2569,5100,train,3.3950,2862104,1118.45
,2570,5100,train,3.4760,2863225,1118.45
,2571,5100,train,3.5929,2864328,1118.44
,2572,5100,train,3.4235,2865448,1118.44
,2573,5100,train,3.5496,2866551,1118.44
,2574,5100,train,3.5376,2867679,1118.44
,2575,5100,train,3.3899,2868788,1118.44
,2576,5100,train,3.4237,2869912,1118.44
,2577,5100,train,3.5280,2871018,1118.43
,2578,5100,train,3.5070,2872146,1118.44
,2579,5100,train,3.6489,2873248,1118.43
,2580,5100,train,3.3627,2874366,1118.43
,2581,5100,train,3.5447,2875468,1118.42
,2582,5100,train,3.4603,2876599,1118.43
,2583,5100,train,3.4859,2877706,1118.42
,2584,5100,train,3.5377,2878828,1118.43
,2585,5100,train,3.5049,2879929,1118.42
,2586,5100,train,3.3959,2881056,1118.42
,2587,5100,train,3.4093,2882159,1118.42
,2588,5100,train,3.4076,2883285,1118.42
,2589,5100,train,3.4216,2884389,1118.41
,2590,5100,train,3.4990,2885511,1118.42
,2591,5100,train,3.3747,2886614,1118.41
,2592,5100,train,3.5502,2887742,1118.41
,2593,5100,train,3.5485,2888846,1118.41
,2594,5100,train,3.5708,2889973,1118.41
,2595,5100,train,3.4449,2891081,1118.41
,2596,5100,train,3.7046,2892204,1118.41
,2597,5100,train,3.4502,2893307,1118.40
,2598,5100,train,3.5739,2894453,1118.41
,2599,5100,train,3.5115,2895555,1118.41
,2600,5100,train,3.5382,2896682,1118.41
,2601,5100,train,3.3917,2897787,1118.40
,2602,5100,train,3.5468,2898907,1118.41
,2603,5100,train,3.4444,2900009,1118.40
,2604,5100,train,3.5432,2901139,1118.40
,2605,5100,train,3.4630,2902245,1118.40
,2606,5100,train,3.4348,2903365,1118.40
,2607,5100,train,3.3654,2904468,1118.39
,2608,5100,train,3.5120,2905594,1118.40
,2609,5100,train,3.4127,2906700,1118.39
,2610,5100,train,3.4979,2907827,1118.39
,2611,5100,train,3.5204,2908928,1118.39
,2612,5100,train,3.5760,2910045,1118.39
,2613,5100,train,3.5897,2911147,1118.38
,2614,5100,train,3.4285,2912279,1118.39
,2615,5100,train,3.3879,2913389,1118.38
,2616,5100,train,3.4564,2914511,1118.38
,2617,5100,train,3.3537,2915610,1118.38
,2618,5100,train,3.5014,2916731,1118.38
,2619,5100,train,3.4664,2917835,1118.37
,2620,5100,train,3.5531,2918964,1118.38
,2621,5100,train,3.4955,2920066,1118.37
,2622,5100,train,3.4472,2921191,1118.37
,2623,5100,train,3.7451,2922299,1118.37
,2624,5100,train,3.6373,2923422,1118.37
,2625,5100,train,3.3817,2924528,1118.37
,2625,5100,val,3.5094,2924528,1118.37
,2626,5100,train,3.6215,2925664,1118.37
,2627,5100,train,3.6157,2926767,1118.37
,2628,5100,train,3.5449,2927889,1118.37
,2629,5100,train,3.5933,2928989,1118.36
,2630,5100,train,3.4342,2930119,1118.37
,2631,5100,train,3.5615,2931226,1118.36
,2632,5100,train,3.7769,2932350,1118.36
,2633,5100,train,3.5088,2933451,1118.36
,2634,5100,train,3.5974,2934584,1118.36
,2635,5100,train,3.5308,2935689,1118.36
,2636,5100,train,3.4703,2936815,1118.36
,2637,5100,train,3.6704,2937923,1118.36
,2638,5100,train,3.6853,2939048,1118.36
,2639,5100,train,3.4289,2940150,1118.35
,2640,5100,train,3.4223,2941273,1118.35
,2641,5100,train,3.5811,2942373,1118.35
,2642,5100,train,3.6328,2943504,1118.35
,2643,5100,train,3.5344,2944609,1118.35
,2644,5100,train,3.7670,2945741,1118.35
,2645,5100,train,3.5436,2946849,1118.35
,2646,5100,train,3.4779,2947969,1118.35
,2647,5100,train,3.4799,2949068,1118.34
,2648,5100,train,3.5623,2950199,1118.35
,2649,5100,train,3.4538,2951308,1118.34
,2650,5100,train,3.5404,2952432,1118.35
,2651,5100,train,3.5969,2953531,1118.34
,2652,5100,train,3.5867,2954659,1118.34
,2653,5100,train,3.6174,2955767,1118.34
,2654,5100,train,3.4176,2956901,1118.34
,2655,5100,train,3.3135,2958010,1118.34
,2656,5100,train,3.5118,2959138,1118.34
,2657,5100,train,3.6298,2960244,1118.34
,2658,5100,train,3.4624,2961366,1118.34
,2659,5100,train,3.5929,2962469,1118.33
,2660,5100,train,3.4929,2963595,1118.34
,2661,5100,train,3.6291,2964699,1118.33
,2662,5100,train,3.4582,2965822,1118.33
,2663,5100,train,3.4679,2966928,1118.33
,2664,5100,train,3.4926,2968050,1118.33
,2665,5100,train,3.4787,2969157,1118.33
,2666,5100,train,3.4379,2970282,1118.33
,2667,5100,train,3.6431,2971387,1118.32
,2668,5100,train,3.6701,2972511,1118.33
,2669,5100,train,3.3953,2973711,1118.36
,2670,5100,train,3.4851,2974837,1118.36
,2671,5100,train,3.5478,2975946,1118.36
,2672,5100,train,3.4460,2977068,1118.36
,2673,5100,train,3.4706,2978168,1118.35
,2674,5100,train,3.4368,2979290,1118.35
,2675,5100,train,3.4843,2980390,1118.35
,2676,5100,train,3.4907,2981518,1118.35
,2677,5100,train,3.5085,2982627,1118.35
,2678,5100,train,3.4072,2983744,1118.34
,2679,5100,train,3.6363,2984849,1118.34
,2680,5100,train,3.5855,2985973,1118.34
,2681,5100,train,3.4236,2987073,1118.34
,2682,5100,train,3.4477,2988199,1118.34
,2683,5100,train,3.4804,2989307,1118.33
,2684,5100,train,3.7006,2990425,1118.33
,2685,5100,train,3.5210,2991528,1118.33
,2686,5100,train,3.5076,2992682,1118.34
,2687,5100,train,3.5770,2993788,1118.34
,2688,5100,train,3.3808,2994905,1118.34
,2689,5100,train,3.5348,2996007,1118.33
,2690,5100,train,3.4820,2997124,1118.33
,2691,5100,train,3.5345,2998226,1118.32
,2692,5100,train,3.6033,2999347,1118.32
,2693,5100,train,3.4770,3000461,1118.32
,2694,5100,train,3.6816,3001584,1118.32
,2695,5100,train,3.5662,3002688,1118.32
,2696,5100,train,3.3793,3003811,1118.32
,2697,5100,train,3.6649,3004915,1118.32
,2698,5100,train,3.4159,3006043,1118.32
,2699,5100,train,3.5828,3007147,1118.31
,2700,5100,train,3.5479,3008266,1118.31
,2701,5100,train,3.5405,3009368,1118.31
,2702,5100,train,3.5043,3010498,1118.31
,2703,5100,train,3.5792,3011606,1118.31
,2704,5100,train,3.4222,3012723,1118.31
,2705,5100,train,3.4891,3013828,1118.30
,2706,5100,train,3.4990,3014950,1118.30
,2707,5100,train,3.4243,3016058,1118.30
,2708,5100,train,3.6654,3017184,1118.30
,2709,5100,train,3.4718,3018288,1118.30
,2710,5100,train,3.4569,3019408,1118.30
,2711,5100,train,3.4966,3020510,1118.29
,2712,5100,train,3.6038,3021636,1118.30
,2713,5100,train,3.5370,3022745,1118.29
,2714,5100,train,3.4656,3023864,1118.29
,2715,5100,train,3.7822,3024967,1118.29
,2716,5100,train,3.4622,3026100,1118.29
,2717,5100,train,3.5941,3027207,1118.29
,2718,5100,train,3.4597,3028342,1118.29
,2719,5100,train,3.5054,3029446,1118.29
,2720,5100,train,3.3886,3030571,1118.29
,2721,5100,train,3.5795,3031679,1118.29
,2722,5100,train,3.6288,3032803,1118.29
,2723,5100,train,3.4020,3033908,1118.29
,2724,5100,train,3.4876,3035036,1118.29
,2725,5100,train,3.4516,3036144,1118.29
,2726,5100,train,3.5740,3037269,1118.29
,2727,5100,train,3.6775,3038370,1118.28
,2728,5100,train,3.5772,3039499,1118.29
,2729,5100,train,3.5387,3040608,1118.28
,2730,5100,train,3.4078,3041738,1118.29
,2731,5100,train,3.5388,3042846,1118.28
,2732,5100,train,3.6492,3043971,1118.28
,2733,5100,train,3.3607,3045076,1118.28
,2734,5100,train,3.4390,3046203,1118.28
,2735,5100,train,3.4188,3047309,1118.28
,2736,5100,train,3.4066,3048430,1118.28
,2737,5100,train,3.5392,3049534,1118.27
,2738,5100,train,3.4397,3050663,1118.28
,2739,5100,train,3.3799,3051766,1118.27
,2740,5100,train,3.4911,3052888,1118.27
,2741,5100,train,3.5091,3053988,1118.27
,2742,5100,train,3.5049,3055118,1118.27
,2743,5100,train,3.5037,3056226,1118.27
,2744,5100,train,3.6633,3057346,1118.27
,2745,5100,train,3.3549,3058447,1118.26
,2746,5100,train,3.4227,3059574,1118.27
,2747,5100,train,3.3509,3060680,1118.26
,2748,5100,train,3.5498,3061814,1118.27
,2749,5100,train,3.5232,3062915,1118.26
,2750,5100,train,3.7074,3064055,1118.27
,2750,5100,val,3.4984,3064055,1118.27
,2751,5100,train,3.5162,3065160,1118.26
,2752,5100,train,3.4101,3066287,1118.27
,2753,5100,train,3.4551,3067398,1118.26
,2754,5100,train,3.5115,3068526,1118.27
,2755,5100,train,3.8284,3069626,1118.26
,2756,5100,train,3.6469,3070751,1118.26
,2757,5100,train,3.5512,3071860,1118.26
,2758,5100,train,3.4414,3072989,1118.26
,2759,5100,train,3.5150,3074088,1118.26
,2760,5100,train,3.5419,3075210,1118.26
,2761,5100,train,3.4819,3076310,1118.25
,2762,5100,train,3.4938,3077436,1118.25
,2763,5100,train,3.5540,3078544,1118.25
,2764,5100,train,3.4609,3079663,1118.25
,2765,5100,train,3.6551,3080765,1118.24
,2766,5100,train,3.5259,3081887,1118.25
,2767,5100,train,3.4485,3082987,1118.24
,2768,5100,train,3.4190,3084112,1118.24
,2769,5100,train,3.5296,3085220,1118.24
,2770,5100,train,3.4145,3086344,1118.24
,2771,5100,train,3.7327,3087446,1118.23
,2772,5100,train,3.5696,3088577,1118.24
,2773,5100,train,3.4358,3089686,1118.24
,2774,5100,train,3.5315,3090809,1118.24
,2775,5100,train,3.6171,3091910,1118.23
,2776,5100,train,3.3303,3093036,1118.23
,2777,5100,train,3.4535,3094141,1118.23
,2778,5100,train,3.4732,3095260,1118.23
,2779,5100,train,3.4415,3096365,1118.23
,2780,5100,train,3.4241,3097484,1118.23
,2781,5100,train,3.5125,3098585,1118.22
,2782,5100,train,3.4066,3099709,1118.22
,2783,5100,train,3.4193,3100813,1118.22
,2784,5100,train,3.4484,3101940,1118.22
,2785,5100,train,3.3431,3103044,1118.21
,2786,5100,train,3.4755,3104160,1118.21
,2787,5100,train,3.3250,3105266,1118.21
,2788,5100,train,3.6016,3106390,1118.21
,2789,5100,train,3.5496,3107491,1118.20
,2790,5100,train,3.4942,3108622,1118.21
,2791,5100,train,3.5536,3109725,1118.20
,2792,5100,train,3.4833,3110840,1118.20
,2793,5100,train,3.4437,3111944,1118.20
,2794,5100,train,3.8513,3113073,1118.20
,2795,5100,train,3.4766,3114181,1118.20
,2796,5100,train,3.2467,3115303,1118.20
,2797,5100,train,3.5763,3116406,1118.19
,2798,5100,train,3.4859,3117527,1118.19
,2799,5100,train,3.5398,3118629,1118.19
,2800,5100,train,3.6502,3119754,1118.19
,2801,5100,train,3.5305,3120859,1118.19
,2802,5100,train,3.5111,3121980,1118.19
,2803,5100,train,3.4906,3123085,1118.18
,2804,5100,train,3.6736,3124221,1118.19
,2805,5100,train,3.5474,3125324,1118.18
,2806,5100,train,3.4071,3126448,1118.19
,2807,5100,train,3.4225,3127547,1118.18
,2808,5100,train,3.5393,3128674,1118.18
,2809,5100,train,3.3373,3129780,1118.18
,2810,5100,train,3.5323,3130901,1118.18
,2811,5100,train,3.6590,3132006,1118.17
,2812,5100,train,3.5096,3133127,1118.18
,2813,5100,train,3.4610,3134234,1118.17
,2814,5100,train,3.4788,3135360,1118.17
,2815,5100,train,3.5372,3136465,1118.17
,2816,5100,train,3.6092,3137582,1118.17
,2817,5100,train,3.5671,3138684,1118.16
,2818,5100,train,3.4855,3139804,1118.16
,2819,5100,train,3.3535,3140905,1118.16
,2820,5100,train,3.4415,3142035,1118.16
,2821,5100,train,3.4977,3143143,1118.16
,2822,5100,train,3.3816,3144264,1118.16
,2823,5100,train,4.1371,3145365,1118.15
,2824,5100,train,3.2827,3146494,1118.16
,2825,5100,train,3.6279,3147602,1118.15
,2826,5100,train,3.4058,3148720,1118.15
,2827,5100,train,3.5469,3149824,1118.15
,2828,5100,train,3.4726,3150948,1118.15
,2829,5100,train,3.5363,3152052,1118.15
,2830,5100,train,3.6195,3153179,1118.15
,2831,5100,train,3.4708,3154286,1118.14
,2832,5100,train,3.4341,3155406,1118.15
,2833,5100,train,3.3040,3156505,1118.14
,2834,5100,train,3.5000,3157632,1118.14
,2835,5100,train,3.6428,3158741,1118.14
,2836,5100,train,3.6784,3159860,1118.14
,2837,5100,train,3.5261,3160966,1118.13
,2838,5100,train,3.5521,3162084,1118.13
,2839,5100,train,3.4514,3163185,1118.13
,2840,5100,train,3.5164,3164314,1118.13
,2841,5100,train,3.6447,3165422,1118.13
,2842,5100,train,3.4071,3166540,1118.13
,2843,5100,train,3.2976,3167644,1118.12
,2844,5100,train,3.5372,3168761,1118.12
,2845,5100,train,3.7412,3169865,1118.12
,2846,5100,train,3.2963,3170990,1118.12
,2847,5100,train,3.6157,3172097,1118.12
,2848,5100,train,3.4428,3173223,1118.12
,2849,5100,train,3.4827,3174326,1118.11
,2850,5100,train,3.4221,3175444,1118.11
,2851,5100,train,3.5739,3176544,1118.11
,2852,5100,train,3.5105,3177667,1118.11
,2853,5100,train,3.5790,3178773,1118.11
,2854,5100,train,3.6146,3179899,1118.11
,2855,5100,train,3.5171,3181004,1118.10
,2856,5100,train,3.4209,3182122,1118.10
,2857,5100,train,3.7213,3183225,1118.10
,2858,5100,train,3.5242,3184353,1118.10
,2859,5100,train,3.6081,3185461,1118.10
,2860,5100,train,3.4611,3186670,1118.13
,2861,5100,train,3.6406,3187775,1118.13
,2862,5100,train,3.4444,3188899,1118.13
,2863,5100,train,3.4031,3190004,1118.12
,2864,5100,train,3.4403,3191120,1118.12
,2865,5100,train,3.5385,3192224,1118.12
,2866,5100,train,3.3240,3193355,1118.12
,2867,5100,train,3.6317,3194463,1118.12
,2868,5100,train,3.4255,3195581,1118.12
,2869,5100,train,3.5361,3196684,1118.11
,2870,5100,train,3.4942,3197802,1118.11
,2871,5100,train,3.5147,3198905,1118.11
,2872,5100,train,3.5418,3200032,1118.11
,2873,5100,train,3.5627,3201141,1118.11
,2874,5100,train,3.4422,3202259,1118.11
,2875,5100,train,3.5287,3203363,1118.10
,2875,5100,val,3.4900,3203364,1118.10
,2876,5100,train,3.4763,3204496,1118.11
,2877,5100,train,3.6097,3205602,1118.10
,2878,5100,train,3.6055,3206722,1118.10
,2879,5100,train,3.4014,3207825,1118.10
,2880,5100,train,3.5162,3208945,1118.10
,2881,5100,train,3.5629,3210046,1118.09
,2882,5100,train,3.5005,3211169,1118.10
,2883,5100,train,3.3836,3212276,1118.09
,2884,5100,train,3.6541,3213400,1118.09
,2885,5100,train,3.4842,3214505,1118.09
,2886,5100,train,3.5022,3215625,1118.09
,2887,5100,train,3.5316,3216725,1118.08
,2888,5100,train,3.3634,3217847,1118.08
,2889,5100,train,3.6050,3218947,1118.08
,2890,5100,train,3.6182,3220078,1118.08
,2891,5100,train,3.3345,3221186,1118.08
,2892,5100,train,3.4601,3222305,1118.08
,2893,5100,train,3.4252,3223406,1118.07
,2894,5100,train,3.3496,3224536,1118.08
,2895,5100,train,3.1480,3225645,1118.07
,2896,5100,train,3.4733,3226765,1118.08
,2897,5100,train,3.4607,3227867,1118.07
,2898,5100,train,3.3151,3228996,1118.07
,2899,5100,train,3.4924,3230105,1118.07
,2900,5100,train,3.4890,3231223,1118.07
,2901,5100,train,3.4326,3232325,1118.06
,2902,5100,train,3.4716,3233458,1118.07
,2903,5100,train,3.4538,3234565,1118.07
,2904,5100,train,3.5297,3235685,1118.07
,2905,5100,train,3.3362,3236786,1118.06
,2906,5100,train,3.3657,3237925,1118.07
,2907,5100,train,3.5478,3239027,1118.06
,2908,5100,train,3.4597,3240153,1118.07
,2909,5100,train,3.4702,3241260,1118.06
,2910,5100,train,3.6386,3242391,1118.07
,2911,5100,train,3.5548,3243491,1118.06
,2912,5100,train,3.5828,3244609,1118.06
,2913,5100,train,3.4739,3245708,1118.05
,2914,5100,train,3.7079,3246831,1118.05
,2915,5100,train,3.5984,3247940,1118.05
,2916,5100,train,3.2112,3249060,1118.05
,2917,5100,train,3.5853,3250165,1118.05
,2918,5100,train,3.6474,3251283,1118.05
,2919,5100,train,3.4368,3252384,1118.04
,2920,5100,train,3.6932,3253524,1118.05
,2921,5100,train,3.5412,3254627,1118.04
,2922,5100,train,3.2984,3255749,1118.05
,2923,5100,train,3.6405,3256851,1118.04
,2924,5100,train,3.2508,3257981,1118.04
,2925,5100,train,3.3521,3259087,1118.04
,2926,5100,train,3.6465,3260213,1118.04
,2927,5100,train,3.4492,3261320,1118.04
,2928,5100,train,3.4794,3262442,1118.04
,2929,5100,train,3.5209,3263546,1118.04
,2930,5100,train,3.6349,3264667,1118.04
,2931,5100,train,3.5226,3265770,1118.03
,2932,5100,train,3.4910,3266899,1118.04
,2933,5100,train,3.5377,3268004,1118.03
,2934,5100,train,3.5324,3269122,1118.03
,2935,5100,train,3.4812,3270226,1118.03
,2936,5100,train,3.4416,3271347,1118.03
,2937,5100,train,3.4600,3272447,1118.02
,2938,5100,train,3.5773,3273575,1118.02
,2939,5100,train,3.4277,3274682,1118.02
,2940,5100,train,3.3991,3275802,1118.02
,2941,5100,train,3.6803,3276906,1118.02
,2942,5100,train,3.4906,3278024,1118.02
,2943,5100,train,3.5172,3279125,1118.01
,2944,5100,train,3.6302,3280257,1118.02
,2945,5100,train,3.2280,3281365,1118.01
,2946,5100,train,3.4520,3282484,1118.01
,2947,5100,train,3.3597,3283587,1118.01
,2948,5100,train,3.5497,3284718,1118.01
,2949,5100,train,3.5095,3285824,1118.01
,2950,5100,train,3.4863,3286943,1118.01
,2951,5100,train,3.3886,3288044,1118.00
,2952,5100,train,3.4414,3289169,1118.00
,2953,5100,train,3.5920,3290276,1118.00
,2954,5100,train,3.5212,3291411,1118.01
,2955,5100,train,3.4899,3292511,1118.00
,2956,5100,train,3.3323,3293637,1118.00
,2957,5100,train,3.4131,3294745,1118.00
,2958,5100,train,3.4618,3295862,1118.00
,2959,5100,train,3.4664,3296965,1117.99
,2960,5100,train,3.6433,3298085,1117.99
,2961,5100,train,3.5612,3299186,1117.99
,2962,5100,train,3.4502,3300314,1117.99
,2963,5100,train,3.3842,3301423,1117.99
,2964,5100,train,3.3878,3302542,1117.99
,2965,5100,train,3.5914,3303645,1117.98
,2966,5100,train,3.4797,3304772,1117.99
,2967,5100,train,3.4129,3305872,1117.98
,2968,5100,train,3.4886,3306997,1117.98
,2969,5100,train,3.4192,3308105,1117.98
,2970,5100,train,3.4709,3309222,1117.98
,2971,5100,train,3.4815,3310325,1117.98
,2972,5100,train,3.4567,3311448,1117.98
,2973,5100,train,3.4779,3312548,1117.97
,2974,5100,train,3.4253,3313671,1117.97
,2975,5100,train,3.4782,3314777,1117.97
,2976,5100,train,3.4032,3315902,1117.97
,2977,5100,train,3.4826,3317006,1117.97
,2978,5100,train,3.5471,3318131,1117.97
,2979,5100,train,3.4538,3319244,1117.97
,2980,5100,train,3.2632,3320360,1117.97
,2981,5100,train,3.5947,3321464,1117.96
,2982,5100,train,3.4673,3322591,1117.96
,2983,5100,train,3.4559,3323700,1117.96
,2984,5100,train,3.4635,3324826,1117.96
,2985,5100,train,3.5167,3325930,1117.96
,2986,5100,train,3.4633,3327060,1117.96
,2987,5100,train,3.4267,3328166,1117.96
,2988,5100,train,3.3861,3329284,1117.96
,2989,5100,train,3.7532,3330386,1117.95
,2990,5100,train,3.4835,3331514,1117.96
,2991,5100,train,3.4724,3332623,1117.95
,2992,5100,train,3.5477,3333740,1117.95
,2993,5100,train,3.4588,3334844,1117.95
,2994,5100,train,3.3492,3335960,1117.95
,2995,5100,train,3.3133,3337065,1117.94
,2996,5100,train,3.3881,3338182,1117.94
,2997,5100,train,3.4712,3339285,1117.94
,2998,5100,train,3.5193,3340404,1117.94
,2999,5100,train,3.6637,3341505,1117.93
,3000,5100,train,3.4816,3342631,1117.94
,3000,5100,val,3.4856,3342631,1117.94
,3001,5100,train,3.5731,3343742,1117.93
,3002,5100,train,3.3431,3344873,1117.94
,3003,5100,train,3.5119,3345976,1117.93
,3004,5100,train,3.4699,3347097,1117.93
,3005,5100,train,3.6583,3348197,1117.93
,3006,5100,train,3.1902,3349328,1117.93
,3007,5100,train,3.5178,3350435,1117.93
,3008,5100,train,3.5212,3351553,1117.93
,3009,5100,train,3.4938,3352656,1117.92
,3010,5100,train,3.3563,3353773,1117.92
,3011,5100,train,3.4643,3354876,1117.92
,3012,5100,train,3.5452,3356014,1117.93
,3013,5100,train,3.4178,3357119,1117.92
,3014,5100,train,3.4937,3358248,1117.93
,3015,5100,train,3.5678,3359356,1117.92
,3016,5100,train,3.5582,3360473,1117.92
,3017,5100,train,3.6178,3361577,1117.92
,3018,5100,train,3.3417,3362697,1117.92
,3019,5100,train,3.5018,3363798,1117.91
,3020,5100,train,3.6400,3364924,1117.92
,3021,5100,train,3.3949,3366032,1117.91
,3022,5100,train,3.4192,3367152,1117.91
,3023,5100,train,3.4881,3368255,1117.91
,3024,5100,train,3.5195,3369379,1117.91
,3025,5100,train,3.5207,3370480,1117.90
,3026,5100,train,3.4418,3371607,1117.91
,3027,5100,train,3.6210,3372717,1117.90
,3028,5100,train,3.6226,3373832,1117.90
,3029,5100,train,3.3866,3374935,1117.90
,3030,5100,train,3.4645,3376063,1117.90
,3031,5100,train,3.4222,3377172,1117.90
,3032,5100,train,3.4468,3378293,1117.90
,3033,5100,train,3.3707,3379397,1117.90
,3034,5100,train,3.6147,3380521,1117.90
,3035,5100,train,3.5780,3381627,1117.89
,3036,5100,train,3.4370,3382753,1117.90
,3037,5100,train,3.4757,3383856,1117.89
,3038,5100,train,3.6678,3384980,1117.89
,3039,5100,train,3.5058,3386084,1117.89
,3040,5100,train,3.3756,3387213,1117.89
,3041,5100,train,3.4835,3388316,1117.89
,3042,5100,train,3.4470,3389446,1117.89
,3043,5100,train,3.5340,3390554,1117.89
,3044,5100,train,3.4140,3391700,1117.90
,3045,5100,train,3.4813,3392803,1117.89
,3046,5100,train,3.6816,3393922,1117.89
,3047,5100,train,3.3960,3395024,1117.89
,3048,5100,train,3.5659,3396148,1117.89
,3049,5100,train,3.5326,3397254,1117.89
,3050,5100,train,3.4963,3398482,1117.92
,3051,5100,train,3.3761,3399579,1117.91
,3052,5100,train,3.4487,3400698,1117.92
,3053,5100,train,3.4375,3401798,1117.91
,3054,5100,train,3.5092,3402917,1117.91
,3055,5100,train,3.5205,3404018,1117.90
,3056,5100,train,3.5055,3405140,1117.91
,3057,5100,train,3.6028,3406243,1117.90
,3058,5100,train,3.2734,3407371,1117.90
,3059,5100,train,3.1054,3408477,1117.90
,3060,5100,train,3.5220,3409593,1117.90
,3061,5100,train,3.4458,3410695,1117.89
,3062,5100,train,3.4420,3411813,1117.89
,3063,5100,train,3.5193,3412915,1117.89
,3064,5100,train,3.4050,3414034,1117.89
,3065,5100,train,3.5456,3415138,1117.88
,3066,5100,train,3.5609,3416265,1117.89
,3067,5100,train,3.4957,3417374,1117.88
,3068,5100,train,3.4619,3418492,1117.88
,3069,5100,train,3.4381,3419596,1117.88
,3070,5100,train,3.5550,3420721,1117.88
,3071,5100,train,3.5220,3421820,1117.88
,3072,5100,train,3.4239,3422945,1117.88
,3073,5100,train,3.4066,3424052,1117.88
,3074,5100,train,3.4774,3425177,1117.88
,3075,5100,train,3.4627,3426277,1117.87
,3076,5100,train,3.4323,3427399,1117.87
,3077,5100,train,3.4510,3428498,1117.87
,3078,5100,train,3.5861,3429626,1117.87
,3079,5100,train,3.4235,3430734,1117.87
,3080,5100,train,3.2813,3431851,1117.87
,3081,5100,train,3.4843,3432956,1117.86
,3082,5100,train,3.5166,3434072,1117.86
,3083,5100,train,3.3409,3435178,1117.86
,3084,5100,train,3.4875,3436299,1117.86
,3085,5100,train,3.3978,3437404,1117.85
,3086,5100,train,3.4218,3438530,1117.86
,3087,5100,train,3.5051,3439635,1117.85
,3088,5100,train,3.4604,3440752,1117.85
,3089,5100,train,3.4188,3441855,1117.85
,3090,5100,train,3.9649,3442976,1117.85
,3091,5100,train,3.4246,3444077,1117.84
,3092,5100,train,3.5218,3445201,1117.85
,3093,5100,train,3.4264,3446303,1117.84
,3094,5100,train,3.4097,3447431,1117.84
,3095,5100,train,3.4644,3448536,1117.84
,3096,5100,train,3.6708,3449652,1117.84
,3097,5100,train,3.3911,3450756,1117.83
,3098,5100,train,3.4548,3451875,1117.84
,3099,5100,train,3.3145,3452977,1117.83
,3100,5100,train,3.2361,3454106,1117.83
,3101,5100,train,3.4326,3455214,1117.83
,3102,5100,train,3.3886,3456336,1117.83
,3103,5100,train,3.7103,3457442,1117.83
,3104,5100,train,3.4043,3458579,1117.83
,3105,5100,train,3.3182,3459680,1117.83
,3106,5100,train,3.5346,3460826,1117.84
,3107,5100,train,3.4175,3461929,1117.83
,3108,5100,train,3.4787,3463053,1117.84
,3109,5100,train,3.5481,3464156,1117.83
,3110,5100,train,3.4294,3465278,1117.83
,3111,5100,train,3.4424,3466380,1117.83
,3112,5100,train,3.5458,3467507,1117.83
,3113,5100,train,3.4502,3468616,1117.83
,3114,5100,train,3.4517,3469737,1117.83
,3115,5100,train,3.5498,3470843,1117.82
,3116,5100,train,3.4495,3471967,1117.83
,3117,5100,train,3.5335,3473075,1117.82
,3118,5100,train,3.5189,3474193,1117.82
,3119,5100,train,3.2825,3475297,1117.82
,3120,5100,train,3.4622,3476424,1117.82
,3121,5100,train,3.5089,3477534,1117.82
,3122,5100,train,3.4880,3478652,1117.82
,3123,5100,train,3.4861,3479756,1117.81
,3124,5100,train,3.4584,3480876,1117.82
,3125,5100,train,3.5020,3481976,1117.81
,3125,5100,val,3.4766,3481976,1117.81
,3126,5100,train,3.4031,3483104,1117.81
,3127,5100,train,3.4343,3484212,1117.81
,3128,5100,train,3.4079,3485330,1117.81
,3129,5100,train,3.4474,3486434,1117.80
,3130,5100,train,3.4437,3487549,1117.80
,3131,5100,train,3.4409,3488654,1117.80
,3132,5100,train,3.5662,3489781,1117.80
,3133,5100,train,3.4948,3490888,1117.80
,3134,5100,train,3.4694,3492008,1117.80
,3135,5100,train,3.5108,3493113,1117.80
,3136,5100,train,3.4578,3494246,1117.80
,3137,5100,train,3.5374,3495354,1117.80
,3138,5100,train,3.4104,3496476,1117.80
,3139,5100,train,3.5003,3497576,1117.79
,3140,5100,train,3.4635,3498707,1117.80
,3141,5100,train,3.4771,3499814,1117.79
,3142,5100,train,3.7028,3500955,1117.80
,3143,5100,train,3.3653,3502057,1117.80
,3144,5100,train,3.6519,3503180,1117.80
,3145,5100,train,3.4345,3504286,1117.79
,3146,5100,train,3.3970,3505410,1117.80
,3147,5100,train,3.5247,3506514,1117.79
,3148,5100,train,3.3793,3507635,1117.79
,3149,5100,train,3.4514,3508734,1117.79
,3150,5100,train,3.3914,3509857,1117.79
,3151,5100,train,3.4826,3510960,1117.78
,3152,5100,train,3.3801,3512086,1117.79
,3153,5100,train,3.4540,3513194,1117.78
,3154,5100,train,3.3091,3514317,1117.79
,3155,5100,train,3.2666,3515418,1117.78
,3156,5100,train,3.3587,3516546,1117.78
,3157,5100,train,3.5087,3517653,1117.78
,3158,5100,train,3.4630,3518772,1117.78
,3159,5100,train,3.4270,3519875,1117.78
,3160,5100,train,3.5346,3521006,1117.78
,3161,5100,train,3.4011,3522113,1117.78
,3162,5100,train,3.3468,3523232,1117.78
,3163,5100,train,3.5304,3524333,1117.77
,3164,5100,train,3.5286,3525455,1117.77
,3165,5100,train,3.4644,3526554,1117.77
,3166,5100,train,3.4949,3527690,1117.77
,3167,5100,train,3.2872,3528793,1117.77
,3168,5100,train,3.5763,3529923,1117.77
,3169,5100,train,3.2879,3531030,1117.77
,3170,5100,train,3.5533,3532151,1117.77
,3171,5100,train,3.2871,3533254,1117.76
,3172,5100,train,3.5076,3534375,1117.77
,3173,5100,train,3.4723,3535480,1117.76
,3174,5100,train,3.4762,3536609,1117.77
,3175,5100,train,3.3920,3537712,1117.76
,3176,5100,train,3.4951,3538858,1117.77
,3177,5100,train,3.5979,3539958,1117.76
,3178,5100,train,3.4612,3541085,1117.77
,3179,5100,train,3.4690,3542192,1117.76
,3180,5100,train,3.4036,3543308,1117.76
,3181,5100,train,3.4803,3544413,1117.76
,3182,5100,train,3.3616,3545547,1117.76
,3183,5100,train,3.5757,3546654,1117.76
,3184,5100,train,3.4759,3547772,1117.76
,3185,5100,train,3.4462,3548873,1117.76
,3186,5100,train,3.5419,3550002,1117.76
,3187,5100,train,3.3926,3551112,1117.76
,3188,5100,train,3.4447,3552228,1117.76
,3189,5100,train,3.4897,3553332,1117.75
,3190,5100,train,3.1916,3554453,1117.75
,3191,5100,train,3.4201,3555556,1117.75
,3192,5100,train,3.4778,3556683,1117.75
,3193,5100,train,3.3917,3557792,1117.75
,3194,5100,train,3.4349,3558909,1117.75
,3195,5100,train,3.4038,3560013,1117.74
,3196,5100,train,3.6006,3561146,1117.75
,3197,5100,train,3.3638,3562253,1117.74
,3198,5100,train,3.5328,3563370,1117.74
,3199,5100,train,3.3842,3564474,1117.74
,3200,5100,train,3.5492,3565599,1117.74
,3201,5100,train,3.5146,3566705,1117.74
,3202,5100,train,3.4371,3567828,1117.74
,3203,5100,train,3.3760,3568932,1117.74
,3204,5100,train,3.4702,3570049,1117.74
,3205,5100,train,3.5600,3571153,1117.73
,3206,5100,train,3.4841,3572294,1117.74
,3207,5100,train,3.4916,3573395,1117.73
,3208,5100,train,3.8586,3574514,1117.73
,3209,5100,train,3.6333,3575616,1117.73
,3210,5100,train,3.6686,3576737,1117.73
,3211,5100,train,3.4932,3577839,1117.73
,3212,5100,train,3.4752,3578965,1117.73
,3213,5100,train,3.4660,3580073,1117.72
,3214,5100,train,3.4395,3581191,1117.73
,3215,5100,train,3.3969,3582293,1117.72
,3216,5100,train,3.4824,3583414,1117.72
,3217,5100,train,3.4732,3584518,1117.72
,3218,5100,train,3.3934,3585644,1117.72
,3219,5100,train,3.4653,3586753,1117.72
,3220,5100,train,3.4930,3587869,1117.72
,3221,5100,train,3.6763,3588972,1117.71
,3222,5100,train,3.5138,3590096,1117.71
,3223,5100,train,3.1337,3591196,1117.71
,3224,5100,train,3.3644,3592326,1117.71
,3225,5100,train,3.3770,3593432,1117.71
,3226,5100,train,3.3898,3594550,1117.71
,3227,5100,train,3.3526,3595653,1117.70
,3228,5100,train,3.4003,3596772,1117.70
,3229,5100,train,3.3665,3597873,1117.70
,3230,5100,train,3.5613,3599000,1117.70
,3231,5100,train,3.5027,3600108,1117.70
,3232,5100,train,3.4134,3601227,1117.70
,3233,5100,train,3.4750,3602332,1117.70
,3234,5100,train,3.5423,3603455,1117.70
,3235,5100,train,3.4249,3604563,1117.69
,3236,5100,train,3.4688,3605686,1117.70
,3237,5100,train,3.4560,3606792,1117.69
,3238,5100,train,3.4057,3607925,1117.70
,3239,5100,train,3.5334,3609033,1117.69
,3240,5100,train,3.4397,3610153,1117.69
,3241,5100,train,3.3981,3611372,1117.73
,3242,5100,train,3.3812,3612503,1117.73
,3243,5100,train,3.4703,3613611,1117.73
,3244,5100,train,3.5057,3614735,1117.73
,3245,5100,train,3.4818,3615838,1117.72
,3246,5100,train,3.4769,3616967,1117.73
,3247,5100,train,3.2931,3618071,1117.72
,3248,5100,train,3.5074,3619189,1117.72
,3249,5100,train,3.3965,3620292,1117.72
,3250,5100,train,3.5322,3621410,1117.72
,3250,5100,val,3.4754,3621410,1117.72
,3251,5100,train,3.5453,3622518,1117.72
,3252,5100,train,3.5091,3623640,1117.72
,3253,5100,train,3.4068,3624741,1117.71
,3254,5100,train,3.3968,3625869,1117.72
,3255,5100,train,3.4459,3626976,1117.71
,3256,5100,train,3.4692,3628094,1117.71
,3257,5100,train,3.4656,3629200,1117.71
,3258,5100,train,3.2903,3630321,1117.71
,3259,5100,train,3.9722,3631421,1117.70
,3260,5100,train,3.4249,3632543,1117.71
,3261,5100,train,3.4543,3633645,1117.70
,3262,5100,train,3.3179,3634771,1117.70
,3263,5100,train,3.4629,3635877,1117.70
,3264,5100,train,3.3937,3636996,1117.70
,3265,5100,train,3.5033,3638100,1117.70
,3266,5100,train,3.5707,3639243,1117.70
,3267,5100,train,3.4396,3640344,1117.70
,3268,5100,train,3.4490,3641472,1117.70
,3269,5100,train,3.3991,3642581,1117.70
,3270,5100,train,3.4428,3643697,1117.70
,3271,5100,train,3.4223,3644800,1117.69
,3272,5100,train,3.5996,3645922,1117.70
,3273,5100,train,3.4814,3647027,1117.69
,3274,5100,train,3.5058,3648150,1117.69
,3275,5100,train,3.3309,3649258,1117.69
,3276,5100,train,3.6154,3650381,1117.69
,3277,5100,train,3.6125,3651481,1117.69
,3278,5100,train,3.2998,3652606,1117.69
,3279,5100,train,3.4024,3653715,1117.69
,3280,5100,train,3.4294,3654833,1117.69
,3281,5100,train,3.8643,3655940,1117.68
,3282,5100,train,3.3811,3657065,1117.68
,3283,5100,train,3.4566,3658170,1117.68
,3284,5100,train,3.3392,3659296,1117.68
,3285,5100,train,3.3508,3660401,1117.68
,3286,5100,train,3.3916,3661525,1117.68
,3287,5100,train,3.4651,3662626,1117.68
,3288,5100,train,3.4559,3663750,1117.68
,3289,5100,train,3.4958,3664857,1117.68
,3290,5100,train,3.4190,3665975,1117.68
,3291,5100,train,3.5306,3667082,1117.67
,3292,5100,train,3.4226,3668196,1117.67
,3293,5100,train,3.4737,3669299,1117.67
,3294,5100,train,3.3034,3670426,1117.67
,3295,5100,train,3.5766,3671529,1117.66
,3296,5100,train,3.4835,3672652,1117.67
,3297,5100,train,3.4944,3673757,1117.66
,3298,5100,train,3.4896,3674888,1117.67
,3299,5100,train,3.3557,3675996,1117.66
,3300,5100,train,3.3666,3677114,1117.66
,3301,5100,train,3.5617,3678220,1117.66
,3302,5100,train,3.3051,3679337,1117.66
,3303,5100,train,3.4180,3680440,1117.66
,3304,5100,train,3.3722,3681562,1117.66
,3305,5100,train,3.3815,3682662,1117.65
,3306,5100,train,3.5034,3683789,1117.65
,3307,5100,train,3.4743,3684896,1117.65
,3308,5100,train,3.3515,3686018,1117.65
,3309,5100,train,3.3850,3687121,1117.65
,3310,5100,train,3.5239,3688244,1117.65
,3311,5100,train,3.3715,3689349,1117.65
,3312,5100,train,3.4836,3690475,1117.65
,3313,5100,train,3.4934,3691581,1117.64
,3314,5100,train,3.4725,3692706,1117.65
,3315,5100,train,3.4881,3693814,1117.64
,3316,5100,train,3.3431,3694935,1117.65
,3317,5100,train,3.3583,3696040,1117.64
,3318,5100,train,3.4617,3697158,1117.64
,3319,5100,train,3.5605,3698261,1117.64
,3320,5100,train,3.5593,3699387,1117.64
,3321,5100,train,3.3828,3700493,1117.64
,3322,5100,train,3.9363,3701614,1117.64
,3323,5100,train,3.5174,3702720,1117.63
,3324,5100,train,3.5241,3703835,1117.63
,3325,5100,train,3.5030,3704941,1117.63
,3326,5100,train,3.5689,3706056,1117.63
,3327,5100,train,3.3812,3707158,1117.62
,3328,5100,train,3.3868,3708287,1117.63
,3329,5100,train,3.4192,3709394,1117.62
,3330,5100,train,3.4183,3710528,1117.63
,3331,5100,train,3.3981,3711627,1117.62
,3332,5100,train,3.3820,3712757,1117.63
,3333,5100,train,3.5504,3713861,1117.62
,3334,5100,train,3.5292,3714984,1117.62
,3335,5100,train,3.4659,3716088,1117.62
,3336,5100,train,3.4106,3717213,1117.62
,3337,5100,train,3.4741,3718320,1117.62
,3338,5100,train,3.4035,3719436,1117.62
,3339,5100,train,3.4124,3720541,1117.62
,3340,5100,train,3.5443,3721658,1117.61
,3341,5100,train,3.4177,3722760,1117.61
,3342,5100,train,3.3547,3723883,1117.61
,3343,5100,train,3.3333,3724984,1117.61
,3344,5100,train,3.5426,3726110,1117.61
,3345,5100,train,3.4880,3727217,1117.61
,3346,5100,train,3.4465,3728335,1117.61
,3347,5100,train,3.5360,3729440,1117.60
,3348,5100,train,3.3487,3730556,1117.60
,3349,5100,train,3.5702,3731659,1117.60
,3350,5100,train,3.5631,3732779,1117.60
,3351,5100,train,3.3611,3733880,1117.59
,3352,5100,train,3.3937,3735005,1117.60
,3353,5100,train,3.4108,3736101,1117.59
,3354,5100,train,3.8961,3737226,1117.59
,3355,5100,train,3.5585,3738337,1117.59
,3356,5100,train,3.5654,3739454,1117.59
,3357,5100,train,3.4016,3740559,1117.59
,3358,5100,train,3.5559,3741676,1117.59
,3359,5100,train,3.2543,3742779,1117.58
,3360,5100,train,3.4309,3743906,1117.58
,3361,5100,train,3.3557,3745010,1117.58
,3362,5100,train,3.4730,3746135,1117.58
,3363,5100,train,3.3831,3747239,1117.58
,3364,5100,train,3.2743,3748354,1117.58
,3365,5100,train,3.3973,3749458,1117.57
,3366,5100,train,3.4868,3750574,1117.57
,3367,5100,train,3.4775,3751678,1117.57
,3368,5100,train,3.5549,3752815,1117.57
,3369,5100,train,3.3778,3753918,1117.57
,3370,5100,train,3.4337,3755034,1117.57
,3371,5100,train,3.4360,3756139,1117.57
,3372,5100,train,3.2984,3757253,1117.56
,3373,5100,train,3.4922,3758357,1117.56
,3374,5100,train,3.3151,3759473,1117.56
,3375,5100,train,3.4990,3760578,1117.56
,3375,5100,val,3.4662,3760579,1117.56
,3376,5100,train,3.4396,3761703,1117.56
,3377,5100,train,3.4996,3762807,1117.55
,3378,5100,train,3.4903,3763928,1117.56
,3379,5100,train,3.3879,3765028,1117.55
,3380,5100,train,3.5230,3766143,1117.55
,3381,5100,train,3.3053,3767247,1117.55
,3382,5100,train,3.4423,3768366,1117.55
,3383,5100,train,3.4461,3769468,1117.54
,3384,5100,train,3.4241,3770592,1117.54
,3385,5100,train,3.4337,3771700,1117.54
,3386,5100,train,3.5197,3772822,1117.54
,3387,5100,train,3.8995,3773927,1117.54
,3388,5100,train,3.5668,3775044,1117.54
,3389,5100,train,3.4116,3776148,1117.53
,3390,5100,train,3.3595,3777275,1117.54
,3391,5100,train,3.3850,3778385,1117.53
,3392,5100,train,3.4240,3779523,1117.54
,3393,5100,train,3.4344,3780627,1117.54
,3394,5100,train,3.3775,3781743,1117.54
,3395,5100,train,3.5535,3782847,1117.53
,3396,5100,train,3.4739,3783964,1117.53
,3397,5100,train,3.5046,3785067,1117.53
,3398,5100,train,3.4249,3786193,1117.53
,3399,5100,train,3.4075,3787298,1117.53
,3400,5100,train,3.3997,3788419,1117.53
,3401,5100,train,3.3881,3789527,1117.52
,3402,5100,train,3.4246,3790642,1117.52
,3403,5100,train,3.4045,3791747,1117.52
,3404,5100,train,3.5010,3792874,1117.52
,3405,5100,train,3.4579,3793979,1117.52
,3406,5100,train,3.3596,3795102,1117.52
,3407,5100,train,3.4785,3796207,1117.52
,3408,5100,train,3.3624,3797327,1117.52
,3409,5100,train,3.5265,3798428,1117.51
,3410,5100,train,3.3902,3799555,1117.52
,3411,5100,train,3.4215,3800665,1117.51
,3412,5100,train,3.5026,3801785,1117.51
,3413,5100,train,3.2988,3802888,1117.51
,3414,5100,train,3.4021,3804017,1117.51
,3415,5100,train,3.3756,3805126,1117.51
,3416,5100,train,3.5323,3806243,1117.51
,3417,5100,train,3.3960,3807347,1117.51
,3418,5100,train,3.5484,3808476,1117.51
,3419,5100,train,3.5247,3809583,1117.51
,3420,5100,train,3.6496,3810700,1117.51
,3421,5100,train,3.4525,3811805,1117.50
,3422,5100,train,3.4577,3812923,1117.50
,3423,5100,train,3.4201,3814027,1117.50
,3424,5100,train,3.3613,3815164,1117.51
,3425,5100,train,3.4813,3816269,1117.50
,3426,5100,train,3.5127,3817392,1117.50
,3427,5100,train,3.4332,3818498,1117.50
,3428,5100,train,3.4796,3819622,1117.50
,3429,5100,train,3.3502,3820727,1117.50
,3430,5100,train,3.9358,3821843,1117.50
,3431,5100,train,3.6406,3822946,1117.49
,3432,5100,train,3.3582,3824183,1117.53
,3433,5100,train,3.4225,3825289,1117.53
,3434,5100,train,3.4477,3826417,1117.53
,3435,5100,train,3.3092,3827524,1117.53
,3436,5100,train,3.4213,3828641,1117.53
,3437,5100,train,3.4493,3829748,1117.52
,3438,5100,train,3.5428,3830868,1117.52
,3439,5100,train,3.3014,3831968,1117.52
,3440,5100,train,3.4419,3833093,1117.52
,3441,5100,train,3.3908,3834202,1117.52
,3442,5100,train,3.5164,3835321,1117.52
,3443,5100,train,3.3567,3836427,1117.51
,3444,5100,train,3.4943,3837543,1117.51
,3445,5100,train,3.4875,3838647,1117.51
,3446,5100,train,3.4887,3839768,1117.51
,3447,5100,train,3.3753,3840868,1117.51
,3448,5100,train,3.3622,3841996,1117.51
,3449,5100,train,3.6368,3843103,1117.51
,3450,5100,train,3.3518,3844221,1117.51
,3451,5100,train,3.6023,3845327,1117.50
,3452,5100,train,3.8454,3846446,1117.50
,3453,5100,train,3.3308,3847548,1117.50
,3454,5100,train,3.4273,3848704,1117.51
,3455,5100,train,3.5845,3849809,1117.51
,3456,5100,train,3.4857,3850934,1117.51
,3457,5100,train,3.4633,3852036,1117.50
,3458,5100,train,3.5225,3853162,1117.51
,3459,5100,train,3.4091,3854268,1117.50
,3460,5100,train,3.7413,3855390,1117.50
,3461,5100,train,3.5640,3856495,1117.50
,3462,5100,train,3.5953,3857620,1117.50
,3463,5100,train,3.5128,3858726,1117.50
,3464,5100,train,3.4245,3859848,1117.50
,3465,5100,train,3.4562,3860947,1117.50
,3466,5100,train,3.6102,3862073,1117.50
,3467,5100,train,3.5295,3863182,1117.50
,3468,5100,train,3.6707,3864301,1117.50
,3469,5100,train,3.4722,3865406,1117.49
,3470,5100,train,3.5439,3866530,1117.49
,3471,5100,train,3.3867,3867629,1117.49
,3472,5100,train,3.5584,3868759,1117.49
,3473,5100,train,3.4420,3869865,1117.49
,3474,5100,train,3.4796,3870980,1117.49
,3475,5100,train,3.3976,3872085,1117.48
,3476,5100,train,3.2590,3873205,1117.49
,3477,5100,train,3.3970,3874306,1117.48
,3478,5100,train,3.3462,3875432,1117.48
,3479,5100,train,3.4446,3876536,1117.48
,3480,5100,train,3.4043,3877661,1117.48
,3481,5100,train,3.3527,3878767,1117.48
,3482,5100,train,3.2364,3879882,1117.48
,3483,5100,train,3.4862,3880988,1117.47
,3484,5100,train,3.3277,3882110,1117.48
,3485,5100,train,3.3538,3883217,1117.47
,3486,5100,train,3.4105,3884360,1117.48
,3487,5100,train,3.4184,3885466,1117.48
,3488,5100,train,3.4873,3886582,1117.48
,3489,5100,train,3.4755,3887686,1117.47
,3490,5100,train,3.4255,3888812,1117.47
,3491,5100,train,3.3949,3889922,1117.47
,3492,5100,train,3.4552,3891040,1117.47
,3493,5100,train,3.4922,3892147,1117.47
,3494,5100,train,3.4774,3893270,1117.47
,3495,5100,train,3.4936,3894371,1117.47
,3496,5100,train,3.3524,3895494,1117.47
,3497,5100,train,3.4386,3896605,1117.47
,3498,5100,train,3.3938,3897723,1117.47
,3499,5100,train,3.4274,3898826,1117.46
,3500,5100,train,3.3775,3899950,1117.46
,3500,5100,val,3.4561,3899951,1117.46
,3501,5100,train,3.3606,3901061,1117.46
,3502,5100,train,3.3190,3902183,1117.46
,3503,5100,train,3.4588,3903292,1117.46
,3504,5100,train,3.3813,3904408,1117.46
,3505,5100,train,3.3902,3905512,1117.46
,3506,5100,train,3.3693,3906641,1117.46
,3507,5100,train,3.2866,3907749,1117.46
,3508,5100,train,3.4714,3908867,1117.46
,3509,5100,train,3.4500,3909972,1117.45
,3510,5100,train,3.3293,3911113,1117.46
,3511,5100,train,3.4227,3912216,1117.46
,3512,5100,train,3.3229,3913337,1117.46
,3513,5100,train,3.4565,3914437,1117.45
,3514,5100,train,3.4401,3915562,1117.45
,3515,5100,train,3.3462,3916670,1117.45
,3516,5100,train,3.3304,3917788,1117.45
,3517,5100,train,3.5300,3918890,1117.45
,3518,5100,train,3.4887,3920008,1117.45
,3519,5100,train,3.3732,3921111,1117.44
,3520,5100,train,3.4332,3922228,1117.44
,3521,5100,train,3.4165,3923331,1117.44
,3522,5100,train,3.5061,3924450,1117.44
,3523,5100,train,3.3693,3925553,1117.44
,3524,5100,train,3.4419,3926672,1117.44
,3525,5100,train,3.5981,3927772,1117.43
,3526,5100,train,3.4921,3928890,1117.43
,3527,5100,train,3.3700,3929991,1117.43
,3528,5100,train,3.4745,3931109,1117.43
,3529,5100,train,3.4230,3932211,1117.42
,3530,5100,train,3.4380,3933332,1117.42
,3531,5100,train,3.4783,3934431,1117.42
,3532,5100,train,3.3453,3935548,1117.42
,3533,5100,train,3.4903,3936651,1117.41
,3534,5100,train,3.4815,3937774,1117.42
,3535,5100,train,3.5196,3938876,1117.41
,3536,5100,train,3.4186,3940003,1117.41
,3537,5100,train,3.5844,3941109,1117.41
,3538,5100,train,3.4273,3942226,1117.41
,3539,5100,train,3.3453,3943332,1117.41
,3540,5100,train,3.6869,3944462,1117.41
,3541,5100,train,3.4501,3945570,1117.41
,3542,5100,train,3.3108,3946704,1117.41
,3543,5100,train,3.6402,3947808,1117.41
,3544,5100,train,3.3475,3948927,1117.41
,3545,5100,train,3.4735,3950032,1117.41
,3546,5100,train,3.5062,3951158,1117.41
,3547,5100,train,3.4143,3952266,1117.41
,3548,5100,train,3.2989,3953388,1117.41
,3549,5100,train,3.5398,3954493,1117.40
,3550,5100,train,3.3388,3955613,1117.40
,3551,5100,train,3.4197,3956713,1117.40
,3552,5100,train,3.4506,3957832,1117.40
,3553,5100,train,3.3706,3958933,1117.40
,3554,5100,train,3.3753,3960062,1117.40
,3555,5100,train,3.2948,3961170,1117.40
,3556,5100,train,3.3801,3962287,1117.40
,3557,5100,train,3.2928,3963392,1117.39
,3558,5100,train,3.4913,3964512,1117.39
,3559,5100,train,3.4724,3965613,1117.39
,3560,5100,train,3.4950,3966732,1117.39
,3561,5100,train,3.3874,3967835,1117.39
,3562,5100,train,3.5327,3968964,1117.39
,3563,5100,train,3.3826,3970071,1117.39
,3564,5100,train,3.3779,3971189,1117.39
,3565,5100,train,3.4963,3972291,1117.38
,3566,5100,train,3.2776,3973415,1117.38
,3567,5100,train,3.3489,3974518,1117.38
,3568,5100,train,3.4189,3975644,1117.38
,3569,5100,train,3.4388,3976752,1117.38
,3570,5100,train,3.5858,3977873,1117.38
,3571,5100,train,3.4896,3978975,1117.38
,3572,5100,train,3.3833,3980112,1117.38
,3573,5100,train,3.4972,3981213,1117.38
,3574,5100,train,3.5492,3982352,1117.38
,3575,5100,train,3.5707,3983453,1117.38
,3576,5100,train,3.3940,3984570,1117.38
,3577,5100,train,3.4360,3985672,1117.37
,3578,5100,train,3.4528,3986800,1117.38
,3579,5100,train,3.3327,3987908,1117.37
,3580,5100,train,3.3596,3989027,1117.37
,3581,5100,train,3.3320,3990133,1117.37
,3582,5100,train,3.4203,3991248,1117.37
,3583,5100,train,3.2670,3992352,1117.37
,3584,5100,train,3.5046,3993473,1117.37
,3585,5100,train,3.3144,3994573,1117.36
,3586,5100,train,3.3259,3995694,1117.36
,3587,5100,train,3.4230,3996797,1117.36
,3588,5100,train,3.5225,3997922,1117.36
,3589,5100,train,3.3990,3999028,1117.36
,3590,5100,train,3.4073,4000152,1117.36
,3591,5100,train,3.2795,4001257,1117.36
,3592,5100,train,3.3826,4002385,1117.36
,3593,5100,train,3.3887,4003490,1117.36
,3594,5100,train,3.4363,4004609,1117.36
,3595,5100,train,3.3696,4005711,1117.35
,3596,5100,train,3.3934,4006832,1117.35
,3597,5100,train,3.5679,4007934,1117.35
,3598,5100,train,3.4638,4009061,1117.35
,3599,5100,train,3.3992,4010170,1117.35
,3600,5100,train,3.4459,4011287,1117.35
,3601,5100,train,3.5630,4012393,1117.35
,3602,5100,train,3.0878,4013520,1117.35
,3603,5100,train,3.3698,4014626,1117.35
,3604,5100,train,3.3633,4015758,1117.35
,3605,5100,train,3.5840,4016860,1117.35
,3606,5100,train,3.3344,4017985,1117.35
,3607,5100,train,3.4420,4019091,1117.35
,3608,5100,train,3.5404,4020207,1117.35
,3609,5100,train,3.4554,4021311,1117.34
,3610,5100,train,3.4133,4022429,1117.34
,3611,5100,train,3.4470,4023531,1117.34
,3612,5100,train,3.3423,4024657,1117.34
,3613,5100,train,3.4446,4025767,1117.34
,3614,5100,train,3.3662,4026885,1117.34
,3615,5100,train,3.5358,4027992,1117.33
,3616,5100,train,3.4490,4029108,1117.33
,3617,5100,train,3.5720,4030212,1117.33
,3618,5100,train,3.4398,4031336,1117.33
,3619,5100,train,3.4105,4032440,1117.33
,3620,5100,train,3.3444,4033566,1117.33
,3621,5100,train,3.4063,4034672,1117.33
,3622,5100,train,3.3469,4035908,1117.36
,3623,5100,train,3.1588,4037011,1117.36
,3624,5100,train,3.4886,4038129,1117.36
,3625,5100,train,3.3984,4039232,1117.35
,3625,5100,val,3.4510,4039233,1117.35
,3626,5100,train,3.4822,4040355,1117.35
,3627,5100,train,3.5973,4041461,1117.35
,3628,5100,train,3.2751,4042579,1117.35
,3629,5100,train,3.4215,4043684,1117.35
,3630,5100,train,3.4952,4044834,1117.36
,3631,5100,train,3.3596,4045940,1117.35
,3632,5100,train,3.3617,4047060,1117.36
,3633,5100,train,3.3903,4048163,1117.35
,3634,5100,train,3.5071,4049281,1117.35
,3635,5100,train,3.4624,4050383,1117.35
,3636,5100,train,3.3534,4051499,1117.35
,3637,5100,train,3.3284,4052602,1117.34
,3638,5100,train,3.4955,4053729,1117.35
,3639,5100,train,3.6627,4054840,1117.34
,3640,5100,train,3.4978,4055961,1117.34
,3641,5100,train,3.2084,4057064,1117.34
,3642,5100,train,3.4442,4058191,1117.34
,3643,5100,train,3.4315,4059296,1117.34
,3644,5100,train,3.3723,4060417,1117.34
,3645,5100,train,3.4061,4061523,1117.34
,3646,5100,train,3.3989,4062641,1117.34
,3647,5100,train,3.2292,4063742,1117.33
,3648,5100,train,3.3874,4064861,1117.33
,3649,5100,train,3.3971,4065963,1117.33
,3650,5100,train,3.3040,4067086,1117.33
,3651,5100,train,3.4289,4068188,1117.33
,3652,5100,train,3.6646,4069312,1117.33
,3653,5100,train,3.4430,4070420,1117.33
,3654,5100,train,3.4984,4071538,1117.33
,3655,5100,train,3.6105,4072643,1117.32
,3656,5100,train,3.4511,4073770,1117.33
,3657,5100,train,3.3950,4074867,1117.32
,3658,5100,train,3.4223,4075991,1117.32
,3659,5100,train,3.4855,4077094,1117.32
,3660,5100,train,3.5326,4078227,1117.32
,3661,5100,train,3.5110,4079327,1117.32
,3662,5100,train,3.3361,4080465,1117.32
,3663,5100,train,3.4717,4081564,1117.32
,3664,5100,train,3.3494,4082682,1117.32
,3665,5100,train,3.4774,4083783,1117.31
,3666,5100,train,3.2927,4084901,1117.31
,3667,5100,train,3.7046,4086003,1117.31
,3668,5100,train,3.4826,4087130,1117.31
,3669,5100,train,3.4068,4088239,1117.31
,3670,5100,train,3.2979,4089359,1117.31
,3671,5100,train,3.2833,4090462,1117.31
,3672,5100,train,3.3857,4091582,1117.31
,3673,5100,train,3.2991,4092683,1117.30
,3674,5100,train,3.6831,4093811,1117.31
,3675,5100,train,3.3714,4094921,1117.30
,3676,5100,train,3.4281,4096038,1117.30
,3677,5100,train,3.4454,4097142,1117.30
,3678,5100,train,3.2936,4098266,1117.30
,3679,5100,train,3.3319,4099368,1117.30
,3680,5100,train,3.3222,4100492,1117.30
,3681,5100,train,3.5175,4101600,1117.30
,3682,5100,train,3.4089,4102718,1117.30
,3683,5100,train,3.4732,4103822,1117.29
,3684,5100,train,3.4821,4104939,1117.29
,3685,5100,train,3.3995,4106043,1117.29
,3686,5100,train,3.4350,4107174,1117.29
,3687,5100,train,3.4955,4108282,1117.29
,3688,5100,train,3.4233,4109402,1117.29
,3689,5100,train,3.4917,4110504,1117.29
,3690,5100,train,3.5249,4111631,1117.29
,3691,5100,train,3.4950,4112738,1117.29
,3692,5100,train,3.3843,4113875,1117.29
,3693,5100,train,3.3275,4114985,1117.29
,3694,5100,train,3.5256,4116102,1117.29
,3695,5100,train,3.3702,4117204,1117.29
,3696,5100,train,3.4486,4118325,1117.29
,3697,5100,train,3.2885,4119424,1117.28
,3698,5100,train,3.3673,4120557,1117.29
,3699,5100,train,3.2818,4121664,1117.28
,3700,5100,train,3.3941,4122792,1117.29
,3701,5100,train,3.6345,4123902,1117.29
,3702,5100,train,3.3777,4125023,1117.29
,3703,5100,train,3.6078,4126124,1117.28
,3704,5100,train,3.5278,4127253,1117.29
,3705,5100,train,3.4743,4128362,1117.28
,3706,5100,train,3.4002,4129480,1117.28
,3707,5100,train,3.5149,4130582,1117.28
,3708,5100,train,3.4791,4131709,1117.28
,3709,5100,train,3.3972,4132819,1117.28
,3710,5100,train,3.4547,4133939,1117.28
,3711,5100,train,3.4219,4135042,1117.28
,3712,5100,train,3.6158,4136165,1117.28
,3713,5100,train,3.4910,4137269,1117.27
,3714,5100,train,3.3225,4138396,1117.28
,3715,5100,train,3.5206,4139502,1117.27
,3716,5100,train,3.3949,4140625,1117.28
,3717,5100,train,3.4015,4141728,1117.27
,3718,5100,train,3.4563,4142858,1117.28
,3719,5100,train,3.3722,4143963,1117.27
,3720,5100,train,3.4433,4145083,1117.27
,3721,5100,train,3.4178,4146186,1117.27
,3722,5100,train,3.3880,4147314,1117.27
,3723,5100,train,3.4273,4148422,1117.27
,3724,5100,train,3.4285,4149570,1117.28
,3725,5100,train,3.4121,4150671,1117.27
,3726,5100,train,3.4320,4151786,1117.27
,3727,5100,train,3.5022,4152886,1117.27
,3728,5100,train,3.3445,4154013,1117.27
,3729,5100,train,3.4451,4155122,1117.27
,3730,5100,train,3.4917,4156239,1117.27
,3731,5100,train,3.4225,4157341,1117.26
,3732,5100,train,3.4325,4158473,1117.27
,3733,5100,train,3.5709,4159582,1117.27
,3734,5100,train,3.3233,4160699,1117.27
,3735,5100,train,3.3333,4161803,1117.26
,3736,5100,train,3.6792,4162933,1117.27
,3737,5100,train,3.4307,4164041,1117.26
,3738,5100,train,3.3026,4165158,1117.26
,3739,5100,train,3.5448,4166262,1117.26
,3740,5100,train,3.2833,4167379,1117.26
,3741,5100,train,3.5063,4168482,1117.26
,3742,5100,train,3.3490,4169606,1117.26
,3743,5100,train,3.4908,4170718,1117.26
,3744,5100,train,3.3249,4171836,1117.26
,3745,5100,train,3.4426,4172941,1117.25
,3746,5100,train,3.4588,4174063,1117.25
,3747,5100,train,3.3788,4175166,1117.25
,3748,5100,train,3.4731,4176291,1117.25
,3749,5100,train,3.3767,4177399,1117.25
,3750,5100,train,3.5256,4178517,1117.25
,3750,5100,val,3.4386,4178517,1117.25
,3751,5100,train,3.7002,4179630,1117.25
,3752,5100,train,3.4238,4180752,1117.25
,3753,5100,train,3.4691,4181857,1117.25
,3754,5100,train,3.4507,4182973,1117.25
,3755,5100,train,3.4503,4184076,1117.24
,3756,5100,train,3.3038,4185196,1117.24
,3757,5100,train,3.4229,4186297,1117.24
,3758,5100,train,3.4639,4187426,1117.24
,3759,5100,train,3.3895,4188533,1117.24
,3760,5100,train,3.5882,4189653,1117.24
,3761,5100,train,3.4049,4190755,1117.24
,3762,5100,train,3.3624,4191881,1117.24
,3763,5100,train,3.3508,4192994,1117.24
,3764,5100,train,3.4668,4194113,1117.24
,3765,5100,train,3.3543,4195217,1117.23
,3766,5100,train,3.3881,4196334,1117.23
,3767,5100,train,3.9250,4197438,1117.23
,3768,5100,train,3.3259,4198557,1117.23
,3769,5100,train,3.5128,4199658,1117.23
,3770,5100,train,3.3964,4200779,1117.23
,3771,5100,train,3.4384,4201886,1117.23
,3772,5100,train,3.3696,4203010,1117.23
,3773,5100,train,3.5212,4204117,1117.22
,3774,5100,train,3.4290,4205238,1117.23
,3775,5100,train,3.3684,4206340,1117.22
,3776,5100,train,3.3827,4207467,1117.22
,3777,5100,train,3.1440,4208575,1117.22
,3778,5100,train,3.4288,4209710,1117.23
,3779,5100,train,3.4104,4210818,1117.22
,3780,5100,train,3.5776,4211937,1117.22
,3781,5100,train,3.3846,4213038,1117.22
,3782,5100,train,3.3046,4214157,1117.22
,3783,5100,train,3.2935,4215258,1117.22
,3784,5100,train,3.4421,4216385,1117.22
,3785,5100,train,3.4007,4217494,1117.22
,3786,5100,train,3.3374,4218620,1117.22
,3787,5100,train,3.4604,4219732,1117.22
,3788,5100,train,3.3945,4220851,1117.22
,3789,5100,train,3.4461,4221957,1117.22
,3790,5100,train,3.4799,4223074,1117.22
,3791,5100,train,2.9171,4224177,1117.21
,3792,5100,train,3.4546,4225307,1117.21
,3793,5100,train,3.6241,4226415,1117.21
,3794,5100,train,3.4208,4227533,1117.21
,3795,5100,train,3.3289,4228636,1117.21
,3796,5100,train,3.5596,4229755,1117.21
,3797,5100,train,3.7086,4230857,1117.21
,3798,5100,train,3.3424,4231984,1117.21
,3799,5100,train,3.3766,4233093,1117.21
,3800,5100,train,3.3953,4234211,1117.21
,3801,5100,train,3.3350,4235318,1117.20
,3802,5100,train,3.3984,4236433,1117.20
,3803,5100,train,3.3853,4237536,1117.20
,3804,5100,train,3.4606,4238660,1117.20
,3805,5100,train,3.3647,4239759,1117.20
,3806,5100,train,3.5407,4240883,1117.20
,3807,5100,train,3.5296,4241993,1117.20
,3808,5100,train,3.5905,4243112,1117.20
,3809,5100,train,3.4821,4244217,1117.19
,3810,5100,train,3.5395,4245362,1117.20
,3811,5100,train,3.5226,4246462,1117.20
,3812,5100,train,3.2872,4247587,1117.20
,3813,5100,train,3.3232,4248791,1117.22
,3814,5100,train,3.3303,4249914,1117.22
,3815,5100,train,3.3123,4251018,1117.22
,3816,5100,train,3.4129,4252145,1117.22
,3817,5100,train,3.4914,4253251,1117.22
,3818,5100,train,3.3628,4254371,1117.22
,3819,5100,train,3.3614,4255475,1117.22
,3820,5100,train,3.3171,4256596,1117.22
,3821,5100,train,3.4287,4257696,1117.21
,3822,5100,train,3.4184,4258818,1117.21
,3823,5100,train,3.3943,4259926,1117.21
,3824,5100,train,3.5063,4261049,1117.21
,3825,5100,train,3.4978,4262156,1117.21
,3826,5100,train,3.5580,4263272,1117.21
,3827,5100,train,3.3797,4264376,1117.21
,3828,5100,train,3.2573,4265494,1117.21
,3829,5100,train,3.6931,4266596,1117.20
,3830,5100,train,3.3920,4267719,1117.20
,3831,5100,train,3.3353,4268819,1117.20
,3832,5100,train,3.3417,4269946,1117.20
,3833,5100,train,3.5520,4271055,1117.20
,3834,5100,train,3.4004,4272171,1117.20
,3835,5100,train,3.3436,4273276,1117.20
,3836,5100,train,3.3676,4274395,1117.20
,3837,5100,train,3.4250,4275497,1117.19
,3838,5100,train,3.3612,4276620,1117.19
,3839,5100,train,3.3870,4277719,1117.19
,3840,5100,train,3.4379,4278847,1117.19
,3841,5100,train,3.3817,4279954,1117.19
,3842,5100,train,3.4900,4281091,1117.20
,3843,5100,train,3.3637,4282196,1117.19
,3844,5100,train,3.4340,4283313,1117.19
,3845,5100,train,3.3919,4284417,1117.19
,3846,5100,train,3.5165,4285533,1117.19
,3847,5100,train,3.5465,4286637,1117.18
,3848,5100,train,3.2439,4287752,1117.18
,3849,5100,train,3.3697,4288856,1117.18
,3850,5100,train,3.5174,4289975,1117.18
,3851,5100,train,3.3892,4291076,1117.18
,3852,5100,train,3.3598,4292199,1117.18
,3853,5100,train,3.4584,4293303,1117.17
,3854,5100,train,3.2957,4294429,1117.18
,3855,5100,train,3.3777,4295535,1117.17
,3856,5100,train,3.4803,4296651,1117.17
,3857,5100,train,3.2498,4297755,1117.17
,3858,5100,train,3.4539,4298871,1117.17
,3859,5100,train,3.4185,4299975,1117.17
,3860,5100,train,3.3003,4301095,1117.17
,3861,5100,train,3.3321,4302196,1117.16
,3862,5100,train,3.5907,4303325,1117.17
,3863,5100,train,3.5689,4304433,1117.16
,3864,5100,train,3.4055,4305552,1117.16
,3865,5100,train,3.3866,4306656,1117.16
,3866,5100,train,3.4108,4307782,1117.16
,3867,5100,train,3.4863,4308893,1117.16
,3868,5100,train,3.5259,4310010,1117.16
,3869,5100,train,3.7340,4311116,1117.16
,3870,5100,train,3.4458,4312232,1117.16
,3871,5100,train,3.4493,4313337,1117.16
,3872,5100,train,3.5143,4314458,1117.16
,3873,5100,train,3.3277,4315565,1117.15
,3874,5100,train,3.3476,4316699,1117.16
,3875,5100,train,3.3317,4317798,1117.15
,3875,5100,val,3.4235,4317798,1117.15
,3876,5100,train,3.4516,4318921,1117.15
,3877,5100,train,3.5480,4320028,1117.15
,3878,5100,train,3.3854,4321148,1117.15
,3879,5100,train,3.2614,4322255,1117.15
,3880,5100,train,3.7586,4323370,1117.15
,3881,5100,train,3.4776,4324474,1117.15
,3882,5100,train,3.4713,4325598,1117.15
,3883,5100,train,3.5024,4326702,1117.14
,3884,5100,train,3.4112,4327826,1117.15
,3885,5100,train,3.4176,4328933,1117.14
,3886,5100,train,3.2225,4330057,1117.15
,3887,5100,train,3.2658,4331159,1117.14
,3888,5100,train,3.3838,4332288,1117.14
,3889,5100,train,3.3468,4333394,1117.14
,3890,5100,train,3.3466,4334515,1117.14
,3891,5100,train,3.3441,4335614,1117.14
,3892,5100,train,3.4861,4336742,1117.14
,3893,5100,train,3.4455,4337853,1117.14
,3894,5100,train,3.3550,4338970,1117.14
,3895,5100,train,3.1905,4340073,1117.14
,3896,5100,train,3.5484,4341203,1117.14
,3897,5100,train,3.4146,4342314,1117.14
,3898,5100,train,3.2956,4343463,1117.15
,3899,5100,train,3.2958,4344567,1117.14
,3900,5100,train,3.2586,4345691,1117.14
,3901,5100,train,3.3739,4346794,1117.14
,3902,5100,train,3.5209,4347921,1117.14
,3903,5100,train,3.3662,4349031,1117.14
,3904,5100,train,3.3290,4350148,1117.14
,3905,5100,train,3.4580,4351254,1117.14
,3906,5100,train,3.3226,4352394,1117.14
,3907,5100,train,3.3513,4353495,1117.14
,3908,5100,train,3.6562,4354619,1117.14
,3909,5100,train,3.2811,4355728,1117.14
,3910,5100,train,3.4026,4356848,1117.14
,3911,5100,train,3.3185,4357953,1117.14
,3912,5100,train,3.4046,4359073,1117.14
,3913,5100,train,3.3378,4360174,1117.13
,3914,5100,train,3.3116,4361298,1117.14
,3915,5100,train,3.5705,4362396,1117.13
,3916,5100,train,3.3702,4363524,1117.13
,3917,5100,train,3.3450,4364631,1117.13
,3918,5100,train,3.4372,4365751,1117.13
,3919,5100,train,3.3508,4366854,1117.13
,3920,5100,train,3.3489,4367972,1117.13
,3921,5100,train,3.4413,4369073,1117.12
,3922,5100,train,3.2547,4370199,1117.13
,3923,5100,train,3.6043,4371306,1117.12
,3924,5100,train,3.4414,4372428,1117.13
,3925,5100,train,3.3816,4373534,1117.12
,3926,5100,train,3.3679,4374652,1117.12
,3927,5100,train,3.4133,4375754,1117.12
,3928,5100,train,3.2917,4376880,1117.12
,3929,5100,train,3.4020,4377989,1117.12
,3930,5100,train,3.3001,4379112,1117.12
,3931,5100,train,3.5131,4380214,1117.12
,3932,5100,train,3.4567,4381361,1117.12
,3933,5100,train,3.1662,4382469,1117.12
,3934,5100,train,3.4186,4383590,1117.12
,3935,5100,train,3.3466,4384694,1117.12
,3936,5100,train,3.4632,4385823,1117.12
,3937,5100,train,3.3092,4386931,1117.12
,3938,5100,train,3.3900,4388058,1117.12
,3939,5100,train,3.4386,4389168,1117.12
,3940,5100,train,3.3291,4390288,1117.12
,3941,5100,train,3.5154,4391394,1117.12
,3942,5100,train,3.3751,4392522,1117.12
,3943,5100,train,3.3958,4393632,1117.12
,3944,5100,train,3.3502,4394757,1117.12
,3945,5100,train,3.3557,4395859,1117.12
,3946,5100,train,3.4244,4396984,1117.12
,3947,5100,train,3.3521,4398093,1117.12
,3948,5100,train,3.6009,4399209,1117.12
,3949,5100,train,3.3745,4400313,1117.11
,3950,5100,train,3.2634,4401440,1117.12
,3951,5100,train,3.3789,4402545,1117.11
,3952,5100,train,3.4051,4403669,1117.12
,3953,5100,train,3.4031,4404773,1117.11
,3954,5100,train,3.3837,4405900,1117.11
,3955,5100,train,3.3138,4407010,1117.11
,3956,5100,train,3.3752,4408130,1117.11
,3957,5100,train,3.3318,4409235,1117.11
,3958,5100,train,3.5476,4410361,1117.11
,3959,5100,train,3.3163,4411465,1117.11
,3960,5100,train,3.4600,4412587,1117.11
,3961,5100,train,3.4961,4413693,1117.11
,3962,5100,train,3.3669,4414810,1117.11
,3963,5100,train,3.2523,4415913,1117.10
,3964,5100,train,3.5122,4417060,1117.11
,3965,5100,train,3.5277,4418162,1117.11
,3966,5100,train,3.4473,4419290,1117.11
,3967,5100,train,3.6252,4420394,1117.11
,3968,5100,train,3.2682,4421511,1117.11
,3969,5100,train,3.0246,4422614,1117.10
,3970,5100,train,3.2442,4423736,1117.10
,3971,5100,train,3.3529,4424841,1117.10
,3972,5100,train,3.4693,4425967,1117.10
,3973,5100,train,3.7929,4427073,1117.10
,3974,5100,train,3.1913,4428189,1117.10
,3975,5100,train,3.4980,4429293,1117.10
,3976,5100,train,3.3708,4430420,1117.10
,3977,5100,train,3.2788,4431527,1117.10
,3978,5100,train,3.3525,4432648,1117.10
,3979,5100,train,3.5293,4433753,1117.10
,3980,5100,train,3.2397,4434872,1117.10
,3981,5100,train,3.2458,4435976,1117.09
,3982,5100,train,3.2685,4437105,1117.10
,3983,5100,train,3.3023,4438211,1117.09
,3984,5100,train,3.4370,4439330,1117.09
,3985,5100,train,3.4643,4440433,1117.09
,3986,5100,train,3.3702,4441552,1117.09
,3987,5100,train,3.3752,4442654,1117.09
,3988,5100,train,3.4086,4443779,1117.09
,3989,5100,train,3.4952,4444890,1117.09
,3990,5100,train,3.3264,4446008,1117.09
,3991,5100,train,3.2935,4447112,1117.08
,3992,5100,train,3.5876,4448232,1117.08
,3993,5100,train,3.3664,4449334,1117.08
,3994,5100,train,3.3051,4450457,1117.08
,3995,5100,train,3.3482,4451563,1117.08
,3996,5100,train,3.4086,4452706,1117.09
,3997,5100,train,3.3586,4453809,1117.08
,3998,5100,train,3.2753,4454930,1117.08
,3999,5100,train,3.2938,4456034,1117.08
,4000,5100,train,3.4619,4457158,1117.08
,4000,5100,val,3.4114,4457158,1117.08
,4001,5100,train,3.4691,4458269,1117.08
,4002,5100,train,3.4782,4459389,1117.08
,4003,5100,train,3.3670,4460493,1117.08
,4004,5100,train,3.3254,4461808,1117.13
,4005,5100,train,3.4076,4462914,1117.12
,4006,5100,train,3.3817,4464031,1117.12
,4007,5100,train,3.2527,4465134,1117.12
,4008,5100,train,3.4004,4466250,1117.12
,4009,5100,train,3.3723,4467353,1117.12
,4010,5100,train,3.3987,4468470,1117.12
,4011,5100,train,3.3530,4469573,1117.11
,4012,5100,train,3.3111,4470689,1117.11
,4013,5100,train,3.4508,4471795,1117.11
,4014,5100,train,3.4046,4472913,1117.11
,4015,5100,train,3.4232,4474014,1117.11
,4016,5100,train,3.5490,4475141,1117.11
,4017,5100,train,3.4217,4476246,1117.11
,4018,5100,train,3.3608,4477368,1117.11
,4019,5100,train,3.3979,4478474,1117.10
,4020,5100,train,3.3740,4479613,1117.11
,4021,5100,train,3.4961,4480715,1117.11
,4022,5100,train,3.4637,4481842,1117.11
,4023,5100,train,3.3970,4482946,1117.11
,4024,5100,train,3.3954,4484069,1117.11
,4025,5100,train,3.3194,4485174,1117.10
,4026,5100,train,3.3780,4486296,1117.11
,4027,5100,train,3.4861,4487397,1117.10
,4028,5100,train,3.3844,4488525,1117.10
,4029,5100,train,3.3636,4489633,1117.10
,4030,5100,train,3.5787,4490750,1117.10
,4031,5100,train,3.4743,4491853,1117.10
,4032,5100,train,3.3708,4492973,1117.10
,4033,5100,train,3.4386,4494074,1117.10
,4034,5100,train,3.3523,4495197,1117.10
,4035,5100,train,3.4422,4496300,1117.09
,4036,5100,train,3.4275,4497425,1117.10
,4037,5100,train,3.2452,4498531,1117.09
,4038,5100,train,3.4199,4499648,1117.09
,4039,5100,train,3.4162,4500752,1117.09
,4040,5100,train,3.3844,4501872,1117.09
,4041,5100,train,3.4642,4502973,1117.09
,4042,5100,train,3.3341,4504091,1117.09
,4043,5100,train,3.3438,4505194,1117.08
,4044,5100,train,3.3955,4506314,1117.08
,4045,5100,train,3.1688,4507415,1117.08
,4046,5100,train,3.2837,4508532,1117.08
,4047,5100,train,3.4033,4509633,1117.08
,4048,5100,train,3.4536,4510751,1117.08
,4049,5100,train,3.3664,4511851,1117.07
,4050,5100,train,3.3822,4512974,1117.07
,4051,5100,train,3.4342,4514074,1117.07
,4052,5100,train,3.6812,4515216,1117.07
,4053,5100,train,3.3796,4516320,1117.07
,4054,5100,train,3.3955,4517444,1117.07
,4055,5100,train,3.2780,4518546,1117.07
,4056,5100,train,3.4296,4519668,1117.07
,4057,5100,train,3.5399,4520774,1117.07
,4058,5100,train,3.4832,4521889,1117.07
,4059,5100,train,3.3841,4522994,1117.06
,4060,5100,train,3.4499,4524115,1117.07
,4061,5100,train,3.3441,4525215,1117.06
,4062,5100,train,3.3830,4526341,1117.06
,4063,5100,train,3.3465,4527450,1117.06
,4064,5100,train,3.3087,4528568,1117.06
,4065,5100,train,3.2634,4529674,1117.06
,4066,5100,train,3.2735,4530791,1117.06
,4067,5100,train,3.3666,4531893,1117.06
,4068,5100,train,3.3905,4533020,1117.06
,4069,5100,train,3.4096,4534121,1117.05
,4070,5100,train,3.3156,4535248,1117.06
,4071,5100,train,3.4693,4536352,1117.05
,4072,5100,train,3.4027,4537469,1117.05
,4073,5100,train,3.4111,4538573,1117.05
,4074,5100,train,3.4329,4539689,1117.05
,4075,5100,train,3.2520,4540791,1117.05
,4076,5100,train,3.3885,4541913,1117.05
,4077,5100,train,3.3331,4543013,1117.04
,4078,5100,train,3.3187,4544139,1117.04
,4079,5100,train,3.5154,4545248,1117.04
,4080,5100,train,3.3712,4546367,1117.04
,4081,5100,train,3.2987,4547473,1117.04
,4082,5100,train,3.2801,4548597,1117.04
,4083,5100,train,3.3117,4549705,1117.04
,4084,5100,train,3.4549,4550828,1117.04
,4085,5100,train,3.4236,4551933,1117.04
,4086,5100,train,3.3300,4553052,1117.04
,4087,5100,train,3.4167,4554153,1117.04
,4088,5100,train,3.4299,4555280,1117.04
,4089,5100,train,3.4866,4556390,1117.04
,4090,5100,train,3.4127,4557511,1117.04
,4091,5100,train,3.4516,4558614,1117.03
,4092,5100,train,3.4492,4559736,1117.03
,4093,5100,train,3.4117,4560837,1117.03
,4094,5100,train,3.3310,4561959,1117.03
,4095,5100,train,3.5529,4563070,1117.03
,4096,5100,train,3.3404,4564188,1117.03
,4097,5100,train,3.3798,4565294,1117.03
,4098,5100,train,3.3658,4566412,1117.03
,4099,5100,train,3.4542,4567513,1117.02
,4100,5100,train,3.3794,4568633,1117.03
,4101,5100,train,3.4121,4569733,1117.02
,4102,5100,train,3.4989,4570849,1117.02
,4103,5100,train,3.3869,4571952,1117.02
,4104,5100,train,3.3530,4573070,1117.02
,4105,5100,train,3.2655,4574172,1117.01
,4106,5100,train,3.2136,4575290,1117.01
,4107,5100,train,3.2934,4576393,1117.01
,4108,5100,train,3.4941,4577509,1117.01
,4109,5100,train,3.3059,4578613,1117.01
,4110,5100,train,3.3236,4579733,1117.01
,4111,5100,train,3.5136,4580834,1117.00
,4112,5100,train,3.4202,4581962,1117.01
,4113,5100,train,3.3982,4583073,1117.01
,4114,5100,train,3.3108,4584209,1117.01
,4115,5100,train,3.2815,4585314,1117.01
,4116,5100,train,3.1597,4586432,1117.01
,4117,5100,train,3.1632,4587533,1117.00
,4118,5100,train,3.8673,4588658,1117.01
,4119,5100,train,3.5863,4589765,1117.00
,4120,5100,train,3.3423,4590887,1117.00
,4121,5100,train,3.4312,4591994,1117.00
,4122,5100,train,3.4550,4593108,1117.00
,4123,5100,train,3.4123,4594214,1117.00
,4124,5100,train,3.4690,4595333,1117.00
,4125,5100,train,3.4936,4596433,1116.99
,4125,5100,val,3.3976,4596433,1116.99
,4126,5100,train,3.5626,4597562,1117.00
,4127,5100,train,3.3478,4598670,1117.00
,4128,5100,train,3.3414,4599791,1117.00
,4129,5100,train,3.3663,4600895,1116.99
,4130,5100,train,3.2979,4602016,1116.99
,4131,5100,train,3.2375,4603116,1116.99
,4132,5100,train,3.3115,4604239,1116.99
,4133,5100,train,3.2556,4605339,1116.99
,4134,5100,train,3.4991,4606457,1116.99
,4135,5100,train,3.3685,4607556,1116.98
,4136,5100,train,3.2271,4608677,1116.98
,4137,5100,train,3.3180,4609778,1116.98
,4138,5100,train,3.2733,4610925,1116.99
,4139,5100,train,3.2608,4612034,1116.99
,4140,5100,train,3.2718,4613155,1116.99
,4141,5100,train,3.3682,4614256,1116.98
,4142,5100,train,3.4672,4615371,1116.98
,4143,5100,train,3.2904,4616476,1116.98
,4144,5100,train,3.3113,4617598,1116.98
,4145,5100,train,3.3980,4618704,1116.98
,4146,5100,train,3.2474,4619831,1116.98
,4147,5100,train,3.2805,4620936,1116.98
,4148,5100,train,3.5297,4622055,1116.98
,4149,5100,train,3.3781,4623155,1116.97
,4150,5100,train,3.5018,4624273,1116.97
,4151,5100,train,3.4428,4625376,1116.97
,4152,5100,train,3.3981,4626500,1116.97
,4153,5100,train,3.3355,4627604,1116.97
,4154,5100,train,3.3462,4628725,1116.97
,4155,5100,train,3.3670,4629828,1116.97
,4156,5100,train,3.3385,4630950,1116.97
,4157,5100,train,3.2237,4632054,1116.97
,4158,5100,train,3.3434,4633172,1116.97
,4159,5100,train,3.2873,4634275,1116.96
,4160,5100,train,3.4976,4635395,1116.96
,4161,5100,train,3.5421,4636498,1116.96
,4162,5100,train,3.4219,4637624,1116.96
,4163,5100,train,3.4862,4638731,1116.96
,4164,5100,train,3.6228,4639850,1116.96
,4165,5100,train,3.3899,4640956,1116.96
,4166,5100,train,3.3521,4642070,1116.96
,4167,5100,train,3.4104,4643176,1116.95
,4168,5100,train,3.4589,4644298,1116.95
,4169,5100,train,3.2925,4645402,1116.95
,4170,5100,train,3.4645,4646551,1116.96
,4171,5100,train,3.3662,4647655,1116.96
,4172,5100,train,3.4377,4648771,1116.96
,4173,5100,train,3.5031,4649877,1116.95
,4174,5100,train,3.5575,4651000,1116.95
,4175,5100,train,3.4114,4652102,1116.95
,4176,5100,train,3.5526,4653233,1116.95
,4177,5100,train,3.2660,4654336,1116.95
,4178,5100,train,3.3061,4655456,1116.95
,4179,5100,train,3.4289,4656556,1116.95
,4180,5100,train,3.3710,4657679,1116.95
,4181,5100,train,3.2804,4658784,1116.95
,4182,5100,train,3.3022,4659909,1116.95
,4183,5100,train,3.5413,4661015,1116.95
,4184,5100,train,3.2935,4662130,1116.95
,4185,5100,train,3.4126,4663234,1116.94
,4186,5100,train,3.3405,4664353,1116.94
,4187,5100,train,3.4410,4665456,1116.94
,4188,5100,train,3.4843,4666585,1116.94
,4189,5100,train,3.8496,4667692,1116.94
,4190,5100,train,3.3740,4668813,1116.94
,4191,5100,train,3.3606,4669916,1116.94
,4192,5100,train,3.3841,4671039,1116.94
,4193,5100,train,3.3848,4672148,1116.94
,4194,5100,train,3.2113,4673368,1116.96
,4195,5100,train,3.3513,4674473,1116.96
,4196,5100,train,3.4309,4675597,1116.96
,4197,5100,train,3.1103,4676699,1116.96
,4198,5100,train,3.5264,4677828,1116.96
,4199,5100,train,3.3466,4678935,1116.96
,4200,5100,train,3.3640,4680067,1116.96
,4201,5100,train,3.3699,4681177,1116.96
,4202,5100,train,3.3952,4682301,1116.96
,4203,5100,train,3.4295,4683411,1116.96
,4204,5100,train,3.6660,4684530,1116.96
,4205,5100,train,3.2573,4685635,1116.96
,4206,5100,train,3.4278,4686758,1116.96
,4207,5100,train,3.4186,4687863,1116.96
,4208,5100,train,3.4082,4688990,1116.96
,4209,5100,train,3.1935,4690097,1116.96
,4210,5100,train,3.2074,4691218,1116.96
,4211,5100,train,3.2798,4692319,1116.95
,4212,5100,train,3.3813,4693446,1116.96
,4213,5100,train,3.3787,4694554,1116.95
,4214,5100,train,3.4731,4695682,1116.96
,4215,5100,train,3.3986,4696793,1116.95
,4216,5100,train,3.3441,4697925,1116.96
,4217,5100,train,3.3926,4699032,1116.96
,4218,5100,train,3.3595,4700156,1116.96
,4219,5100,train,3.2475,4701257,1116.95
,4220,5100,train,3.4800,4702385,1116.96
,4221,5100,train,3.2929,4703494,1116.95
,4222,5100,train,3.3468,4704626,1116.96
,4223,5100,train,3.4277,4705736,1116.96
,4224,5100,train,3.5634,4706869,1116.96
,4225,5100,train,3.5545,4707977,1116.96
,4226,5100,train,3.2310,4709104,1116.96
,4227,5100,train,3.4037,4710215,1116.96
,4228,5100,train,3.4865,4711334,1116.96
,4229,5100,train,3.5792,4712436,1116.96
,4230,5100,train,3.3306,4713568,1116.96
,4231,5100,train,3.4561,4714676,1116.96
,4232,5100,train,3.3502,4715823,1116.96
,4233,5100,train,3.3306,4716928,1116.96
,4234,5100,train,3.4196,4718052,1116.96
,4235,5100,train,3.2927,4719156,1116.96
,4236,5100,train,3.2872,4720287,1116.96
,4237,5100,train,3.4204,4721396,1116.96
,4238,5100,train,3.3172,4722515,1116.96
,4239,5100,train,3.3583,4723616,1116.96
,4240,5100,train,3.4457,4724746,1116.96
,4241,5100,train,3.3472,4725855,1116.96
,4242,5100,train,3.3003,4726979,1116.96
,4243,5100,train,3.3686,4728092,1116.96
,4244,5100,train,3.3729,4729211,1116.96
,4245,5100,train,3.4178,4730316,1116.96
,4246,5100,train,3.4222,4731448,1116.96
,4247,5100,train,3.3591,4732555,1116.96
,4248,5100,train,3.3741,4733673,1116.96
,4249,5100,train,3.4980,4734776,1116.96
,4250,5100,train,3.5661,4735907,1116.96
,4250,5100,val,3.3874,4735907,1116.96
,4251,5100,train,3.3246,4737026,1116.96
,4252,5100,train,3.5208,4738152,1116.96
,4253,5100,train,3.2849,4739259,1116.96
,4254,5100,train,3.3801,4740375,1116.96
,4255,5100,train,3.4985,4741478,1116.96
,4256,5100,train,3.3804,4742628,1116.96
,4257,5100,train,3.3380,4743738,1116.96
,4258,5100,train,3.4297,4744854,1116.96
,4259,5100,train,3.2983,4745957,1116.96
,4260,5100,train,3.5452,4747076,1116.96
,4261,5100,train,3.4240,4748177,1116.96
,4262,5100,train,3.4690,4749305,1116.96
,4263,5100,train,3.3615,4750412,1116.96
,4264,5100,train,3.4088,4751532,1116.96
,4265,5100,train,3.3229,4752637,1116.95
,4266,5100,train,3.4674,4753760,1116.95
,4267,5100,train,3.2558,4754867,1116.95
,4268,5100,train,3.2701,4755990,1116.95
,4269,5100,train,3.4983,4757096,1116.95
,4270,5100,train,3.1901,4758219,1116.95
,4271,5100,train,3.4041,4759328,1116.95
,4272,5100,train,3.2426,4760452,1116.95
,4273,5100,train,3.2739,4761556,1116.95
,4274,5100,train,3.3818,4762710,1116.96
,4275,5100,train,3.4022,4763816,1116.96
,4276,5100,train,3.3926,4764937,1116.96
,4277,5100,train,3.2575,4766038,1116.95
,4278,5100,train,3.4838,4767171,1116.96
,4279,5100,train,3.3362,4768277,1116.95
,4280,5100,train,3.3125,4769400,1116.96
,4281,5100,train,3.4563,4770507,1116.95
,4282,5100,train,3.3027,4771635,1116.96
,4283,5100,train,3.2710,4772738,1116.95
,4284,5100,train,3.5311,4773869,1116.96
,4285,5100,train,3.2501,4774977,1116.95
,4286,5100,train,3.3866,4776103,1116.96
,4287,5100,train,3.4492,4777213,1116.95
,4288,5100,train,3.3177,4778356,1116.96
,4289,5100,train,3.3724,4779461,1116.96
,4290,5100,train,3.4270,4780578,1116.96
,4291,5100,train,3.2656,4781678,1116.95
,4292,5100,train,3.3720,4782804,1116.96
,4293,5100,train,3.3924,4783912,1116.95
,4294,5100,train,3.4469,4785035,1116.95
,4295,5100,train,3.4353,4786139,1116.95
,4296,5100,train,3.3960,4787270,1116.96
,4297,5100,train,3.1939,4788377,1116.95
,4298,5100,train,3.4146,4789498,1116.95
,4299,5100,train,3.7081,4790600,1116.95
,4300,5100,train,3.2923,4791732,1116.95
,4301,5100,train,3.4632,4792838,1116.95
,4302,5100,train,3.4429,4793958,1116.95
,4303,5100,train,3.2879,4795058,1116.95
,4304,5100,train,3.1922,4796188,1116.95
,4305,5100,train,3.4657,4797294,1116.95
,4306,5100,train,3.2813,4798422,1116.95
,4307,5100,train,3.0713,4799533,1116.95
,4308,5100,train,3.4524,4800654,1116.95
,4309,5100,train,3.2574,4801756,1116.95
,4310,5100,train,3.4384,4802877,1116.95
,4311,5100,train,3.2883,4803977,1116.94
,4312,5100,train,3.4850,4805101,1116.95
,4313,5100,train,3.1552,4806203,1116.94
,4314,5100,train,3.2799,4807332,1116.95
,4315,5100,train,3.5139,4808438,1116.94
,4316,5100,train,3.6570,4809557,1116.94
,4317,5100,train,3.3735,4810656,1116.94
,4318,5100,train,3.3374,4811792,1116.94
,4319,5100,train,3.3682,4812897,1116.94
,4320,5100,train,3.8794,4814028,1116.94
,4321,5100,train,3.6897,4815135,1116.94
,4322,5100,train,3.3395,4816253,1116.94
,4323,5100,train,3.3404,4817356,1116.94
,4324,5100,train,3.1962,4818485,1116.94
,4325,5100,train,3.5508,4819594,1116.94
,4326,5100,train,3.2429,4820714,1116.94
,4327,5100,train,3.4422,4821818,1116.94
,4328,5100,train,3.5066,4822939,1116.94
,4329,5100,train,3.3029,4824039,1116.93
,4330,5100,train,3.3821,4825166,1116.94
,4331,5100,train,3.4113,4826274,1116.93
,4332,5100,train,3.2891,4827396,1116.94
,4333,5100,train,3.2511,4828498,1116.93
,4334,5100,train,3.4428,4829623,1116.93
,4335,5100,train,3.4287,4830734,1116.93
,4336,5100,train,3.3694,4831853,1116.93
,4337,5100,train,3.3203,4832957,1116.93
,4338,5100,train,3.3054,4834084,1116.93
,4339,5100,train,3.5450,4835193,1116.93
,4340,5100,train,3.3390,4836315,1116.93
,4341,5100,train,3.3698,4837418,1116.93
,4342,5100,train,3.2958,4838547,1116.93
,4343,5100,train,3.3566,4839658,1116.93
,4344,5100,train,3.4559,4840780,1116.93
,4345,5100,train,3.4395,4841892,1116.93
,4346,5100,train,3.3042,4843014,1116.93
,4347,5100,train,3.5535,4844118,1116.93
,4348,5100,train,3.3721,4845239,1116.93
,4349,5100,train,3.4435,4846339,1116.93
,4350,5100,train,3.4104,4847467,1116.93
,4351,5100,train,4.6682,4848572,1116.93
,4352,5100,train,3.3367,4849720,1116.93
,4353,5100,train,3.4165,4850820,1116.93
,4354,5100,train,3.3754,4851940,1116.93
,4355,5100,train,3.3976,4853042,1116.93
,4356,5100,train,3.4280,4854161,1116.93
,4357,5100,train,3.5163,4855259,1116.92
,4358,5100,train,3.4821,4856389,1116.92
,4359,5100,train,3.3842,4857493,1116.92
,4360,5100,train,3.3767,4858613,1116.92
,4361,5100,train,3.6268,4859717,1116.92
,4362,5100,train,3.4490,4860842,1116.92
,4363,5100,train,3.2530,4861946,1116.92
,4364,5100,train,3.3283,4863073,1116.92
,4365,5100,train,3.4725,4864177,1116.92
,4366,5100,train,3.1938,4865295,1116.92
,4367,5100,train,3.4062,4866396,1116.91
,4368,5100,train,3.2705,4867523,1116.92
,4369,5100,train,3.3521,4868631,1116.91
,4370,5100,train,3.4514,4869752,1116.92
,4371,5100,train,3.3713,4870857,1116.91
,4372,5100,train,3.5214,4871976,1116.91
,4373,5100,train,3.3017,4873077,1116.91
,4374,5100,train,3.3735,4874198,1116.91
,4375,5100,train,3.1698,4875296,1116.91
,4375,5100,val,3.3739,4875297,1116.91
,4376,5100,train,3.5517,4876441,1116.91
,4377,5100,train,3.2433,4877542,1116.91
,4378,5100,train,3.2557,4878669,1116.91
,4379,5100,train,4.9153,4879775,1116.91
,4380,5100,train,3.4680,4880892,1116.91
,4381,5100,train,3.3283,4881995,1116.91
,4382,5100,train,3.2148,4883116,1116.91
,4383,5100,train,3.2911,4884219,1116.90
,4384,5100,train,3.4957,4885347,1116.91
,4385,5100,train,3.3164,4886574,1116.93
,4386,5100,train,3.3106,4887701,1116.93
,4387,5100,train,3.2698,4888801,1116.93
,4388,5100,train,3.3855,4889928,1116.93
,4389,5100,train,3.4118,4891035,1116.93
,4390,5100,train,3.2570,4892152,1116.93
,4391,5100,train,3.3311,4893255,1116.93
,4392,5100,train,3.4145,4894380,1116.93
,4393,5100,train,3.3992,4895491,1116.93
,4394,5100,train,3.3769,4896609,1116.93
,4395,5100,train,3.4307,4897716,1116.93
,4396,5100,train,3.4908,4898842,1116.93
,4397,5100,train,3.2236,4899953,1116.93
,4398,5100,train,3.3912,4901070,1116.93
,4399,5100,train,3.3489,4902176,1116.92
,4400,5100,train,3.4207,4903293,1116.92
,4401,5100,train,3.3112,4904397,1116.92
,4402,5100,train,3.4281,4905523,1116.92
,4403,5100,train,3.3137,4906633,1116.92
,4404,5100,train,3.2589,4907750,1116.92
,4405,5100,train,3.2472,4908854,1116.92
,4406,5100,train,3.4248,4909972,1116.92
,4407,5100,train,3.3083,4911075,1116.91
,4408,5100,train,3.4428,4912224,1116.92
,4409,5100,train,3.4083,4913333,1116.92
,4410,5100,train,3.3694,4914452,1116.92
,4411,5100,train,3.3548,4915556,1116.92
,4412,5100,train,3.3896,4916672,1116.92
,4413,5100,train,3.2766,4917775,1116.91
,4414,5100,train,3.5292,4918902,1116.92
,4415,5100,train,3.4031,4920011,1116.92
,4416,5100,train,3.4065,4921132,1116.92
,4417,5100,train,3.3352,4922236,1116.91
,4418,5100,train,3.4560,4923367,1116.92
,4419,5100,train,3.3393,4924475,1116.91
,4420,5100,train,3.3766,4925598,1116.92
,4421,5100,train,3.3121,4926704,1116.91
,4422,5100,train,3.3022,4927831,1116.92
,4423,5100,train,3.3344,4928937,1116.91
,4424,5100,train,3.3429,4930055,1116.91
,4425,5100,train,3.4874,4931156,1116.91
,4426,5100,train,3.2896,4932274,1116.91
,4427,5100,train,3.2689,4933381,1116.91
,4428,5100,train,3.2597,4934508,1116.91
,4429,5100,train,3.5942,4935617,1116.91
,4430,5100,train,3.3051,4936741,1116.91
,4431,5100,train,3.3137,4937846,1116.91
,4432,5100,train,3.4266,4938971,1116.91
,4433,5100,train,3.3596,4940076,1116.91
,4434,5100,train,3.3715,4941199,1116.91
,4435,5100,train,3.3266,4942303,1116.90
,4436,5100,train,3.3865,4943433,1116.91
,4437,5100,train,3.1061,4944537,1116.90
,4438,5100,train,3.2521,4945669,1116.91
,4439,5100,train,3.3036,4946776,1116.91
,4440,5100,train,3.2824,4947929,1116.91
,4441,5100,train,3.2971,4949036,1116.91
,4442,5100,train,3.4565,4950155,1116.91
,4443,5100,train,3.3798,4951259,1116.91
,4444,5100,train,3.1995,4952388,1116.91
,4445,5100,train,3.2493,4953497,1116.91
,4446,5100,train,3.0763,4954626,1116.91
,4447,5100,train,3.3315,4955736,1116.91
,4448,5100,train,3.3857,4956867,1116.91
,4449,5100,train,3.2833,4957977,1116.91
,4450,5100,train,3.3746,4959107,1116.92
,4451,5100,train,3.3483,4960217,1116.91
,4452,5100,train,3.5959,4961340,1116.92
,4453,5100,train,3.4591,4962446,1116.91
,4454,5100,train,3.2619,4963574,1116.92
,4455,5100,train,3.3712,4964678,1116.91
,4456,5100,train,3.3368,4965808,1116.92
,4457,5100,train,3.4301,4966916,1116.91
,4458,5100,train,3.5478,4968038,1116.92
,4459,5100,train,3.2562,4969142,1116.91
,4460,5100,train,3.4218,4970273,1116.92
,4461,5100,train,3.2772,4971377,1116.91
,4462,5100,train,3.3574,4972510,1116.92
,4463,5100,train,3.5620,4973617,1116.91
,4464,5100,train,3.3403,4974735,1116.91
,4465,5100,train,3.3305,4975839,1116.91
,4466,5100,train,3.3399,4976973,1116.91
,4467,5100,train,3.4159,4978076,1116.91
,4468,5100,train,3.2045,4979211,1116.92
,4469,5100,train,3.3945,4980314,1116.91
,4470,5100,train,3.3742,4981465,1116.92
,4471,5100,train,3.3238,4982572,1116.92
,4472,5100,train,3.3938,4983694,1116.92
,4473,5100,train,3.3382,4984798,1116.92
,4474,5100,train,3.3449,4985928,1116.92
,4475,5100,train,3.3069,4987037,1116.92
,4476,5100,train,3.3666,4988161,1116.92
,4477,5100,train,3.3632,4989274,1116.92
,4478,5100,train,3.2815,4990391,1116.92
,4479,5100,train,3.2391,4991496,1116.92
,4480,5100,train,3.4487,4992627,1116.92
,4481,5100,train,3.4354,4993736,1116.92
,4482,5100,train,3.2849,4994863,1116.92
,4483,5100,train,3.1913,4995973,1116.92
,4484,5100,train,4.1898,4997096,1116.92
,4485,5100,train,3.3685,4998200,1116.92
,4486,5100,train,3.3176,4999330,1116.92
,4487,5100,train,3.4040,5000435,1116.92
,4488,5100,train,3.3631,5001565,1116.92
,4489,5100,train,3.3175,5002674,1116.92
,4490,5100,train,3.3054,5003796,1116.92
,4491,5100,train,3.3505,5004897,1116.92
,4492,5100,train,3.3951,5006029,1116.92
,4493,5100,train,3.4030,5007136,1116.92
,4494,5100,train,3.2866,5008265,1116.92
,4495,5100,train,3.4432,5009375,1116.92
,4496,5100,train,3.3451,5010500,1116.92
,4497,5100,train,3.3142,5011608,1116.92
,4498,5100,train,3.3503,5012732,1116.92
,4499,5100,train,3.2833,5013837,1116.92
,4500,5100,train,3.2758,5014966,1116.92
,4500,5100,val,3.3619,5014967,1116.92
,4501,5100,train,3.3937,5016082,1116.92
,4502,5100,train,3.2742,5017206,1116.92
,4503,5100,train,3.3672,5018314,1116.92
,4504,5100,train,3.4768,5019445,1116.92
,4505,5100,train,3.2747,5020552,1116.92
,4506,5100,train,3.4126,5021677,1116.92
,4507,5100,train,3.0163,5022788,1116.92
,4508,5100,train,3.3483,5023906,1116.92
,4509,5100,train,3.2788,5025012,1116.92
,4510,5100,train,3.3318,5026143,1116.92
,4511,5100,train,3.5057,5027252,1116.92
,4512,5100,train,3.2498,5028378,1116.92
,4513,5100,train,3.3563,5029490,1116.92
,4514,5100,train,3.3928,5030607,1116.92
,4515,5100,train,3.4162,5031711,1116.92
,4516,5100,train,3.4205,5032840,1116.92
,4517,5100,train,3.4175,5033950,1116.92
,4518,5100,train,3.2603,5035071,1116.92
,4519,5100,train,3.3999,5036174,1116.92
,4520,5100,train,3.2445,5037303,1116.92
,4521,5100,train,3.3176,5038410,1116.92
,4522,5100,train,3.3377,5039542,1116.92
,4523,5100,train,3.2462,5040652,1116.92
,4524,5100,train,3.3976,5041780,1116.92
,4525,5100,train,3.4094,5042890,1116.92
,4526,5100,train,3.2261,5044030,1116.92
,4527,5100,train,3.3740,5045135,1116.92
,4528,5100,train,3.3976,5046265,1116.92
,4529,5100,train,3.1520,5047371,1116.92
,4530,5100,train,3.2377,5048501,1116.93
,4531,5100,train,3.3470,5049609,1116.92
,4532,5100,train,3.4163,5050734,1116.92
,4533,5100,train,3.4171,5051845,1116.92
,4534,5100,train,3.5627,5052965,1116.92
,4535,5100,train,3.3953,5054070,1116.92
,4536,5100,train,3.3518,5055202,1116.92
,4537,5100,train,3.4044,5056311,1116.92
,4538,5100,train,3.3618,5057437,1116.93
,4539,5100,train,3.4613,5058548,1116.92
,4540,5100,train,3.5618,5059667,1116.92
,4541,5100,train,3.3810,5060772,1116.92
,4542,5100,train,3.3204,5061904,1116.92
,4543,5100,train,3.4572,5063009,1116.92
,4544,5100,train,3.3154,5064131,1116.92
,4545,5100,train,3.2810,5065231,1116.92
,4546,5100,train,3.2313,5066361,1116.92
,4547,5100,train,3.3387,5067469,1116.92
,4548,5100,train,3.1549,5068599,1116.92
,4549,5100,train,3.5811,5069710,1116.92
,4550,5100,train,3.7644,5070841,1116.93
,4551,5100,train,3.2356,5071951,1116.92
,4552,5100,train,3.2962,5073076,1116.93
,4553,5100,train,3.2525,5074184,1116.92
,4554,5100,train,3.3340,5075307,1116.92
,4555,5100,train,3.4945,5076411,1116.92
,4556,5100,train,3.1939,5077541,1116.92
,4557,5100,train,3.3267,5078650,1116.92
,4558,5100,train,3.3431,5079805,1116.93
,4559,5100,train,3.3733,5080913,1116.93
,4560,5100,train,3.1756,5082037,1116.93
,4561,5100,train,3.3827,5083145,1116.93
,4562,5100,train,3.2605,5084265,1116.93
,4563,5100,train,3.1640,5085371,1116.93
,4564,5100,train,3.2646,5086501,1116.93
,4565,5100,train,3.2635,5087611,1116.93
,4566,5100,train,3.3598,5088739,1116.93
,4567,5100,train,3.3698,5089850,1116.93
,4568,5100,train,3.3381,5090972,1116.93
,4569,5100,train,3.1658,5092077,1116.93
,4570,5100,train,3.2560,5093204,1116.93
,4571,5100,train,3.2937,5094311,1116.93
,4572,5100,train,3.2852,5095436,1116.93
,4573,5100,train,3.4996,5096543,1116.93
,4574,5100,train,3.1962,5097665,1116.93
,4575,5100,train,3.3736,5098888,1116.95
,4576,5100,train,3.4601,5100006,1116.95
,4577,5100,train,3.4690,5101111,1116.95
,4578,5100,train,3.3064,5102230,1116.95
,4579,5100,train,3.3814,5103331,1116.95
,4580,5100,train,3.4083,5104458,1116.95
,4581,5100,train,3.3247,5105567,1116.95
,4582,5100,train,3.2896,5106685,1116.95
,4583,5100,train,3.3077,5107790,1116.95
,4584,5100,train,3.2726,5108916,1116.95
,4585,5100,train,3.2616,5110027,1116.95
,4586,5100,train,3.1541,5111147,1116.95
,4587,5100,train,3.5926,5112251,1116.94
,4588,5100,train,3.3855,5113399,1116.95
,4589,5100,train,3.4080,5114505,1116.95
,4590,5100,train,3.3247,5115626,1116.95
,4591,5100,train,3.4689,5116730,1116.95
,4592,5100,train,3.3901,5117852,1116.95
,4593,5100,train,3.3599,5118964,1116.95
,4594,5100,train,3.2169,5120085,1116.95
,4595,5100,train,3.3333,5121189,1116.94
,4596,5100,train,3.2119,5122311,1116.95
,4597,5100,train,3.4047,5123414,1116.94
,4598,5100,train,3.4064,5124544,1116.95
,4599,5100,train,3.2240,5125650,1116.94
,4600,5100,train,3.3546,5126772,1116.94
,4601,5100,train,3.3953,5127882,1116.94
,4602,5100,train,3.2928,5129010,1116.94
,4603,5100,train,3.3743,5130111,1116.94
,4604,5100,train,3.2367,5131228,1116.94
,4605,5100,train,3.3489,5132329,1116.94
,4606,5100,train,3.1759,5133461,1116.94
,4607,5100,train,3.3657,5134569,1116.94
,4608,5100,train,3.4576,5135688,1116.94
,4609,5100,train,3.3165,5136789,1116.94
,4610,5100,train,3.3122,5137921,1116.94
,4611,5100,train,3.3297,5139028,1116.94
,4612,5100,train,3.2218,5140146,1116.94
,4613,5100,train,3.2686,5141250,1116.93
,4614,5100,train,3.2663,5142374,1116.94
,4615,5100,train,3.2621,5143475,1116.93
,4616,5100,train,3.2703,5144600,1116.93
,4617,5100,train,3.4039,5145706,1116.93
,4618,5100,train,3.3170,5146823,1116.93
,4619,5100,train,3.2032,5147928,1116.93
,4620,5100,train,3.2815,5149073,1116.94
,4621,5100,train,3.3210,5150177,1116.93
,4622,5100,train,3.2919,5151295,1116.93
,4623,5100,train,3.2175,5152401,1116.93
,4624,5100,train,3.3432,5153524,1116.93
,4625,5100,train,3.4909,5154629,1116.93
,4625,5100,val,3.3515,5154629,1116.93
,4626,5100,train,3.3140,5155753,1116.93
,4627,5100,train,3.7943,5156860,1116.93
,4628,5100,train,3.2667,5157983,1116.93
,4629,5100,train,3.1724,5159085,1116.93
,4630,5100,train,3.1228,5160211,1116.93
,4631,5100,train,3.3121,5161322,1116.93
,4632,5100,train,3.1514,5162440,1116.93
,4633,5100,train,3.2797,5163543,1116.92
,4634,5100,train,3.2624,5164668,1116.93
,4635,5100,train,3.1727,5165770,1116.92
,4636,5100,train,3.1511,5166897,1116.93
,4637,5100,train,3.3015,5168002,1116.92
,4638,5100,train,3.4557,5169124,1116.92
,4639,5100,train,3.4503,5170224,1116.92
,4640,5100,train,3.4436,5171349,1116.92
,4641,5100,train,3.1452,5172452,1116.92
,4642,5100,train,3.2860,5173578,1116.92
,4643,5100,train,3.2179,5174682,1116.92
,4644,5100,train,3.2535,5175821,1116.92
,4645,5100,train,3.3472,5176924,1116.92
,4646,5100,train,3.1773,5178053,1116.92
,4647,5100,train,3.2813,5179160,1116.92
,4648,5100,train,3.2768,5180280,1116.92
,4649,5100,train,3.2660,5181382,1116.92
,4650,5100,train,3.4396,5182508,1116.92
,4651,5100,train,3.2480,5183617,1116.92
,4652,5100,train,3.2231,5184739,1116.92
,4653,5100,train,3.2661,5185844,1116.92
,4654,5100,train,3.4056,5186968,1116.92
,4655,5100,train,3.3362,5188075,1116.92
,4656,5100,train,3.3309,5189203,1116.92
,4657,5100,train,3.4936,5190303,1116.91
,4658,5100,train,3.5463,5191430,1116.92
,4659,5100,train,3.2263,5192542,1116.92
,4660,5100,train,3.3092,5193662,1116.92
,4661,5100,train,3.5070,5194764,1116.91
,4662,5100,train,3.2821,5195893,1116.92
,4663,5100,train,3.1697,5197002,1116.91
,4664,5100,train,3.0980,5198127,1116.92
,4665,5100,train,3.3178,5199231,1116.91
,4666,5100,train,3.2374,5200355,1116.91
,4667,5100,train,3.2603,5201462,1116.91
,4668,5100,train,3.1809,5202582,1116.91
,4669,5100,train,3.1638,5203682,1116.91
,4670,5100,train,3.3448,5204800,1116.91
,4671,5100,train,3.3255,5205902,1116.91
,4672,5100,train,3.2666,5207030,1116.91
,4673,5100,train,3.2171,5208138,1116.91
,4674,5100,train,3.3576,5209258,1116.91
,4675,5100,train,3.1735,5210362,1116.90
,4676,5100,train,3.3759,5211507,1116.91
,4677,5100,train,3.4784,5212607,1116.91
,4678,5100,train,3.2491,5213724,1116.91
,4679,5100,train,3.2536,5214825,1116.90
,4680,5100,train,3.3604,5215952,1116.91
,4681,5100,train,3.3080,5217060,1116.90
,4682,5100,train,3.3191,5218177,1116.90
,4683,5100,train,3.2997,5219282,1116.90
,4684,5100,train,3.3039,5220402,1116.90
,4685,5100,train,3.2335,5221506,1116.90
,4686,5100,train,3.2228,5222639,1116.90
,4687,5100,train,3.3029,5223744,1116.90
,4688,5100,train,3.3378,5224864,1116.90
,4689,5100,train,3.3720,5225967,1116.90
,4690,5100,train,3.2184,5227094,1116.90
,4691,5100,train,3.2292,5228198,1116.90
,4692,5100,train,3.4771,5229320,1116.90
,4693,5100,train,3.3815,5230422,1116.90
,4694,5100,train,3.3322,5231543,1116.90
,4695,5100,train,3.3476,5232643,1116.89
,4696,5100,train,3.4691,5233770,1116.90
,4697,5100,train,3.3390,5234879,1116.89
,4698,5100,train,3.5138,5235996,1116.89
,4699,5100,train,3.2361,5237100,1116.89
,4700,5100,train,3.1731,5238218,1116.89
,4701,5100,train,3.3622,5239322,1116.89
,4702,5100,train,3.2915,5240443,1116.89
,4703,5100,train,3.2321,5241541,1116.89
,4704,5100,train,3.2842,5242657,1116.88
,4705,5100,train,3.4844,5243760,1116.88
,4706,5100,train,3.2971,5244881,1116.88
,4707,5100,train,3.2845,5245982,1116.88
,4708,5100,train,3.3879,5247129,1116.89
,4709,5100,train,3.3144,5248234,1116.88
,4710,5100,train,3.2175,5249357,1116.88
,4711,5100,train,3.3573,5250461,1116.88
,4712,5100,train,3.2731,5251577,1116.88
,4713,5100,train,3.2180,5252682,1116.88
,4714,5100,train,3.4614,5253798,1116.88
,4715,5100,train,3.3291,5254901,1116.88
,4716,5100,train,3.3946,5256026,1116.88
,4717,5100,train,3.2254,5257133,1116.88
,4718,5100,train,3.3074,5258256,1116.88
,4719,5100,train,3.1980,5259363,1116.87
,4720,5100,train,3.3959,5260482,1116.88
,4721,5100,train,3.4590,5261583,1116.87
,4722,5100,train,3.2546,5262707,1116.87
,4723,5100,train,3.2194,5263816,1116.87
,4724,5100,train,3.3784,5264934,1116.87
,4725,5100,train,3.1727,5266043,1116.87
,4726,5100,train,3.4244,5267160,1116.87
,4727,5100,train,3.5270,5268262,1116.87
,4728,5100,train,3.3637,5269387,1116.87
,4729,5100,train,3.2587,5270494,1116.87
,4730,5100,train,3.3753,5271615,1116.87
,4731,5100,train,3.2670,5272722,1116.87
,4732,5100,train,3.2566,5273837,1116.87
,4733,5100,train,3.4185,5274942,1116.86
,4734,5100,train,3.1933,5276070,1116.86
,4735,5100,train,3.4081,5277180,1116.86
,4736,5100,train,3.2378,5278297,1116.86
,4737,5100,train,3.2482,5279401,1116.86
,4738,5100,train,3.3357,5280519,1116.86
,4739,5100,train,3.2881,5281622,1116.86
,4740,5100,train,3.3472,5282764,1116.86
,4741,5100,train,3.3108,5283866,1116.86
,4742,5100,train,3.2834,5284987,1116.86
,4743,5100,train,3.3133,5286089,1116.86
,4744,5100,train,3.5977,5287214,1116.86
,4745,5100,train,3.2497,5288320,1116.86
,4746,5100,train,3.2781,5289444,1116.86
,4747,5100,train,3.2469,5290547,1116.86
,4748,5100,train,3.1644,5291674,1116.86
,4749,5100,train,3.2369,5292780,1116.86
,4750,5100,train,3.2527,5293897,1116.86
,4750,5100,val,3.3409,5293897,1116.86
,4751,5100,train,3.4208,5295010,1116.86
,4752,5100,train,3.3646,5296132,1116.86
,4753,5100,train,3.2218,5297240,1116.85
,4754,5100,train,3.4022,5298358,1116.85
,4755,5100,train,3.4621,5299460,1116.85
,4756,5100,train,3.3768,5300586,1116.85
,4757,5100,train,3.0751,5301692,1116.85
,4758,5100,train,3.2800,5302813,1116.85
,4759,5100,train,3.4126,5303918,1116.85
,4760,5100,train,3.2358,5305034,1116.85
,4761,5100,train,3.2951,5306137,1116.85
,4762,5100,train,3.2840,5307262,1116.85
,4763,5100,train,3.2328,5308372,1116.85
,4764,5100,train,3.6156,5309507,1116.85
,4765,5100,train,3.2417,5310607,1116.85
,4766,5100,train,3.5252,5311888,1116.88
,4767,5100,train,3.3311,5312993,1116.88
,4768,5100,train,3.2847,5314113,1116.88
,4769,5100,train,3.4432,5315218,1116.88
,4770,5100,train,3.4570,5316339,1116.88
,4771,5100,train,3.2527,5317439,1116.87
,4772,5100,train,3.3227,5318569,1116.88
,4773,5100,train,3.4478,5319678,1116.88
,4774,5100,train,3.6289,5320795,1116.88
,4775,5100,train,3.3003,5321899,1116.87
,4776,5100,train,3.3263,5323017,1116.87
,4777,5100,train,3.3886,5324118,1116.87
,4778,5100,train,3.4507,5325239,1116.87
,4779,5100,train,3.3046,5326339,1116.87
,4780,5100,train,3.1979,5327469,1116.87
,4781,5100,train,3.2544,5328575,1116.87
,4782,5100,train,3.2911,5329695,1116.87
,4783,5100,train,3.3042,5330797,1116.87
,4784,5100,train,3.5282,5331922,1116.87
,4785,5100,train,3.2624,5333026,1116.86
,4786,5100,train,3.3476,5334153,1116.87
,4787,5100,train,3.3814,5335259,1116.86
,4788,5100,train,3.1760,5336384,1116.87
,4789,5100,train,3.2846,5337486,1116.86
,4790,5100,train,3.2732,5338613,1116.86
,4791,5100,train,3.2612,5339717,1116.86
,4792,5100,train,3.2492,5340836,1116.86
,4793,5100,train,3.3422,5341939,1116.86
,4794,5100,train,3.1289,5343063,1116.86
,4795,5100,train,3.4174,5344164,1116.86
,4796,5100,train,3.3705,5345314,1116.86
,4797,5100,train,3.2370,5346420,1116.86
,4798,5100,train,3.4171,5347538,1116.86
,4799,5100,train,3.2456,5348640,1116.86
,4800,5100,train,3.2832,5349758,1116.86
,4801,5100,train,3.2805,5350859,1116.86
,4802,5100,train,3.1749,5351978,1116.86
,4803,5100,train,3.4423,5353078,1116.85
,4804,5100,train,3.2561,5354200,1116.85
,4805,5100,train,3.2458,5355298,1116.85
,4806,5100,train,3.1454,5356424,1116.85
,4807,5100,train,3.2598,5357524,1116.85
,4808,5100,train,3.3473,5358651,1116.85
,4809,5100,train,3.5839,5359756,1116.85
,4810,5100,train,3.2483,5360875,1116.85
,4811,5100,train,3.3219,5361978,1116.85
,4812,5100,train,3.2279,5363105,1116.85
,4813,5100,train,3.2584,5364216,1116.85
,4814,5100,train,3.2389,5365333,1116.85
,4815,5100,train,3.1508,5366439,1116.84
,4816,5100,train,3.4898,5367558,1116.85
,4817,5100,train,3.2962,5368660,1116.84
,4818,5100,train,3.3451,5369782,1116.84
,4819,5100,train,3.1838,5370886,1116.84
,4820,5100,train,3.4693,5372011,1116.84
,4821,5100,train,3.2206,5373120,1116.84
,4822,5100,train,3.3137,5374239,1116.84
,4823,5100,train,3.1968,5375339,1116.84
,4824,5100,train,3.4897,5376468,1116.84
,4825,5100,train,3.4454,5377577,1116.84
,4826,5100,train,3.3899,5378696,1116.84
,4827,5100,train,3.2854,5379799,1116.84
,4828,5100,train,3.4980,5380950,1116.84
,4829,5100,train,3.3005,5382054,1116.84
,4830,5100,train,3.2926,5383175,1116.84
,4831,5100,train,3.2548,5384279,1116.84
,4832,5100,train,3.3232,5385403,1116.84
,4833,5100,train,3.3220,5386504,1116.84
,4834,5100,train,3.1946,5387629,1116.84
,4835,5100,train,3.1941,5388735,1116.84
,4836,5100,train,3.2672,5389854,1116.84
,4837,5100,train,3.4592,5390959,1116.83
,4838,5100,train,3.1877,5392075,1116.83
,4839,5100,train,3.2139,5393178,1116.83
,4840,5100,train,3.2451,5394303,1116.83
,4841,5100,train,3.3896,5395402,1116.83
,4842,5100,train,3.3021,5396530,1116.83
,4843,5100,train,3.3155,5397636,1116.83
,4844,5100,train,3.1507,5398756,1116.83
,4845,5100,train,3.3316,5399859,1116.83
,4846,5100,train,3.2295,5400987,1116.83
,4847,5100,train,3.2889,5402094,1116.83
,4848,5100,train,3.2803,5403215,1116.83
,4849,5100,train,3.2460,5404318,1116.83
,4850,5100,train,3.5550,5405443,1116.83
,4851,5100,train,3.2968,5406547,1116.82
,4852,5100,train,3.1379,5407672,1116.83
,4853,5100,train,3.3469,5408777,1116.82
,4854,5100,train,3.2553,5409894,1116.82
,4855,5100,train,3.1767,5410998,1116.82
,4856,5100,train,3.3161,5412118,1116.82
,4857,5100,train,3.2384,5413219,1116.82
,4858,5100,train,3.3313,5414347,1116.82
,4859,5100,train,3.2214,5415455,1116.82
,4860,5100,train,3.2841,5416586,1116.82
,4861,5100,train,3.1390,5417696,1116.82
,4862,5100,train,3.2609,5418813,1116.82
,4863,5100,train,3.2800,5419917,1116.82
,4864,5100,train,3.3962,5421035,1116.82
,4865,5100,train,3.1902,5422137,1116.81
,4866,5100,train,3.2010,5423260,1116.82
,4867,5100,train,3.0019,5424363,1116.81
,4868,5100,train,3.2824,5425491,1116.82
,4869,5100,train,3.2076,5426598,1116.81
,4870,5100,train,3.2569,5427718,1116.81
,4871,5100,train,3.1000,5428819,1116.81
,4872,5100,train,3.2392,5429946,1116.81
,4873,5100,train,3.2180,5431055,1116.81
,4874,5100,train,3.2222,5432174,1116.81
,4875,5100,train,3.0979,5433278,1116.81
,4875,5100,val,3.3315,5433278,1116.81
,4876,5100,train,3.2372,5434410,1116.81
,4877,5100,train,3.0578,5435518,1116.81
,4878,5100,train,3.1183,5436636,1116.81
,4879,5100,train,3.3639,5437741,1116.81
,4880,5100,train,3.2436,5438860,1116.81
,4881,5100,train,3.5129,5439963,1116.81
,4882,5100,train,3.3486,5441097,1116.81
,4883,5100,train,3.0137,5442201,1116.81
,4884,5100,train,3.2615,5443325,1116.81
,4885,5100,train,3.3732,5444431,1116.81
,4886,5100,train,3.3881,5445581,1116.81
,4887,5100,train,3.2047,5446683,1116.81
,4888,5100,train,3.2347,5447802,1116.81
,4889,5100,train,3.3244,5448901,1116.81
,4890,5100,train,3.4458,5450027,1116.81
,4891,5100,train,3.2419,5451134,1116.81
,4892,5100,train,3.2055,5452257,1116.81
,4893,5100,train,3.4142,5453362,1116.81
,4894,5100,train,3.5160,5454482,1116.81
,4895,5100,train,3.1240,5455581,1116.80
,4896,5100,train,3.3175,5456705,1116.80
,4897,5100,train,3.2031,5457804,1116.80
,4898,5100,train,3.3232,5458931,1116.80
,4899,5100,train,3.2636,5460040,1116.80
,4900,5100,train,3.0935,5461157,1116.80
,4901,5100,train,3.3789,5462261,1116.80
,4902,5100,train,3.2182,5463388,1116.80
,4903,5100,train,3.3770,5464494,1116.80
,4904,5100,train,3.3090,5465619,1116.80
,4905,5100,train,2.8100,5466721,1116.80
,4906,5100,train,3.2182,5467842,1116.80
,4907,5100,train,3.2902,5468941,1116.79
,4908,5100,train,3.3372,5470065,1116.80
,4909,5100,train,3.2746,5471167,1116.79
,4910,5100,train,3.3555,5472293,1116.79
,4911,5100,train,3.3250,5473400,1116.79
,4912,5100,train,3.3917,5474515,1116.79
,4913,5100,train,3.2034,5475621,1116.79
,4914,5100,train,3.4575,5476736,1116.79
,4915,5100,train,3.2416,5477840,1116.79
,4916,5100,train,3.1210,5478961,1116.79
,4917,5100,train,3.3139,5480065,1116.79
,4918,5100,train,3.2133,5481213,1116.79
,4919,5100,train,3.3153,5482319,1116.79
,4920,5100,train,3.1837,5483438,1116.79
,4921,5100,train,3.3364,5484540,1116.79
,4922,5100,train,3.3967,5485658,1116.79
,4923,5100,train,3.2319,5486761,1116.78
,4924,5100,train,3.2074,5487885,1116.79
,4925,5100,train,3.2446,5488985,1116.78
,4926,5100,train,3.0802,5490108,1116.78
,4927,5100,train,3.2076,5491216,1116.78
,4928,5100,train,3.2753,5492334,1116.78
,4929,5100,train,3.0926,5493441,1116.78
,4930,5100,train,3.2555,5494559,1116.78
,4931,5100,train,3.2808,5495661,1116.78
,4932,5100,train,3.2556,5496783,1116.78
,4933,5100,train,3.2483,5497885,1116.78
,4934,5100,train,3.0912,5499009,1116.78
,4935,5100,train,3.3379,5500119,1116.78
,4936,5100,train,2.8953,5501237,1116.78
,4937,5100,train,3.1769,5502341,1116.77
,4938,5100,train,3.2134,5503466,1116.77
,4939,5100,train,3.3334,5504567,1116.77
,4940,5100,train,3.1737,5505690,1116.77
,4941,5100,train,3.3477,5506796,1116.77
,4942,5100,train,3.2514,5507915,1116.77
,4943,5100,train,3.1770,5509019,1116.77
,4944,5100,train,3.1625,5510135,1116.77
,4945,5100,train,3.3110,5511241,1116.77
,4946,5100,train,3.3114,5512361,1116.77
,4947,5100,train,3.2358,5513461,1116.76
,4948,5100,train,3.2445,5514594,1116.77
,4949,5100,train,3.6001,5515700,1116.76
,4950,5100,train,3.2499,5516835,1116.77
,4951,5100,train,3.3764,5517941,1116.77
,4952,5100,train,3.2638,5519064,1116.77
,4953,5100,train,3.1793,5520163,1116.76
,4954,5100,train,3.1056,5521287,1116.77
,4955,5100,train,3.1078,5522390,1116.76
,4956,5100,train,3.1104,5523520,1116.77
,4957,5100,train,3.2879,5524726,1116.78
,4958,5100,train,3.2837,5525854,1116.79
,4959,5100,train,3.3269,5526959,1116.78
,4960,5100,train,3.2334,5528079,1116.78
,4961,5100,train,3.1985,5529182,1116.78
,4962,5100,train,3.2366,5530297,1116.78
,4963,5100,train,3.2491,5531399,1116.78
,4964,5100,train,3.2636,5532519,1116.78
,4965,5100,train,3.2132,5533621,1116.78
,4966,5100,train,3.3997,5534745,1116.78
,4967,5100,train,3.1621,5535852,1116.77
,4968,5100,train,3.3045,5536978,1116.78
,4969,5100,train,3.2352,5538081,1116.77
,4970,5100,train,3.1337,5539199,1116.77
,4971,5100,train,3.1121,5540302,1116.77
,4972,5100,train,3.1891,5541441,1116.78
,4973,5100,train,3.1805,5542541,1116.77
,4974,5100,train,3.1368,5543667,1116.77
,4975,5100,train,3.3654,5544771,1116.77
,4976,5100,train,3.2046,5545897,1116.77
,4977,5100,train,3.1166,5547002,1116.77
,4978,5100,train,3.2630,5548116,1116.77
,4979,5100,train,3.2541,5549220,1116.77
,4980,5100,train,3.0625,5550337,1116.77
,4981,5100,train,3.4204,5551441,1116.77
,4982,5100,train,3.3902,5552585,1116.77
,4983,5100,train,3.2598,5553685,1116.77
,4984,5100,train,3.4094,5554812,1116.77
,4985,5100,train,3.3048,5555919,1116.77
,4986,5100,train,3.2577,5557038,1116.77
,4987,5100,train,3.3855,5558141,1116.77
,4988,5100,train,3.3619,5559269,1116.77
,4989,5100,train,3.2283,5560377,1116.77
,4990,5100,train,3.2110,5561495,1116.77
,4991,5100,train,3.2331,5562600,1116.76
,4992,5100,train,3.2391,5563722,1116.76
,4993,5100,train,3.2526,5564825,1116.76
,4994,5100,train,3.2622,5565952,1116.76
,4995,5100,train,3.3098,5567060,1116.76
,4996,5100,train,3.2423,5568178,1116.76
,4997,5100,train,3.3160,5569280,1116.76
,4998,5100,train,3.2232,5570398,1116.76
,4999,5100,train,3.3309,5571500,1116.76
,5000,5100,train,3.1900,5572619,1116.76
,5000,5100,val,3.3232,5572620,1116.76
,5001,5100,train,3.1715,5573729,1116.76
,5002,5100,train,3.1320,5574852,1116.76
,5003,5100,train,3.1253,5575954,1116.75
,5004,5100,train,3.1863,5577072,1116.75
,5005,5100,train,3.2543,5578178,1116.75
,5006,5100,train,3.0434,5579296,1116.75
,5007,5100,train,3.2441,5580398,1116.75
,5008,5100,train,3.2521,5581542,1116.76
,5009,5100,train,3.2170,5582642,1116.75
,5010,5100,train,3.2592,5583759,1116.75
,5011,5100,train,3.2481,5584859,1116.75
,5012,5100,train,3.2184,5585977,1116.75
,5013,5100,train,3.4398,5587078,1116.75
,5014,5100,train,3.2764,5588202,1116.75
,5015,5100,train,3.3270,5589302,1116.74
,5016,5100,train,3.0734,5590427,1116.75
,5017,5100,train,3.2204,5591533,1116.74
,5018,5100,train,3.1694,5592654,1116.74
,5019,5100,train,3.3069,5593756,1116.74
,5020,5100,train,3.2320,5594885,1116.74
,5021,5100,train,3.1760,5595987,1116.74
,5022,5100,train,3.2434,5597111,1116.74
,5023,5100,train,3.2469,5598216,1116.74
,5024,5100,train,3.0927,5599335,1116.74
,5025,5100,train,3.1775,5600437,1116.74
,5026,5100,train,3.5489,5601564,1116.74
,5027,5100,train,3.1522,5602669,1116.74
,5028,5100,train,3.1574,5603793,1116.74
,5029,5100,train,3.2947,5604898,1116.74
,5030,5100,train,3.2073,5606024,1116.74
,5031,5100,train,3.0770,5607137,1116.74
,5032,5100,train,3.2252,5608254,1116.74
,5033,5100,train,3.2395,5609357,1116.73
,5034,5100,train,3.2732,5610477,1116.74
,5035,5100,train,3.2147,5611578,1116.73
,5036,5100,train,3.1349,5612695,1116.73
,5037,5100,train,3.2673,5613796,1116.73
,5038,5100,train,3.0911,5614919,1116.73
,5039,5100,train,3.2739,5616025,1116.73
,5040,5100,train,3.1300,5617171,1116.73
,5041,5100,train,3.2259,5618277,1116.73
,5042,5100,train,3.2410,5619392,1116.73
,5043,5100,train,3.1173,5620496,1116.73
,5044,5100,train,3.2582,5621612,1116.73
,5045,5100,train,3.2211,5622717,1116.73
,5046,5100,train,3.0623,5623837,1116.73
,5047,5100,train,3.3371,5624936,1116.72
,5048,5100,train,3.3127,5626062,1116.73
,5049,5100,train,3.2648,5627169,1116.72
,5050,5100,train,3.2180,5628292,1116.72
,5051,5100,train,3.3550,5629397,1116.72
,5052,5100,train,3.3248,5630518,1116.72
,5053,5100,train,3.2336,5631616,1116.72
,5054,5100,train,3.4902,5632742,1116.72
,5055,5100,train,3.1783,5633850,1116.72
,5056,5100,train,3.4767,5634972,1116.72
,5057,5100,train,3.2164,5636075,1116.72
,5058,5100,train,3.3117,5637199,1116.72
,5059,5100,train,3.3371,5638302,1116.72
,5060,5100,train,3.3569,5639429,1116.72
,5061,5100,train,3.1861,5640535,1116.72
,5062,5100,train,3.2654,5641655,1116.72
,5063,5100,train,3.2227,5642756,1116.71
,5064,5100,train,3.1341,5643883,1116.72
,5065,5100,train,3.2349,5644991,1116.71
,5066,5100,train,3.2464,5646112,1116.72
,5067,5100,train,3.2448,5647217,1116.71
,5068,5100,train,3.3066,5648332,1116.71
,5069,5100,train,3.5897,5649438,1116.71
,5070,5100,train,3.2220,5650569,1116.71
,5071,5100,train,3.1877,5651677,1116.71
,5072,5100,train,3.2317,5652813,1116.72
,5073,5100,train,3.3047,5653917,1116.71
,5074,5100,train,3.2821,5655060,1116.72
,5075,5100,train,3.2475,5656162,1116.72
,5076,5100,train,3.1878,5657284,1116.72
,5077,5100,train,3.1700,5658392,1116.71
,5078,5100,train,3.3051,5659513,1116.72
,5079,5100,train,3.1459,5660616,1116.71
,5080,5100,train,3.2824,5661743,1116.71
,5081,5100,train,3.3391,5662843,1116.71
,5082,5100,train,3.2017,5663969,1116.71
,5083,5100,train,3.3010,5665076,1116.71
,5084,5100,train,3.2581,5666192,1116.71
,5085,5100,train,3.2256,5667297,1116.71
,5086,5100,train,3.3280,5668429,1116.71
,5087,5100,train,3.1283,5669537,1116.71
,5088,5100,train,2.9635,5670663,1116.71
,5089,5100,train,3.2625,5671766,1116.71
,5090,5100,train,3.2687,5672894,1116.71
,5091,5100,train,3.2307,5673997,1116.71
,5092,5100,train,3.4991,5675123,1116.71
,5093,5100,train,3.3186,5676231,1116.71
,5094,5100,train,3.3124,5677353,1116.71
,5095,5100,train,3.2710,5678456,1116.71
,5096,5100,train,3.3089,5679585,1116.71
,5097,5100,train,3.1298,5680690,1116.71
,5098,5100,train,3.2955,5681813,1116.71
,5099,5100,train,3.0790,5682918,1116.71
,5100,5100,train,3.2554,5684039,1116.71
,5100,5100,val,3.3199,5684039,1116.71
