experiment,step,total_steps,split,loss,train_time_ms,step_avg_ms
,,,train,,,
,{step},{args.num_iterations},val,{val_loss,,
,{step},{args.num_iterations},val,{val_loss,,
,,,train,,,
,{step+1},{args.num_iterations},train,{train_loss.item(),,
,{step+1},{args.num_iterations},train,{train_loss.item(),,
,0,5100,val,15.9580,238,
,1,5100,train,15.9550,43563,
,2,5100,train,9.6341,44705,
,3,5100,train,8.6008,45791,
,4,5100,train,8.1006,46901,
,5,5100,train,7.5238,47990,
,6,5100,train,7.4037,49078,
,7,5100,train,7.3075,50166,
,8,5100,train,7.3818,51273,
,9,5100,train,7.3159,52365,
,10,5100,train,7.4084,53450,
,11,5100,train,7.1326,1092,
,12,5100,train,7.1713,2196,
,13,5100,train,7.6072,3284,1094.54
,14,5100,train,7.3694,4375,1093.87
,15,5100,train,7.4247,5472,1094.40
,16,5100,train,7.4119,6582,1097.01
,17,5100,train,7.3459,7677,1096.74
,18,5100,train,7.6346,8774,1096.78
,19,5100,train,7.6195,9864,1096.04
,20,5100,train,7.6546,10970,1097.01
,21,5100,train,7.2952,12060,1096.32
,22,5100,train,7.4753,13153,1096.12
,23,5100,train,7.4044,14250,1096.14
,24,5100,train,7.3764,15359,1097.08
,25,5100,train,7.0375,16454,1096.93
,26,5100,train,7.0868,17553,1097.05
,27,5100,train,7.2353,18650,1097.04
,28,5100,train,7.1191,19758,1097.66
,29,5100,train,6.9308,20853,1097.51
,30,5100,train,6.9489,21945,1097.23
,31,5100,train,7.0496,23038,1097.06
,32,5100,train,7.1189,24151,1097.79
,33,5100,train,6.8663,25242,1097.48
,34,5100,train,6.7990,26337,1097.37
,35,5100,train,6.8504,27435,1097.40
,36,5100,train,6.9261,28568,1098.77
,37,5100,train,6.3922,29660,1098.52
,38,5100,train,6.8817,30756,1098.44
,39,5100,train,6.7803,31856,1098.49
,40,5100,train,6.7618,32972,1099.08
,41,5100,train,6.5152,34061,1098.73
,42,5100,train,6.7530,35155,1098.58
,43,5100,train,6.6367,36247,1098.39
,44,5100,train,6.4993,37353,1098.63
,45,5100,train,6.3864,38446,1098.46
,46,5100,train,6.5141,39538,1098.28
,47,5100,train,6.5231,40634,1098.21
,48,5100,train,6.3767,41743,1098.50
,49,5100,train,6.3387,42838,1098.42
,50,5100,train,6.3399,43935,1098.38
,51,5100,train,6.3635,45033,1098.38
,52,5100,train,6.3921,46145,1098.69
,53,5100,train,6.5149,47239,1098.58
,54,5100,train,6.1760,48335,1098.52
,55,5100,train,6.2897,49433,1098.51
,56,5100,train,6.2811,50548,1098.88
,57,5100,train,6.3022,51639,1098.71
,58,5100,train,6.1139,52736,1098.67
,59,5100,train,6.2454,53832,1098.61
,60,5100,train,6.3060,54939,1098.79
,61,5100,train,6.2218,56036,1098.75
,62,5100,train,6.3619,57134,1098.73
,63,5100,train,6.2352,58234,1098.76
,64,5100,train,6.3022,59344,1098.97
,65,5100,train,6.1337,60440,1098.90
,66,5100,train,6.2509,61538,1098.88
,67,5100,train,6.1947,62636,1098.88
,68,5100,train,6.3070,63745,1099.06
,69,5100,train,6.1331,64839,1098.97
,70,5100,train,6.1981,65936,1098.93
,71,5100,train,6.3201,67033,1098.90
,72,5100,train,6.0818,68178,1099.65
,73,5100,train,6.1449,69272,1099.56
,74,5100,train,6.1833,70371,1099.55
,75,5100,train,6.0983,71465,1099.46
,76,5100,train,6.0707,72574,1099.61
,77,5100,train,6.0489,73673,1099.60
,78,5100,train,6.1403,74775,1099.64
,79,5100,train,6.0387,75874,1099.62
,80,5100,train,6.0471,77025,1100.36
,81,5100,train,6.0754,78120,1100.28
,82,5100,train,6.7082,79217,1100.24
,83,5100,train,6.0694,80317,1100.23
,84,5100,train,6.0230,81433,1100.44
,85,5100,train,6.0246,82524,1100.32
,86,5100,train,6.0583,83618,1100.23
,87,5100,train,6.0111,84712,1100.16
,88,5100,train,5.8675,85826,1100.33
,89,5100,train,5.6930,86918,1100.23
,90,5100,train,6.0074,88014,1100.17
,91,5100,train,5.9898,89106,1100.08
,92,5100,train,6.0754,90216,1100.20
,93,5100,train,5.8877,91311,1100.13
,94,5100,train,5.8985,92401,1100.01
,95,5100,train,6.0901,93497,1099.96
,96,5100,train,5.8708,94609,1100.11
,97,5100,train,5.9099,95700,1100.00
,98,5100,train,5.8914,96796,1099.95
,99,5100,train,5.9540,97896,1099.95
,100,5100,train,5.6958,99007,1100.07
,101,5100,train,5.9484,100100,1100.00
,102,5100,train,5.9474,101195,1099.94
,103,5100,train,5.9595,102293,1099.93
,104,5100,train,5.7080,103406,1100.07
,105,5100,train,5.8500,104498,1099.98
,106,5100,train,5.9239,105590,1099.89
,107,5100,train,5.9438,106681,1099.81
,108,5100,train,5.8868,107794,1099.94
,109,5100,train,5.7938,108890,1099.90
,110,5100,train,5.9856,109979,1099.79
,111,5100,train,5.8306,111076,1099.77
,112,5100,train,5.7892,112190,1099.90
,113,5100,train,5.9870,113281,1099.82
,114,5100,train,5.7895,114378,1099.79
,115,5100,train,5.6956,115475,1099.76
,116,5100,train,5.7718,116630,1100.28
,117,5100,train,5.7813,117723,1100.22
,118,5100,train,5.6784,118820,1100.18
,119,5100,train,5.8249,119917,1100.15
,120,5100,train,5.7416,121029,1100.27
,121,5100,train,5.8254,122121,1100.19
,122,5100,train,5.5852,123216,1100.14
,123,5100,train,5.7468,124313,1100.12
,124,5100,train,5.7074,125425,1100.22
,125,5100,train,5.6751,126518,1100.15
,125,5100,val,5.7143,126518,1100.16
,126,5100,train,5.6961,127617,1100.15
,127,5100,train,5.8989,128712,1100.10
,128,5100,train,5.7282,129820,1100.17
,129,5100,train,5.6467,130917,1100.15
,130,5100,train,5.5758,132015,1100.13
,131,5100,train,5.8403,133115,1100.12
,132,5100,train,5.6464,134225,1100.20
,133,5100,train,5.6704,135321,1100.17
,134,5100,train,5.7807,136419,1100.15
,135,5100,train,5.5419,137515,1100.12
,136,5100,train,5.6725,138629,1100.23
,137,5100,train,5.5983,139722,1100.17
,138,5100,train,5.6288,140819,1100.15
,139,5100,train,5.6378,141917,1100.13
,140,5100,train,5.7349,143032,1100.24
,141,5100,train,5.7172,144123,1100.18
,142,5100,train,5.7076,145220,1100.15
,143,5100,train,5.7023,146319,1100.15
,144,5100,train,5.5032,147468,1100.50
,145,5100,train,5.6534,148564,1100.47
,146,5100,train,5.5406,149663,1100.46
,147,5100,train,5.5261,150762,1100.45
,148,5100,train,5.5947,151876,1100.55
,149,5100,train,5.6647,152968,1100.49
,150,5100,train,5.7263,154063,1100.45
,151,5100,train,5.4752,155160,1100.42
,152,5100,train,5.4661,156283,1100.58
,153,5100,train,5.3680,157378,1100.55
,154,5100,train,5.6163,158480,1100.56
,155,5100,train,5.6512,159579,1100.55
,156,5100,train,5.6095,160695,1100.65
,157,5100,train,5.5472,161789,1100.61
,158,5100,train,5.4844,162887,1100.59
,159,5100,train,5.4485,163980,1100.54
,160,5100,train,5.4820,165092,1100.61
,161,5100,train,5.4221,166184,1100.56
,162,5100,train,5.4971,167281,1100.53
,163,5100,train,5.4191,168378,1100.51
,164,5100,train,5.3722,169491,1100.59
,165,5100,train,5.3402,170582,1100.53
,166,5100,train,5.5545,171679,1100.51
,167,5100,train,5.2877,172780,1100.51
,168,5100,train,5.3482,173893,1100.59
,169,5100,train,5.4282,174984,1100.53
,170,5100,train,5.4409,176080,1100.50
,171,5100,train,5.4491,177178,1100.48
,172,5100,train,5.6332,178292,1100.57
,173,5100,train,5.3622,179388,1100.54
,174,5100,train,5.4850,180485,1100.52
,175,5100,train,5.6105,181582,1100.50
,176,5100,train,5.4407,182696,1100.58
,177,5100,train,5.4655,183790,1100.54
,178,5100,train,5.5829,184883,1100.49
,179,5100,train,5.3836,185980,1100.48
,180,5100,train,5.4440,187093,1100.54
,181,5100,train,5.3004,188186,1100.50
,182,5100,train,5.5034,189281,1100.47
,183,5100,train,5.3871,190381,1100.47
,184,5100,train,5.3189,191497,1100.56
,185,5100,train,5.3741,192600,1100.57
,186,5100,train,5.3226,193700,1100.57
,187,5100,train,5.5791,194802,1100.58
,188,5100,train,5.3312,195943,1100.80
,189,5100,train,4.9578,197040,1100.78
,190,5100,train,5.2304,198142,1100.79
,191,5100,train,5.3223,199498,1102.20
,192,5100,train,5.3025,200609,1102.25
,193,5100,train,4.7540,201704,1102.21
,194,5100,train,5.4796,202801,1102.18
,195,5100,train,5.2056,203898,1102.15
,196,5100,train,5.3634,205010,1102.20
,197,5100,train,5.3021,206103,1102.16
,198,5100,train,5.3803,207200,1102.13
,199,5100,train,5.1992,208299,1102.11
,200,5100,train,5.3866,209410,1102.16
,201,5100,train,5.3284,210503,1102.11
,202,5100,train,5.2606,211600,1102.08
,203,5100,train,5.4971,212697,1102.05
,204,5100,train,5.3745,213813,1102.13
,205,5100,train,5.4180,214905,1102.07
,206,5100,train,5.1208,216001,1102.05
,207,5100,train,5.3271,217099,1102.03
,208,5100,train,5.3925,218210,1102.07
,209,5100,train,5.2672,219303,1102.02
,210,5100,train,5.2894,220400,1102.00
,211,5100,train,5.1737,221497,1101.98
,212,5100,train,5.2161,222609,1102.03
,213,5100,train,5.3720,223702,1101.98
,214,5100,train,5.3123,224799,1101.95
,215,5100,train,5.2584,225897,1101.93
,216,5100,train,5.1217,227013,1102.01
,217,5100,train,5.2805,228104,1101.95
,218,5100,train,5.3695,229199,1101.92
,219,5100,train,5.2314,230297,1101.90
,220,5100,train,5.1906,231408,1101.94
,221,5100,train,5.1611,232502,1101.90
,222,5100,train,5.1882,233598,1101.88
,223,5100,train,5.3232,234698,1101.87
,224,5100,train,5.1254,235843,1102.07
,225,5100,train,5.3473,236936,1102.03
,226,5100,train,5.1168,238032,1102.00
,227,5100,train,5.1816,239123,1101.95
,228,5100,train,5.2375,240250,1102.06
,229,5100,train,5.2656,241343,1102.02
,230,5100,train,5.2470,242440,1102.00
,231,5100,train,5.1467,243536,1101.97
,232,5100,train,5.2420,244652,1102.04
,233,5100,train,5.2625,245745,1102.00
,234,5100,train,5.0417,246841,1101.97
,235,5100,train,5.1952,247939,1101.95
,236,5100,train,5.2824,249053,1102.00
,237,5100,train,4.9950,250145,1101.96
,238,5100,train,5.2151,251240,1101.93
,239,5100,train,5.1466,252339,1101.92
,240,5100,train,5.0411,253451,1101.96
,241,5100,train,5.2572,254544,1101.92
,242,5100,train,4.9954,255636,1101.88
,243,5100,train,5.1421,256725,1101.82
,244,5100,train,5.2365,257834,1101.85
,245,5100,train,5.0267,258924,1101.81
,246,5100,train,5.1514,260019,1101.78
,247,5100,train,5.1031,261119,1101.77
,248,5100,train,5.1769,262231,1101.81
,249,5100,train,4.9851,263324,1101.77
,250,5100,train,5.1516,264420,1101.75
,250,5100,val,5.1196,264421,1101.75
,251,5100,train,5.0503,265517,1101.73
,252,5100,train,5.2466,266663,1101.92
,253,5100,train,5.1059,267756,1101.88
,254,5100,train,5.1397,268852,1101.85
,255,5100,train,5.0536,269950,1101.84
,256,5100,train,5.0854,271089,1101.99
,257,5100,train,4.9790,272179,1101.94
,258,5100,train,5.2733,273274,1101.91
,259,5100,train,5.0126,274369,1101.88
,260,5100,train,5.0252,275480,1101.92
,261,5100,train,5.2141,276572,1101.88
,262,5100,train,5.0331,277667,1101.85
,263,5100,train,5.0747,278766,1101.84
,264,5100,train,5.1195,279875,1101.87
,265,5100,train,4.9487,280972,1101.85
,266,5100,train,5.0758,282070,1101.84
,267,5100,train,4.9536,283164,1101.80
,268,5100,train,5.1855,284275,1101.84
,269,5100,train,5.1911,285371,1101.82
,270,5100,train,5.0215,286467,1101.80
,271,5100,train,5.0547,287567,1101.79
,272,5100,train,5.1271,288675,1101.81
,273,5100,train,5.0464,289771,1101.79
,274,5100,train,4.9547,290867,1101.77
,275,5100,train,5.0405,291966,1101.76
,276,5100,train,5.1462,293082,1101.81
,277,5100,train,5.0029,294173,1101.77
,278,5100,train,4.9794,295271,1101.76
,279,5100,train,4.9313,296368,1101.74
,280,5100,train,4.9247,297478,1101.77
,281,5100,train,5.1878,298570,1101.74
,282,5100,train,5.2519,299667,1101.72
,283,5100,train,4.9722,300767,1101.71
,284,5100,train,4.7605,301879,1101.75
,285,5100,train,4.9927,302971,1101.71
,286,5100,train,5.2144,304068,1101.70
,287,5100,train,5.0312,305164,1101.68
,288,5100,train,4.9773,306311,1101.84
,289,5100,train,4.9539,307401,1101.79
,290,5100,train,4.8415,308494,1101.77
,291,5100,train,5.0971,309591,1101.75
,292,5100,train,5.0117,310722,1101.85
,293,5100,train,5.0211,311815,1101.82
,294,5100,train,4.9599,312912,1101.80
,295,5100,train,5.0078,314009,1101.79
,296,5100,train,5.1059,315121,1101.82
,297,5100,train,5.1264,316213,1101.79
,298,5100,train,5.1018,317311,1101.77
,299,5100,train,5.0335,318408,1101.76
,300,5100,train,4.9279,319520,1101.79
,301,5100,train,5.0494,320614,1101.77
,302,5100,train,4.9997,321710,1101.75
,303,5100,train,4.9513,322807,1101.73
,304,5100,train,4.8934,323919,1101.77
,305,5100,train,4.8121,325011,1101.73
,306,5100,train,5.0352,326107,1101.71
,307,5100,train,5.1019,327199,1101.68
,308,5100,train,5.0342,328307,1101.70
,309,5100,train,4.8513,329399,1101.67
,310,5100,train,4.9887,330492,1101.64
,311,5100,train,4.8668,331589,1101.63
,312,5100,train,4.9047,332702,1101.66
,313,5100,train,4.9413,333793,1101.63
,314,5100,train,4.8787,334889,1101.61
,315,5100,train,4.8596,335986,1101.59
,316,5100,train,4.8001,337094,1101.61
,317,5100,train,4.8218,338190,1101.60
,318,5100,train,4.8444,339287,1101.58
,319,5100,train,4.8604,340378,1101.55
,320,5100,train,4.9829,341486,1101.57
,321,5100,train,4.9133,342579,1101.54
,322,5100,train,4.7933,343673,1101.52
,323,5100,train,4.9943,344767,1101.49
,324,5100,train,5.1370,345877,1101.52
,325,5100,train,4.9642,346971,1101.50
,326,5100,train,4.9085,348069,1101.49
,327,5100,train,4.9459,349167,1101.47
,328,5100,train,4.9249,350320,1101.63
,329,5100,train,4.7783,351412,1101.60
,330,5100,train,4.9294,352510,1101.59
,331,5100,train,4.9399,353611,1101.59
,332,5100,train,4.7805,354725,1101.63
,333,5100,train,4.8983,355815,1101.60
,334,5100,train,4.7892,356911,1101.58
,335,5100,train,4.7808,358006,1101.56
,336,5100,train,4.9635,359120,1101.60
,337,5100,train,5.4512,360213,1101.57
,338,5100,train,4.9073,361312,1101.56
,339,5100,train,4.9510,362410,1101.55
,340,5100,train,4.8414,363523,1101.58
,341,5100,train,5.0029,364613,1101.55
,342,5100,train,4.8176,365710,1101.53
,343,5100,train,5.2286,366806,1101.52
,344,5100,train,4.9133,367919,1101.55
,345,5100,train,4.7525,369013,1101.53
,346,5100,train,4.7718,370106,1101.51
,347,5100,train,4.8747,371199,1101.48
,348,5100,train,4.8119,372307,1101.50
,349,5100,train,4.8745,373399,1101.47
,350,5100,train,4.8051,374493,1101.45
,351,5100,train,4.7217,375587,1101.43
,352,5100,train,4.9549,376699,1101.46
,353,5100,train,4.7081,377791,1101.43
,354,5100,train,4.9218,378887,1101.42
,355,5100,train,4.9988,379980,1101.39
,356,5100,train,4.7236,381087,1101.41
,357,5100,train,4.7841,382176,1101.37
,358,5100,train,5.0083,383269,1101.35
,359,5100,train,4.7649,384364,1101.33
,360,5100,train,4.7443,385478,1101.36
,361,5100,train,4.7961,386570,1101.34
,362,5100,train,4.6731,387667,1101.33
,363,5100,train,4.7843,388762,1101.31
,364,5100,train,4.7801,389896,1101.40
,365,5100,train,4.7701,390987,1101.37
,366,5100,train,4.8407,392078,1101.34
,367,5100,train,4.7323,393172,1101.32
,368,5100,train,4.8239,394282,1101.35
,369,5100,train,4.7553,395372,1101.31
,370,5100,train,4.6264,396467,1101.30
,371,5100,train,4.9787,397565,1101.29
,372,5100,train,4.7446,398672,1101.30
,373,5100,train,4.9629,399762,1101.27
,374,5100,train,4.8027,400854,1101.25
,375,5100,train,4.7776,401949,1101.23
,375,5100,val,4.7707,401950,1101.23
,376,5100,train,4.9682,403059,1101.25
,377,5100,train,4.5978,404156,1101.24
,378,5100,train,4.8238,405248,1101.22
,379,5100,train,4.8606,406340,1101.19
,380,5100,train,4.7799,407451,1101.22
,381,5100,train,4.7723,408545,1101.20
,382,5100,train,4.7436,409751,1101.48
,383,5100,train,4.6829,410855,1101.49
,384,5100,train,4.7577,411969,1101.52
,385,5100,train,4.6266,413061,1101.50
,386,5100,train,4.8187,414157,1101.48
,387,5100,train,4.6562,415256,1101.48
,388,5100,train,4.8208,416365,1101.50
,389,5100,train,4.7677,417458,1101.47
,390,5100,train,4.7956,418556,1101.46
,391,5100,train,4.6860,419652,1101.45
,392,5100,train,4.7558,420798,1101.57
,393,5100,train,4.7012,421893,1101.55
,394,5100,train,4.7442,422987,1101.53
,395,5100,train,4.7097,424080,1101.51
,396,5100,train,4.7497,425224,1101.62
,397,5100,train,4.4943,426311,1101.58
,398,5100,train,4.7234,427401,1101.55
,399,5100,train,4.7063,428497,1101.53
,400,5100,train,4.6779,429608,1101.56
,401,5100,train,4.7833,430699,1101.53
,402,5100,train,4.6804,431794,1101.52
,403,5100,train,4.9749,432890,1101.50
,404,5100,train,4.9246,433995,1101.51
,405,5100,train,4.7615,435085,1101.48
,406,5100,train,4.7669,436178,1101.46
,407,5100,train,4.6934,437275,1101.45
,408,5100,train,4.6244,438379,1101.46
,409,5100,train,4.7633,439474,1101.44
,410,5100,train,4.6360,440568,1101.42
,411,5100,train,4.7155,441659,1101.39
,412,5100,train,4.6660,442772,1101.42
,413,5100,train,4.6788,443861,1101.39
,414,5100,train,4.7511,444957,1101.38
,415,5100,train,4.6468,446050,1101.36
,416,5100,train,4.6354,447156,1101.37
,417,5100,train,4.7926,448244,1101.34
,418,5100,train,4.5307,449338,1101.32
,419,5100,train,4.8280,450434,1101.30
,420,5100,train,4.8559,451542,1101.32
,421,5100,train,4.6979,452634,1101.30
,422,5100,train,4.7837,453729,1101.28
,423,5100,train,4.5202,454820,1101.26
,424,5100,train,4.5972,455928,1101.28
,425,5100,train,4.5267,457021,1101.25
,426,5100,train,4.7271,458114,1101.24
,427,5100,train,4.7286,459208,1101.22
,428,5100,train,4.5729,460353,1101.32
,429,5100,train,4.7316,461444,1101.30
,430,5100,train,4.5972,462539,1101.28
,431,5100,train,4.5180,463636,1101.27
,432,5100,train,4.6917,464772,1101.35
,433,5100,train,4.7263,465862,1101.33
,434,5100,train,4.7190,466957,1101.31
,435,5100,train,4.5990,468056,1101.31
,436,5100,train,4.6804,469172,1101.34
,437,5100,train,4.7656,470266,1101.33
,438,5100,train,4.6869,471360,1101.31
,439,5100,train,4.7218,472457,1101.30
,440,5100,train,4.5670,473569,1101.32
,441,5100,train,4.6381,474661,1101.30
,442,5100,train,4.6622,475758,1101.29
,443,5100,train,4.4975,476856,1101.28
,444,5100,train,4.7112,477964,1101.30
,445,5100,train,4.8606,479058,1101.28
,446,5100,train,4.5039,480154,1101.27
,447,5100,train,4.6858,481254,1101.27
,448,5100,train,4.6452,482371,1101.30
,449,5100,train,4.5360,483461,1101.28
,450,5100,train,4.5623,484559,1101.27
,451,5100,train,4.6453,485658,1101.26
,452,5100,train,4.9043,486773,1101.30
,453,5100,train,4.7987,487869,1101.28
,454,5100,train,4.6200,488961,1101.26
,455,5100,train,4.5423,490058,1101.25
,456,5100,train,4.6593,491171,1101.28
,457,5100,train,4.6677,492265,1101.26
,458,5100,train,4.6598,493359,1101.25
,459,5100,train,4.6692,494455,1101.24
,460,5100,train,4.5465,495563,1101.25
,461,5100,train,4.6534,496658,1101.24
,462,5100,train,4.6643,497756,1101.23
,463,5100,train,4.4039,498855,1101.22
,464,5100,train,4.5859,499960,1101.23
,465,5100,train,4.6754,501057,1101.22
,466,5100,train,4.5763,502155,1101.22
,467,5100,train,4.5615,503255,1101.22
,468,5100,train,4.5546,504364,1101.23
,469,5100,train,4.7383,505457,1101.21
,470,5100,train,4.6215,506555,1101.21
,471,5100,train,4.4413,507647,1101.19
,472,5100,train,4.6388,508785,1101.27
,473,5100,train,4.5149,509880,1101.25
,474,5100,train,4.6406,510979,1101.25
,475,5100,train,4.6477,512078,1101.24
,476,5100,train,4.8054,513199,1101.29
,477,5100,train,4.6480,514296,1101.28
,478,5100,train,4.6743,515395,1101.27
,479,5100,train,4.5535,516494,1101.27
,480,5100,train,4.4497,517625,1101.33
,481,5100,train,4.5999,518717,1101.31
,482,5100,train,4.7276,519814,1101.30
,483,5100,train,4.5831,520911,1101.29
,484,5100,train,4.6257,522024,1101.32
,485,5100,train,4.5978,523118,1101.30
,486,5100,train,4.4417,524216,1101.29
,487,5100,train,4.6098,525316,1101.29
,488,5100,train,4.5643,526434,1101.33
,489,5100,train,4.5459,527525,1101.31
,490,5100,train,4.7572,528619,1101.29
,491,5100,train,4.5745,529718,1101.29
,492,5100,train,4.4648,530835,1101.32
,493,5100,train,4.6441,531923,1101.29
,494,5100,train,4.4304,533018,1101.28
,495,5100,train,4.5564,534116,1101.27
,496,5100,train,4.7394,535228,1101.29
,497,5100,train,4.5645,536321,1101.28
,498,5100,train,4.5601,537417,1101.26
,499,5100,train,4.5247,538513,1101.25
,500,5100,train,4.6505,539625,1101.28
,500,5100,val,4.5540,539626,1101.28
,501,5100,train,4.5375,540722,1101.27
,502,5100,train,4.4490,541820,1101.26
,503,5100,train,4.5631,542914,1101.25
,504,5100,train,4.4401,544025,1101.27
,505,5100,train,4.8009,545124,1101.26
,506,5100,train,4.5407,546224,1101.26
,507,5100,train,4.6214,547325,1101.26
,508,5100,train,4.7999,548471,1101.35
,509,5100,train,4.4491,549566,1101.34
,510,5100,train,4.5508,550666,1101.33
,511,5100,train,4.5710,551766,1101.33
,512,5100,train,4.3621,552908,1101.41
,513,5100,train,4.4297,554005,1101.40
,514,5100,train,4.6267,555103,1101.40
,515,5100,train,4.7896,556195,1101.38
,516,5100,train,4.5427,557301,1101.39
,517,5100,train,4.4203,558396,1101.37
,518,5100,train,4.6299,559495,1101.37
,519,5100,train,4.3676,560587,1101.35
,520,5100,train,4.5658,561702,1101.38
,521,5100,train,4.4588,562797,1101.36
,522,5100,train,4.3484,563889,1101.35
,523,5100,train,4.5981,564983,1101.33
,524,5100,train,4.3652,566097,1101.36
,525,5100,train,4.4759,567188,1101.34
,526,5100,train,4.5094,568285,1101.33
,527,5100,train,4.7157,569380,1101.31
,528,5100,train,4.4698,570488,1101.33
,529,5100,train,4.4517,571582,1101.31
,530,5100,train,4.4923,572681,1101.31
,531,5100,train,4.5909,573781,1101.31
,532,5100,train,4.4971,574891,1101.32
,533,5100,train,4.5151,575985,1101.31
,534,5100,train,4.6088,577082,1101.30
,535,5100,train,4.5839,578175,1101.29
,536,5100,train,4.4897,579285,1101.30
,537,5100,train,4.4990,580379,1101.29
,538,5100,train,4.4071,581471,1101.27
,539,5100,train,4.3814,582566,1101.26
,540,5100,train,4.4288,583679,1101.28
,541,5100,train,4.4492,584773,1101.27
,542,5100,train,4.3867,585868,1101.26
,543,5100,train,4.4836,586967,1101.25
,544,5100,train,4.4713,588139,1101.38
,545,5100,train,4.5471,589238,1101.38
,546,5100,train,4.5439,590337,1101.37
,547,5100,train,4.3534,591435,1101.37
,548,5100,train,4.5949,592592,1101.47
,549,5100,train,4.3699,593690,1101.47
,550,5100,train,4.6240,594789,1101.46
,551,5100,train,4.4857,595887,1101.45
,552,5100,train,4.3875,597003,1101.48
,553,5100,train,4.5858,598092,1101.46
,554,5100,train,4.4842,599186,1101.44
,555,5100,train,4.4457,600284,1101.44
,556,5100,train,4.5386,601400,1101.46
,557,5100,train,4.4807,602491,1101.45
,558,5100,train,4.3675,603587,1101.44
,559,5100,train,4.4714,604685,1101.43
,560,5100,train,4.3490,605799,1101.45
,561,5100,train,4.4529,606890,1101.43
,562,5100,train,4.4478,607985,1101.42
,563,5100,train,4.2798,609083,1101.42
,564,5100,train,4.4846,610202,1101.45
,565,5100,train,4.3909,611291,1101.43
,566,5100,train,4.3936,612388,1101.42
,567,5100,train,4.4616,613485,1101.41
,568,5100,train,4.4524,614596,1101.43
,569,5100,train,4.6912,615687,1101.41
,570,5100,train,4.4053,616784,1101.40
,571,5100,train,4.4218,617883,1101.40
,572,5100,train,4.3227,619099,1101.60
,573,5100,train,4.2595,620189,1101.58
,574,5100,train,4.3555,621286,1101.57
,575,5100,train,4.4901,622385,1101.57
,576,5100,train,4.2602,623504,1101.60
,577,5100,train,4.4032,624600,1101.59
,578,5100,train,4.5040,625697,1101.58
,579,5100,train,4.4356,626790,1101.56
,580,5100,train,4.6459,627937,1101.64
,581,5100,train,4.4119,629032,1101.63
,582,5100,train,4.4238,630129,1101.62
,583,5100,train,4.4087,631228,1101.62
,584,5100,train,4.4318,632368,1101.69
,585,5100,train,4.3718,633460,1101.67
,586,5100,train,4.3813,634558,1101.66
,587,5100,train,4.3406,635651,1101.65
,588,5100,train,4.6821,636772,1101.68
,589,5100,train,4.4713,637870,1101.67
,590,5100,train,4.2905,638967,1101.67
,591,5100,train,4.3451,640063,1101.66
,592,5100,train,4.3104,641181,1101.69
,593,5100,train,4.2972,642275,1101.67
,594,5100,train,4.4545,643367,1101.66
,595,5100,train,4.2060,644466,1101.65
,596,5100,train,4.6051,645582,1101.68
,597,5100,train,4.4658,646671,1101.65
,598,5100,train,4.2423,647767,1101.64
,599,5100,train,4.4033,648865,1101.64
,600,5100,train,4.2731,649984,1101.67
,601,5100,train,4.4054,651075,1101.65
,602,5100,train,4.3373,652168,1101.64
,603,5100,train,4.3658,653265,1101.63
,604,5100,train,4.5892,654381,1101.65
,605,5100,train,4.3426,655470,1101.63
,606,5100,train,4.3894,656565,1101.62
,607,5100,train,4.3174,657661,1101.61
,608,5100,train,4.5527,658775,1101.63
,609,5100,train,4.3618,659869,1101.62
,610,5100,train,4.3449,660965,1101.61
,611,5100,train,4.6024,662065,1101.61
,612,5100,train,4.4688,663180,1101.63
,613,5100,train,4.3502,664269,1101.61
,614,5100,train,4.4385,665363,1101.59
,615,5100,train,4.3736,666458,1101.58
,616,5100,train,4.3860,667566,1101.59
,617,5100,train,4.3192,668659,1101.58
,618,5100,train,4.2750,669751,1101.56
,619,5100,train,4.4858,670848,1101.56
,620,5100,train,4.4827,671997,1101.63
,621,5100,train,4.2482,673089,1101.62
,622,5100,train,4.3317,674185,1101.61
,623,5100,train,4.3052,675286,1101.61
,624,5100,train,4.3573,676436,1101.69
,625,5100,train,4.3585,677528,1101.67
,625,5100,val,4.3309,677529,1101.67
,626,5100,train,4.3708,678622,1101.66
,627,5100,train,4.4296,679715,1101.65
,628,5100,train,4.3083,680828,1101.66
,629,5100,train,4.4338,681916,1101.64
,630,5100,train,4.3474,683012,1101.63
,631,5100,train,4.1472,684105,1101.62
,632,5100,train,4.2530,685212,1101.63
,633,5100,train,4.3893,686307,1101.62
,634,5100,train,4.3368,687398,1101.60
,635,5100,train,4.4048,688491,1101.59
,636,5100,train,4.2690,689602,1101.60
,637,5100,train,4.3454,690694,1101.59
,638,5100,train,4.2218,691788,1101.57
,639,5100,train,4.2615,692883,1101.56
,640,5100,train,4.3934,693992,1101.57
,641,5100,train,4.3390,695082,1101.56
,642,5100,train,4.2676,696173,1101.54
,643,5100,train,4.5009,697267,1101.53
,644,5100,train,4.3520,698374,1101.54
,645,5100,train,4.3916,699466,1101.52
,646,5100,train,4.2617,700560,1101.51
,647,5100,train,4.2434,701652,1101.49
,648,5100,train,4.3444,702803,1101.57
,649,5100,train,4.4022,703895,1101.56
,650,5100,train,4.3527,704994,1101.55
,651,5100,train,4.3163,706093,1101.55
,652,5100,train,4.3540,707236,1101.61
,653,5100,train,4.2907,708325,1101.59
,654,5100,train,4.3405,709416,1101.58
,655,5100,train,4.1392,710513,1101.57
,656,5100,train,4.4246,711624,1101.59
,657,5100,train,4.2149,712714,1101.57
,658,5100,train,4.3207,713811,1101.56
,659,5100,train,4.2616,714906,1101.55
,660,5100,train,4.2890,716017,1101.56
,661,5100,train,4.3919,717107,1101.55
,662,5100,train,4.3243,718200,1101.53
,663,5100,train,4.2336,719292,1101.52
,664,5100,train,4.3447,720406,1101.54
,665,5100,train,4.2715,721497,1101.52
,666,5100,train,4.1840,722590,1101.51
,667,5100,train,4.2028,723682,1101.49
,668,5100,train,4.3260,724792,1101.51
,669,5100,train,4.3095,725879,1101.49
,670,5100,train,4.4307,726974,1101.48
,671,5100,train,4.3241,728069,1101.47
,672,5100,train,4.2758,729186,1101.49
,673,5100,train,4.5899,730276,1101.47
,674,5100,train,4.3592,731373,1101.46
,675,5100,train,4.1547,732464,1101.45
,676,5100,train,4.2458,733572,1101.46
,677,5100,train,4.5262,734662,1101.44
,678,5100,train,4.2776,735755,1101.43
,679,5100,train,4.2900,736852,1101.42
,680,5100,train,4.2299,737963,1101.44
,681,5100,train,4.4396,739053,1101.42
,682,5100,train,4.2368,740144,1101.40
,683,5100,train,4.2455,741236,1101.39
,684,5100,train,4.1107,742384,1101.46
,685,5100,train,4.3028,743479,1101.45
,686,5100,train,4.1674,744577,1101.44
,687,5100,train,4.1178,745674,1101.44
,688,5100,train,4.2303,746823,1101.51
,689,5100,train,4.2329,747914,1101.49
,690,5100,train,4.3003,749011,1101.49
,691,5100,train,4.3213,750112,1101.49
,692,5100,train,4.1333,751235,1101.52
,693,5100,train,4.3337,752330,1101.51
,694,5100,train,4.2025,753417,1101.49
,695,5100,train,4.1180,754513,1101.48
,696,5100,train,4.2821,755622,1101.49
,697,5100,train,4.4115,756714,1101.48
,698,5100,train,4.1885,757808,1101.46
,699,5100,train,4.2728,758899,1101.45
,700,5100,train,4.4451,760011,1101.46
,701,5100,train,4.2360,761102,1101.45
,702,5100,train,4.3530,762195,1101.44
,703,5100,train,4.1258,763288,1101.43
,704,5100,train,4.2515,764396,1101.43
,705,5100,train,4.3262,765490,1101.42
,706,5100,train,4.1326,766583,1101.41
,707,5100,train,4.2858,767675,1101.40
,708,5100,train,4.3452,768796,1101.43
,709,5100,train,4.1051,769890,1101.42
,710,5100,train,4.3185,770981,1101.40
,711,5100,train,4.0795,772074,1101.39
,712,5100,train,4.1897,773191,1101.41
,713,5100,train,4.2043,774279,1101.39
,714,5100,train,4.1261,775373,1101.38
,715,5100,train,4.2665,776467,1101.37
,716,5100,train,4.1055,777579,1101.39
,717,5100,train,4.1857,778674,1101.38
,718,5100,train,4.2856,779764,1101.36
,719,5100,train,4.0747,780855,1101.35
,720,5100,train,4.0922,781969,1101.37
,721,5100,train,4.4528,783057,1101.35
,722,5100,train,4.1087,784151,1101.34
,723,5100,train,4.2846,785242,1101.32
,724,5100,train,4.1236,786399,1101.40
,725,5100,train,4.1964,787492,1101.39
,726,5100,train,4.3585,788584,1101.37
,727,5100,train,4.1703,789677,1101.36
,728,5100,train,4.2020,790829,1101.43
,729,5100,train,4.1446,791917,1101.41
,730,5100,train,4.1816,793015,1101.41
,731,5100,train,4.3725,794112,1101.40
,732,5100,train,4.2765,795225,1101.42
,733,5100,train,4.1164,796314,1101.40
,734,5100,train,4.3975,797412,1101.40
,735,5100,train,4.1367,798507,1101.39
,736,5100,train,4.0717,799616,1101.40
,737,5100,train,4.2475,800708,1101.39
,738,5100,train,4.4808,801803,1101.38
,739,5100,train,4.1321,802895,1101.36
,740,5100,train,4.3330,804007,1101.38
,741,5100,train,4.2153,805097,1101.36
,742,5100,train,4.1570,806188,1101.35
,743,5100,train,4.1793,807279,1101.34
,744,5100,train,3.9047,808392,1101.35
,745,5100,train,4.2974,809483,1101.34
,746,5100,train,4.2565,810576,1101.33
,747,5100,train,4.1643,811672,1101.32
,748,5100,train,4.2256,812786,1101.34
,749,5100,train,4.1383,813878,1101.32
,750,5100,train,4.0677,814973,1101.31
,750,5100,val,4.1705,814974,1101.32
,751,5100,train,4.0909,816068,1101.31
,752,5100,train,4.1029,817180,1101.32
,753,5100,train,4.1457,818274,1101.31
,754,5100,train,4.2142,819367,1101.30
,755,5100,train,4.1366,820461,1101.29
,756,5100,train,4.4986,821622,1101.37
,757,5100,train,4.2678,822712,1101.35
,758,5100,train,4.1487,823805,1101.34
,759,5100,train,4.1902,824901,1101.34
,760,5100,train,4.1650,826026,1101.37
,761,5100,train,4.0202,827116,1101.35
,762,5100,train,4.0792,828212,1101.35
,763,5100,train,4.1468,829517,1101.62
,764,5100,train,4.2553,830633,1101.63
,765,5100,train,4.1500,831720,1101.62
,766,5100,train,4.1954,832815,1101.61
,767,5100,train,4.1322,833913,1101.60
,768,5100,train,4.1624,835017,1101.61
,769,5100,train,4.3555,836106,1101.59
,770,5100,train,4.2391,837196,1101.57
,771,5100,train,4.1707,838293,1101.57
,772,5100,train,3.9504,839403,1101.58
,773,5100,train,4.2126,840495,1101.57
,774,5100,train,4.0546,841592,1101.56
,775,5100,train,4.1073,842680,1101.54
,776,5100,train,4.4835,843791,1101.55
,777,5100,train,4.0277,844879,1101.54
,778,5100,train,4.1547,845971,1101.52
,779,5100,train,4.2415,847061,1101.51
,780,5100,train,4.2290,848169,1101.52
,781,5100,train,4.1346,849263,1101.51
,782,5100,train,4.1285,850356,1101.50
,783,5100,train,3.9660,851451,1101.49
,784,5100,train,4.0967,852561,1101.50
,785,5100,train,4.0860,853655,1101.49
,786,5100,train,4.0408,854742,1101.47
,787,5100,train,4.1309,855834,1101.46
,788,5100,train,4.2104,856946,1101.47
,789,5100,train,4.1064,858036,1101.46
,790,5100,train,4.0735,859125,1101.44
,791,5100,train,4.1337,860216,1101.43
,792,5100,train,4.0582,861325,1101.44
,793,5100,train,4.3471,862416,1101.43
,794,5100,train,4.3283,863509,1101.41
,795,5100,train,4.0414,864606,1101.41
,796,5100,train,4.1067,865756,1101.47
,797,5100,train,4.1271,866850,1101.46
,798,5100,train,4.5509,867941,1101.45
,799,5100,train,4.2836,869037,1101.44
,800,5100,train,4.2809,870152,1101.46
,801,5100,train,4.2529,871244,1101.45
,802,5100,train,4.0611,872337,1101.44
,803,5100,train,4.3601,873432,1101.43
,804,5100,train,4.1510,874558,1101.46
,805,5100,train,4.1143,875645,1101.44
,806,5100,train,4.1181,876737,1101.43
,807,5100,train,4.1958,877830,1101.42
,808,5100,train,4.0259,878946,1101.44
,809,5100,train,4.0162,880037,1101.42
,810,5100,train,4.1835,881129,1101.41
,811,5100,train,4.5828,882223,1101.40
,812,5100,train,4.0611,883333,1101.41
,813,5100,train,4.1836,884419,1101.39
,814,5100,train,4.1928,885513,1101.38
,815,5100,train,4.1274,886606,1101.37
,816,5100,train,4.3484,887714,1101.38
,817,5100,train,4.0895,888805,1101.37
,818,5100,train,4.0864,889896,1101.36
,819,5100,train,4.0836,890990,1101.35
,820,5100,train,4.1085,892096,1101.35
,821,5100,train,4.1292,893187,1101.34
,822,5100,train,4.1940,894275,1101.32
,823,5100,train,4.1380,895373,1101.32
,824,5100,train,4.0913,896478,1101.32
,825,5100,train,4.1176,897570,1101.31
,826,5100,train,4.1631,898658,1101.30
,827,5100,train,4.0825,899749,1101.28
,828,5100,train,4.1719,900859,1101.29
,829,5100,train,4.0623,901952,1101.28
,830,5100,train,4.1232,903042,1101.27
,831,5100,train,4.0758,904133,1101.26
,832,5100,train,4.1502,905246,1101.27
,833,5100,train,4.3662,906336,1101.26
,834,5100,train,4.1699,907431,1101.25
,835,5100,train,4.2397,908516,1101.23
,836,5100,train,4.0937,909656,1101.28
,837,5100,train,4.0239,910745,1101.26
,838,5100,train,4.0594,911838,1101.25
,839,5100,train,4.1514,912934,1101.25
,840,5100,train,4.0340,914080,1101.30
,841,5100,train,4.1440,915168,1101.29
,842,5100,train,4.1897,916259,1101.27
,843,5100,train,4.1403,917354,1101.27
,844,5100,train,3.9359,918494,1101.31
,845,5100,train,4.2053,919582,1101.30
,846,5100,train,4.1078,920677,1101.29
,847,5100,train,4.0584,921770,1101.28
,848,5100,train,4.1187,922877,1101.29
,849,5100,train,4.1706,923965,1101.27
,850,5100,train,4.2276,925058,1101.26
,851,5100,train,4.1174,926152,1101.25
,852,5100,train,4.4050,927265,1101.26
,853,5100,train,4.1182,928356,1101.25
,854,5100,train,4.1213,929452,1101.25
,855,5100,train,4.1211,930543,1101.23
,856,5100,train,4.1017,931651,1101.24
,857,5100,train,4.0569,932740,1101.23
,858,5100,train,4.1293,933831,1101.22
,859,5100,train,4.1435,934922,1101.20
,860,5100,train,3.8586,936033,1101.21
,861,5100,train,3.9721,937120,1101.20
,862,5100,train,4.1049,938215,1101.19
,863,5100,train,3.9316,939306,1101.18
,864,5100,train,3.9764,940414,1101.19
,865,5100,train,4.0552,941500,1101.17
,866,5100,train,4.2494,942592,1101.16
,867,5100,train,3.9992,943682,1101.15
,868,5100,train,4.0236,944792,1101.16
,869,5100,train,4.2190,945880,1101.14
,870,5100,train,4.0743,946975,1101.13
,871,5100,train,4.1846,948064,1101.12
,872,5100,train,4.2090,949173,1101.13
,873,5100,train,4.0494,950264,1101.12
,874,5100,train,4.1100,951355,1101.11
,875,5100,train,4.1457,952444,1101.09
,875,5100,val,4.0716,952445,1101.09
,876,5100,train,4.0429,953575,1101.13
,877,5100,train,4.1146,954662,1101.11
,878,5100,train,3.9163,955753,1101.10
,879,5100,train,4.0697,956845,1101.09
,880,5100,train,4.1183,957958,1101.10
,881,5100,train,3.9201,959047,1101.09
,882,5100,train,4.0375,960142,1101.08
,883,5100,train,4.1839,961228,1101.06
,884,5100,train,4.0923,962337,1101.07
,885,5100,train,3.9924,963426,1101.06
,886,5100,train,4.0603,964518,1101.05
,887,5100,train,3.9884,965609,1101.04
,888,5100,train,4.0905,966723,1101.05
,889,5100,train,4.2993,967811,1101.04
,890,5100,train,4.0572,968904,1101.03
,891,5100,train,3.9604,969998,1101.02
,892,5100,train,3.8371,971112,1101.03
,893,5100,train,3.9437,972203,1101.02
,894,5100,train,4.2815,973291,1101.01
,895,5100,train,4.0763,974384,1101.00
,896,5100,train,4.0699,975494,1101.01
,897,5100,train,4.0013,976585,1101.00
,898,5100,train,4.0681,977682,1100.99
,899,5100,train,4.0861,978772,1100.98
,900,5100,train,4.0440,979881,1100.99
,901,5100,train,4.0031,980969,1100.98
,902,5100,train,4.0533,982059,1100.96
,903,5100,train,4.0151,983151,1100.95
,904,5100,train,4.4583,984261,1100.96
,905,5100,train,4.0264,985348,1100.95
,906,5100,train,4.0948,986442,1100.94
,907,5100,train,3.9464,987533,1100.93
,908,5100,train,4.0518,988676,1100.98
,909,5100,train,4.1607,989764,1100.96
,910,5100,train,4.0624,990851,1100.95
,911,5100,train,4.1635,991946,1100.94
,912,5100,train,3.9909,993092,1100.99
,913,5100,train,3.9706,994187,1100.98
,914,5100,train,3.9869,995282,1100.98
,915,5100,train,4.0973,996372,1100.96
,916,5100,train,4.0934,997483,1100.97
,917,5100,train,3.9739,998572,1100.96
,918,5100,train,4.1291,999661,1100.95
,919,5100,train,3.9867,1000750,1100.93
,920,5100,train,3.9607,1001860,1100.95
,921,5100,train,3.8802,1002948,1100.93
,922,5100,train,4.1097,1004044,1100.93
,923,5100,train,3.9471,1005136,1100.92
,924,5100,train,4.0091,1006243,1100.92
,925,5100,train,3.9752,1007326,1100.90
,926,5100,train,3.9517,1008419,1100.89
,927,5100,train,4.0304,1009509,1100.88
,928,5100,train,3.9319,1010618,1100.89
,929,5100,train,3.8705,1011708,1100.88
,930,5100,train,4.0877,1012802,1100.87
,931,5100,train,4.1334,1013892,1100.86
,932,5100,train,4.1354,1015000,1100.87
,933,5100,train,4.1211,1016091,1100.86
,934,5100,train,4.3267,1017183,1100.85
,935,5100,train,3.9485,1018274,1100.84
,936,5100,train,4.2107,1019381,1100.84
,937,5100,train,3.9421,1020468,1100.83
,938,5100,train,4.2762,1021560,1100.82
,939,5100,train,4.1336,1022650,1100.81
,940,5100,train,3.9894,1023759,1100.82
,941,5100,train,3.9776,1024848,1100.80
,942,5100,train,3.9440,1025940,1100.79
,943,5100,train,4.5652,1027027,1100.78
,944,5100,train,3.8866,1028180,1100.83
,945,5100,train,4.2928,1029267,1100.82
,946,5100,train,4.0073,1030358,1100.81
,947,5100,train,4.2123,1031450,1100.80
,948,5100,train,3.9306,1032599,1100.85
,949,5100,train,4.3399,1033690,1100.84
,950,5100,train,4.0491,1034786,1100.84
,951,5100,train,3.9907,1035884,1100.83
,952,5100,train,3.8915,1036996,1100.84
,953,5100,train,4.0555,1038085,1100.83
,954,5100,train,3.9918,1039380,1101.04
,955,5100,train,4.0061,1040468,1101.02
,956,5100,train,4.1036,1041577,1101.03
,957,5100,train,4.1078,1042665,1101.02
,958,5100,train,4.2345,1043762,1101.02
,959,5100,train,3.9687,1044853,1101.00
,960,5100,train,4.2934,1045962,1101.01
,961,5100,train,4.0306,1047053,1101.00
,962,5100,train,3.9879,1048145,1100.99
,963,5100,train,3.9067,1049238,1100.98
,964,5100,train,3.9317,1050355,1101.00
,965,5100,train,4.0114,1051446,1100.99
,966,5100,train,4.0103,1052542,1100.99
,967,5100,train,4.1396,1053631,1100.97
,968,5100,train,4.0666,1054739,1100.98
,969,5100,train,4.1495,1055827,1100.97
,970,5100,train,4.1126,1056918,1100.96
,971,5100,train,4.1966,1058012,1100.95
,972,5100,train,3.9700,1059120,1100.96
,973,5100,train,4.2330,1060208,1100.94
,974,5100,train,3.9820,1061302,1100.94
,975,5100,train,4.0790,1062389,1100.92
,976,5100,train,3.9937,1063498,1100.93
,977,5100,train,3.9134,1064588,1100.92
,978,5100,train,4.0369,1065681,1100.91
,979,5100,train,3.9978,1066772,1100.90
,980,5100,train,3.9482,1067879,1100.91
,981,5100,train,4.0048,1068966,1100.89
,982,5100,train,4.0408,1070063,1100.89
,983,5100,train,4.0627,1071160,1100.88
,984,5100,train,4.0177,1072310,1100.93
,985,5100,train,4.0856,1073400,1100.92
,986,5100,train,4.0611,1074489,1100.91
,987,5100,train,4.2148,1075585,1100.91
,988,5100,train,3.8586,1076701,1100.92
,989,5100,train,4.0050,1077788,1100.91
,990,5100,train,3.9749,1078882,1100.90
,991,5100,train,3.9372,1079972,1100.89
,992,5100,train,4.0897,1081081,1100.90
,993,5100,train,3.9655,1082167,1100.88
,994,5100,train,4.0014,1083260,1100.87
,995,5100,train,4.0754,1084347,1100.86
,996,5100,train,3.8844,1085458,1100.87
,997,5100,train,3.7942,1086545,1100.86
,998,5100,train,4.1518,1087636,1100.85
,999,5100,train,4.0365,1088727,1100.84
,1000,5100,train,3.9980,1089838,1100.85
,1000,5100,val,3.9940,1089838,1100.85
,1001,5100,train,3.9578,1090932,1100.84
,1002,5100,train,3.8815,1092024,1100.83
,1003,5100,train,3.9477,1093122,1100.83
,1004,5100,train,3.9085,1094236,1100.84
,1005,5100,train,4.1174,1095325,1100.83
,1006,5100,train,4.1230,1096415,1100.82
,1007,5100,train,4.0874,1097503,1100.81
,1008,5100,train,4.0270,1098618,1100.82
,1009,5100,train,4.0368,1099705,1100.81
,1010,5100,train,3.8444,1100800,1100.80
,1011,5100,train,4.0647,1101892,1100.79
,1012,5100,train,3.9916,1103039,1100.84
,1013,5100,train,4.0741,1104130,1100.83
,1014,5100,train,4.1015,1105224,1100.82
,1015,5100,train,4.0320,1106322,1100.82
,1016,5100,train,3.9388,1107465,1100.86
,1017,5100,train,4.1719,1108554,1100.85
,1018,5100,train,4.1582,1109646,1100.84
,1019,5100,train,3.9432,1110740,1100.83
,1020,5100,train,4.0801,1111844,1100.84
,1021,5100,train,4.0439,1112936,1100.83
,1022,5100,train,3.8728,1114026,1100.82
,1023,5100,train,3.9444,1115121,1100.81
,1024,5100,train,4.0005,1116228,1100.82
,1025,5100,train,3.7445,1117318,1100.81
,1026,5100,train,3.9826,1118407,1100.79
,1027,5100,train,3.8937,1119500,1100.79
,1028,5100,train,3.9631,1120609,1100.80
,1029,5100,train,3.9066,1121696,1100.78
,1030,5100,train,4.2512,1122785,1100.77
,1031,5100,train,3.9248,1123879,1100.76
,1032,5100,train,3.8951,1124986,1100.77
,1033,5100,train,3.9565,1126074,1100.76
,1034,5100,train,4.0843,1127164,1100.75
,1035,5100,train,4.0065,1128256,1100.74
,1036,5100,train,3.8968,1129364,1100.74
,1037,5100,train,4.0452,1130449,1100.73
,1038,5100,train,4.0263,1131543,1100.72
,1039,5100,train,4.1174,1132632,1100.71
,1040,5100,train,3.9017,1133738,1100.72
,1041,5100,train,4.0289,1134827,1100.70
,1042,5100,train,4.1966,1135919,1100.70
,1043,5100,train,4.0889,1137008,1100.69
,1044,5100,train,3.8480,1138119,1100.70
,1045,5100,train,4.0508,1139210,1100.69
,1046,5100,train,3.9442,1140301,1100.68
,1047,5100,train,3.8505,1141391,1100.67
,1048,5100,train,3.9366,1142542,1100.71
,1049,5100,train,4.0293,1143635,1100.71
,1050,5100,train,3.8756,1144726,1100.70
,1051,5100,train,3.9565,1145824,1100.70
,1052,5100,train,4.0279,1146976,1100.74
,1053,5100,train,3.8601,1148067,1100.74
,1054,5100,train,3.8739,1149163,1100.73
,1055,5100,train,4.0133,1150259,1100.73
,1056,5100,train,4.0504,1151386,1100.75
,1057,5100,train,3.8777,1152478,1100.74
,1058,5100,train,4.0512,1153570,1100.73
,1059,5100,train,3.9811,1154661,1100.73
,1060,5100,train,3.9225,1155774,1100.74
,1061,5100,train,4.1152,1156865,1100.73
,1062,5100,train,4.0175,1157960,1100.72
,1063,5100,train,3.9024,1159050,1100.71
,1064,5100,train,3.9949,1160162,1100.72
,1065,5100,train,3.9724,1161249,1100.71
,1066,5100,train,3.9038,1162340,1100.70
,1067,5100,train,4.0146,1163433,1100.69
,1068,5100,train,3.9337,1164545,1100.70
,1069,5100,train,4.0584,1165636,1100.70
,1070,5100,train,4.0193,1166724,1100.68
,1071,5100,train,4.0137,1167820,1100.68
,1072,5100,train,3.9667,1168931,1100.69
,1073,5100,train,3.9879,1170024,1100.68
,1074,5100,train,3.8887,1171119,1100.68
,1075,5100,train,3.9307,1172207,1100.66
,1076,5100,train,4.0415,1173323,1100.68
,1077,5100,train,3.9106,1174407,1100.66
,1078,5100,train,4.0031,1175501,1100.66
,1079,5100,train,4.0849,1176599,1100.65
,1080,5100,train,3.8487,1177715,1100.67
,1081,5100,train,4.0792,1178805,1100.66
,1082,5100,train,4.0078,1179898,1100.65
,1083,5100,train,3.9922,1180987,1100.64
,1084,5100,train,3.9490,1182101,1100.65
,1085,5100,train,4.1526,1183187,1100.64
,1086,5100,train,4.0607,1184284,1100.64
,1087,5100,train,3.9592,1185382,1100.63
,1088,5100,train,3.9846,1186545,1100.69
,1089,5100,train,3.9875,1187634,1100.68
,1090,5100,train,4.0789,1188726,1100.67
,1091,5100,train,4.0243,1189822,1100.67
,1092,5100,train,3.9027,1190945,1100.69
,1093,5100,train,3.9445,1192035,1100.68
,1094,5100,train,4.1948,1193133,1100.68
,1095,5100,train,3.9083,1194225,1100.67
,1096,5100,train,3.6482,1195336,1100.68
,1097,5100,train,4.0204,1196426,1100.67
,1098,5100,train,3.7889,1197519,1100.66
,1099,5100,train,4.0751,1198613,1100.65
,1100,5100,train,4.0760,1199721,1100.66
,1101,5100,train,3.9986,1200808,1100.65
,1102,5100,train,4.0503,1201900,1100.64
,1103,5100,train,4.0404,1202996,1100.64
,1104,5100,train,4.0164,1204109,1100.65
,1105,5100,train,3.9216,1205202,1100.64
,1106,5100,train,3.9174,1206294,1100.63
,1107,5100,train,4.0597,1207381,1100.62
,1108,5100,train,3.8975,1208494,1100.63
,1109,5100,train,4.0751,1209584,1100.62
,1110,5100,train,3.9223,1210678,1100.62
,1111,5100,train,4.0287,1211774,1100.61
,1112,5100,train,3.8807,1212883,1100.62
,1113,5100,train,3.9492,1213970,1100.61
,1114,5100,train,3.7710,1215062,1100.60
,1115,5100,train,3.8071,1216154,1100.59
,1116,5100,train,4.1089,1217258,1100.60
,1117,5100,train,3.9246,1218346,1100.58
,1118,5100,train,3.9648,1219438,1100.58
,1119,5100,train,3.8827,1220529,1100.57
,1120,5100,train,3.9316,1221640,1100.58
,1121,5100,train,3.9536,1222728,1100.57
,1122,5100,train,3.9358,1223822,1100.56
,1123,5100,train,4.1329,1224917,1100.55
,1124,5100,train,4.0410,1226023,1100.56
,1125,5100,train,3.8548,1227113,1100.55
,1125,5100,val,3.9399,1227114,1100.55
,1126,5100,train,3.8698,1228210,1100.55
,1127,5100,train,3.9507,1229302,1100.54
,1128,5100,train,3.8925,1230411,1100.55
,1129,5100,train,3.7695,1231498,1100.53
,1130,5100,train,3.8860,1232591,1100.53
,1131,5100,train,3.9161,1233682,1100.52
,1132,5100,train,3.9017,1234793,1100.53
,1133,5100,train,4.0307,1235883,1100.52
,1134,5100,train,4.0002,1236975,1100.51
,1135,5100,train,3.9199,1238070,1100.51
,1136,5100,train,4.2260,1239181,1100.52
,1137,5100,train,3.8320,1240273,1100.51
,1138,5100,train,4.2603,1241365,1100.50
,1139,5100,train,4.0091,1242455,1100.49
,1140,5100,train,4.6807,1243570,1100.50
,1141,5100,train,3.9006,1244658,1100.49
,1142,5100,train,3.7424,1245751,1100.49
,1143,5100,train,3.9479,1246846,1100.48
,1144,5100,train,4.0649,1248058,1100.58
,1145,5100,train,3.9907,1249149,1100.57
,1146,5100,train,3.8856,1250243,1100.57
,1147,5100,train,3.9869,1251334,1100.56
,1148,5100,train,4.1064,1252446,1100.57
,1149,5100,train,4.0545,1253535,1100.56
,1150,5100,train,3.9852,1254631,1100.55
,1151,5100,train,4.0132,1255723,1100.55
,1152,5100,train,3.8461,1256832,1100.55
,1153,5100,train,3.8795,1257920,1100.54
,1154,5100,train,3.8491,1259013,1100.54
,1155,5100,train,4.0286,1260109,1100.53
,1156,5100,train,3.9454,1261262,1100.58
,1157,5100,train,4.0378,1262352,1100.57
,1158,5100,train,3.8896,1263441,1100.56
,1159,5100,train,4.0494,1264535,1100.55
,1160,5100,train,4.0042,1265686,1100.60
,1161,5100,train,3.8516,1266777,1100.59
,1162,5100,train,3.8342,1267873,1100.58
,1163,5100,train,3.8389,1268972,1100.58
,1164,5100,train,3.6766,1270086,1100.59
,1165,5100,train,3.9589,1271177,1100.59
,1166,5100,train,3.9385,1272272,1100.58
,1167,5100,train,3.7971,1273367,1100.58
,1168,5100,train,3.7999,1274473,1100.58
,1169,5100,train,3.8775,1275565,1100.57
,1170,5100,train,3.8861,1276654,1100.56
,1171,5100,train,4.2033,1277747,1100.56
,1172,5100,train,3.8950,1278855,1100.56
,1173,5100,train,3.9170,1279947,1100.56
,1174,5100,train,3.8618,1281036,1100.55
,1175,5100,train,3.9130,1282129,1100.54
,1176,5100,train,4.0558,1283241,1100.55
,1177,5100,train,3.8974,1284333,1100.54
,1178,5100,train,3.9191,1285425,1100.53
,1179,5100,train,3.9691,1286516,1100.53
,1180,5100,train,3.9375,1287626,1100.53
,1181,5100,train,4.0133,1288715,1100.52
,1182,5100,train,3.9316,1289807,1100.52
,1183,5100,train,3.9520,1290895,1100.51
,1184,5100,train,3.8580,1292006,1100.52
,1185,5100,train,3.9120,1293094,1100.51
,1186,5100,train,3.8582,1294184,1100.50
,1187,5100,train,4.0179,1295273,1100.49
,1188,5100,train,4.0769,1296388,1100.50
,1189,5100,train,3.8641,1297477,1100.49
,1190,5100,train,3.9337,1298572,1100.48
,1191,5100,train,3.9575,1299659,1100.47
,1192,5100,train,3.7813,1300769,1100.48
,1193,5100,train,3.9645,1301857,1100.47
,1194,5100,train,4.1090,1302951,1100.47
,1195,5100,train,3.9174,1304048,1100.46
,1196,5100,train,3.7919,1305207,1100.51
,1197,5100,train,4.0946,1306297,1100.50
,1198,5100,train,3.8999,1307392,1100.50
,1199,5100,train,3.8905,1308488,1100.49
,1200,5100,train,3.7871,1309635,1100.53
,1201,5100,train,3.8022,1310721,1100.52
,1202,5100,train,3.8611,1311815,1100.52
,1203,5100,train,3.9362,1312908,1100.51
,1204,5100,train,4.0119,1314015,1100.52
,1205,5100,train,4.0765,1315108,1100.51
,1206,5100,train,3.9350,1316196,1100.50
,1207,5100,train,3.8806,1317290,1100.49
,1208,5100,train,3.9158,1318396,1100.50
,1209,5100,train,3.9804,1319490,1100.49
,1210,5100,train,4.0460,1320578,1100.48
,1211,5100,train,3.9186,1321671,1100.48
,1212,5100,train,3.7519,1322778,1100.48
,1213,5100,train,3.8176,1323871,1100.47
,1214,5100,train,3.9197,1324955,1100.46
,1215,5100,train,3.9263,1326051,1100.46
,1216,5100,train,3.9616,1327156,1100.46
,1217,5100,train,3.8656,1328250,1100.46
,1218,5100,train,3.9073,1329339,1100.45
,1219,5100,train,3.8381,1330432,1100.44
,1220,5100,train,3.8618,1331542,1100.45
,1221,5100,train,3.9511,1332633,1100.44
,1222,5100,train,3.7679,1333720,1100.43
,1223,5100,train,4.0030,1334814,1100.42
,1224,5100,train,4.0257,1335919,1100.43
,1225,5100,train,3.9832,1337012,1100.42
,1226,5100,train,3.7990,1338103,1100.41
,1227,5100,train,3.8223,1339194,1100.41
,1228,5100,train,3.8780,1340305,1100.42
,1229,5100,train,3.8583,1341395,1100.41
,1230,5100,train,3.7940,1342490,1100.40
,1231,5100,train,3.9737,1343587,1100.40
,1232,5100,train,3.8850,1344746,1100.45
,1233,5100,train,3.9530,1345835,1100.44
,1234,5100,train,4.1214,1346934,1100.44
,1235,5100,train,4.0015,1348032,1100.43
,1236,5100,train,3.9337,1349189,1100.48
,1237,5100,train,4.1052,1350283,1100.47
,1238,5100,train,3.8752,1351377,1100.47
,1239,5100,train,3.8225,1352470,1100.46
,1240,5100,train,3.7733,1353587,1100.48
,1241,5100,train,3.8605,1354678,1100.47
,1242,5100,train,3.8524,1355771,1100.46
,1243,5100,train,3.8986,1356860,1100.45
,1244,5100,train,3.9376,1357972,1100.46
,1245,5100,train,3.8145,1359058,1100.45
,1246,5100,train,3.9112,1360153,1100.45
,1247,5100,train,3.9412,1361249,1100.44
,1248,5100,train,3.9264,1362363,1100.46
,1249,5100,train,3.7582,1363454,1100.45
,1250,5100,train,3.9063,1364546,1100.44
,1250,5100,val,3.8797,1364546,1100.44
,1251,5100,train,3.9693,1365643,1100.44
,1252,5100,train,3.9153,1366757,1100.45
,1253,5100,train,3.8166,1367846,1100.44
,1254,5100,train,4.0283,1368942,1100.44
,1255,5100,train,3.9055,1370031,1100.43
,1256,5100,train,3.8169,1371141,1100.43
,1257,5100,train,3.9634,1372230,1100.43
,1258,5100,train,4.0334,1373322,1100.42
,1259,5100,train,3.8379,1374418,1100.41
,1260,5100,train,3.8280,1375527,1100.42
,1261,5100,train,3.9066,1376619,1100.41
,1262,5100,train,3.8719,1377709,1100.41
,1263,5100,train,3.7269,1378807,1100.40
,1264,5100,train,3.8060,1379967,1100.45
,1265,5100,train,3.8998,1381052,1100.44
,1266,5100,train,3.7277,1382145,1100.43
,1267,5100,train,3.9610,1383244,1100.43
,1268,5100,train,3.9370,1384382,1100.46
,1269,5100,train,3.9534,1385474,1100.46
,1270,5100,train,3.8933,1386569,1100.45
,1271,5100,train,3.9306,1387662,1100.45
,1272,5100,train,3.7849,1388771,1100.45
,1273,5100,train,3.6254,1389860,1100.44
,1274,5100,train,3.9040,1390949,1100.43
,1275,5100,train,3.8733,1392043,1100.43
,1276,5100,train,3.9181,1393153,1100.44
,1277,5100,train,3.8607,1394248,1100.43
,1278,5100,train,3.9673,1395342,1100.43
,1279,5100,train,3.9875,1396430,1100.42
,1280,5100,train,3.9434,1397539,1100.42
,1281,5100,train,3.9424,1398628,1100.42
,1282,5100,train,3.7717,1399722,1100.41
,1283,5100,train,3.8847,1400820,1100.41
,1284,5100,train,3.9375,1401928,1100.41
,1285,5100,train,3.9905,1403016,1100.41
,1286,5100,train,3.8911,1404106,1100.40
,1287,5100,train,3.9358,1405201,1100.39
,1288,5100,train,3.8817,1406319,1100.41
,1289,5100,train,3.8606,1407408,1100.40
,1290,5100,train,3.9914,1408503,1100.39
,1291,5100,train,3.8476,1409591,1100.38
,1292,5100,train,3.9083,1410702,1100.39
,1293,5100,train,3.9737,1411790,1100.38
,1294,5100,train,3.8988,1412882,1100.38
,1295,5100,train,3.9946,1413973,1100.37
,1296,5100,train,4.0152,1415084,1100.38
,1297,5100,train,3.9971,1416170,1100.37
,1298,5100,train,3.8040,1417261,1100.36
,1299,5100,train,3.8793,1418348,1100.35
,1300,5100,train,3.7669,1419499,1100.39
,1301,5100,train,3.8536,1420589,1100.38
,1302,5100,train,3.9139,1421685,1100.38
,1303,5100,train,3.9284,1422781,1100.37
,1304,5100,train,3.9285,1423915,1100.40
,1305,5100,train,4.0828,1425005,1100.39
,1306,5100,train,3.8635,1426093,1100.38
,1307,5100,train,4.0649,1427187,1100.38
,1308,5100,train,3.7931,1428341,1100.42
,1309,5100,train,3.9774,1429431,1100.41
,1310,5100,train,3.9880,1430527,1100.41
,1311,5100,train,3.8619,1431627,1100.41
,1312,5100,train,3.7911,1432797,1100.46
,1313,5100,train,3.8554,1433889,1100.45
,1314,5100,train,3.8074,1434988,1100.45
,1315,5100,train,3.9509,1436082,1100.45
,1316,5100,train,3.8699,1437191,1100.45
,1317,5100,train,3.6048,1438287,1100.45
,1318,5100,train,3.8316,1439387,1100.45
,1319,5100,train,3.9017,1440482,1100.44
,1320,5100,train,3.9222,1441594,1100.45
,1321,5100,train,3.8214,1442688,1100.45
,1322,5100,train,3.9550,1443782,1100.44
,1323,5100,train,3.9851,1444870,1100.43
,1324,5100,train,3.8847,1445984,1100.44
,1325,5100,train,3.8375,1447070,1100.43
,1326,5100,train,3.8716,1448163,1100.43
,1327,5100,train,3.9624,1449257,1100.42
,1328,5100,train,4.0072,1450365,1100.43
,1329,5100,train,3.7751,1451451,1100.42
,1330,5100,train,3.6875,1452544,1100.41
,1331,5100,train,3.9856,1453636,1100.41
,1332,5100,train,3.8592,1454746,1100.41
,1333,5100,train,3.9770,1455837,1100.41
,1334,5100,train,3.8137,1456928,1100.40
,1335,5100,train,3.9364,1458126,1100.47
,1336,5100,train,3.9118,1459244,1100.49
,1337,5100,train,3.7940,1460345,1100.49
,1338,5100,train,3.8659,1461443,1100.48
,1339,5100,train,3.9155,1462541,1100.48
,1340,5100,train,3.8891,1463698,1100.52
,1341,5100,train,3.8133,1464790,1100.52
,1342,5100,train,3.8507,1465889,1100.52
,1343,5100,train,4.0146,1466987,1100.52
,1344,5100,train,3.7520,1468125,1100.54
,1345,5100,train,3.8303,1469215,1100.54
,1346,5100,train,4.0592,1470309,1100.53
,1347,5100,train,3.8906,1471403,1100.53
,1348,5100,train,3.9206,1472522,1100.54
,1349,5100,train,3.8361,1473611,1100.53
,1350,5100,train,4.1205,1474708,1100.53
,1351,5100,train,3.8736,1475805,1100.53
,1352,5100,train,3.6625,1476924,1100.54
,1353,5100,train,3.7981,1478013,1100.53
,1354,5100,train,3.7876,1479107,1100.53
,1355,5100,train,3.8748,1480203,1100.52
,1356,5100,train,3.9337,1481313,1100.53
,1357,5100,train,3.8796,1482407,1100.53
,1358,5100,train,3.9630,1483505,1100.52
,1359,5100,train,3.7798,1484601,1100.52
,1360,5100,train,3.7638,1485706,1100.52
,1361,5100,train,4.8916,1486798,1100.52
,1362,5100,train,3.8289,1487889,1100.51
,1363,5100,train,3.7998,1488982,1100.50
,1364,5100,train,3.8048,1490087,1100.51
,1365,5100,train,3.6919,1491177,1100.50
,1366,5100,train,3.9015,1492269,1100.49
,1367,5100,train,3.6119,1493363,1100.49
,1368,5100,train,3.8889,1494476,1100.50
,1369,5100,train,3.9323,1495566,1100.49
,1370,5100,train,3.9088,1496659,1100.48
,1371,5100,train,3.9621,1497748,1100.48
,1372,5100,train,4.1592,1498859,1100.48
,1373,5100,train,3.8374,1499947,1100.47
,1374,5100,train,3.9451,1501041,1100.47
,1375,5100,train,4.4103,1502132,1100.46
,1375,5100,val,3.8391,1502133,1100.46
,1376,5100,train,3.8258,1503279,1100.50
,1377,5100,train,3.8400,1504368,1100.49
,1378,5100,train,3.7963,1505462,1100.48
,1379,5100,train,3.9208,1506559,1100.48
,1380,5100,train,3.9248,1507679,1100.50
,1381,5100,train,3.8328,1508766,1100.49
,1382,5100,train,4.1511,1509860,1100.48
,1383,5100,train,3.8295,1510951,1100.47
,1384,5100,train,3.9244,1512059,1100.48
,1385,5100,train,3.8447,1513145,1100.47
,1386,5100,train,3.9992,1514238,1100.46
,1387,5100,train,3.6831,1515334,1100.46
,1388,5100,train,3.8120,1516442,1100.47
,1389,5100,train,3.7538,1517536,1100.46
,1390,5100,train,3.8927,1518626,1100.45
,1391,5100,train,3.9417,1519717,1100.45
,1392,5100,train,3.8907,1520829,1100.46
,1393,5100,train,3.8495,1521918,1100.45
,1394,5100,train,3.9559,1523011,1100.44
,1395,5100,train,3.8793,1524102,1100.43
,1396,5100,train,3.7630,1525212,1100.44
,1397,5100,train,3.9578,1526299,1100.43
,1398,5100,train,3.8052,1527396,1100.43
,1399,5100,train,3.8377,1528484,1100.42
,1400,5100,train,4.0066,1529598,1100.43
,1401,5100,train,3.7703,1530685,1100.42
,1402,5100,train,3.7679,1531776,1100.41
,1403,5100,train,3.7812,1532870,1100.41
,1404,5100,train,4.0286,1533979,1100.42
,1405,5100,train,3.7399,1535067,1100.41
,1406,5100,train,3.7336,1536161,1100.40
,1407,5100,train,3.9316,1537252,1100.40
,1408,5100,train,4.0274,1538361,1100.40
,1409,5100,train,3.6820,1539449,1100.39
,1410,5100,train,3.8488,1540539,1100.39
,1411,5100,train,3.9803,1541634,1100.38
,1412,5100,train,4.0153,1542797,1100.43
,1413,5100,train,3.9143,1543884,1100.42
,1414,5100,train,3.6800,1544979,1100.41
,1415,5100,train,3.7483,1546071,1100.41
,1416,5100,train,3.9011,1547180,1100.41
,1417,5100,train,3.8310,1548268,1100.40
,1418,5100,train,3.7345,1549359,1100.40
,1419,5100,train,3.8870,1550451,1100.39
,1420,5100,train,3.7953,1551563,1100.40
,1421,5100,train,3.7847,1552650,1100.39
,1422,5100,train,3.8348,1553739,1100.38
,1423,5100,train,4.0876,1554833,1100.38
,1424,5100,train,4.0479,1555944,1100.38
,1425,5100,train,3.7278,1557036,1100.38
,1426,5100,train,3.7952,1558123,1100.37
,1427,5100,train,3.7017,1559214,1100.36
,1428,5100,train,3.8785,1560320,1100.37
,1429,5100,train,3.8846,1561412,1100.36
,1430,5100,train,3.9653,1562501,1100.35
,1431,5100,train,3.7777,1563594,1100.35
,1432,5100,train,3.6705,1564703,1100.35
,1433,5100,train,3.8901,1565794,1100.35
,1434,5100,train,3.8329,1566882,1100.34
,1435,5100,train,3.7660,1567975,1100.33
,1436,5100,train,3.8591,1569081,1100.34
,1437,5100,train,3.7807,1570173,1100.33
,1438,5100,train,3.8082,1571268,1100.33
,1439,5100,train,3.8564,1572357,1100.32
,1440,5100,train,3.9386,1573468,1100.33
,1441,5100,train,3.9086,1574560,1100.32
,1442,5100,train,3.8522,1575656,1100.32
,1443,5100,train,3.7318,1576744,1100.31
,1444,5100,train,3.7030,1577855,1100.32
,1445,5100,train,3.8394,1578943,1100.31
,1446,5100,train,3.7987,1580038,1100.31
,1447,5100,train,3.8835,1581131,1100.30
,1448,5100,train,3.8363,1582239,1100.31
,1449,5100,train,3.8968,1583329,1100.30
,1450,5100,train,3.7897,1584420,1100.29
,1451,5100,train,3.7703,1585512,1100.29
,1452,5100,train,3.8436,1586621,1100.29
,1453,5100,train,3.8273,1587716,1100.29
,1454,5100,train,3.8260,1588804,1100.28
,1455,5100,train,3.5892,1589898,1100.28
,1456,5100,train,3.8015,1591022,1100.29
,1457,5100,train,3.7795,1592113,1100.29
,1458,5100,train,3.8603,1593204,1100.28
,1459,5100,train,3.8479,1594299,1100.28
,1460,5100,train,3.8506,1595419,1100.29
,1461,5100,train,3.8495,1596517,1100.29
,1462,5100,train,3.5685,1597611,1100.28
,1463,5100,train,3.8473,1598701,1100.28
,1464,5100,train,3.8353,1599826,1100.29
,1465,5100,train,3.8391,1600920,1100.29
,1466,5100,train,3.8678,1602015,1100.29
,1467,5100,train,4.2024,1603104,1100.28
,1468,5100,train,3.7983,1604214,1100.28
,1469,5100,train,3.9129,1605302,1100.28
,1470,5100,train,3.7992,1606392,1100.27
,1471,5100,train,3.8032,1607481,1100.26
,1472,5100,train,3.7973,1608593,1100.27
,1473,5100,train,3.9137,1609681,1100.26
,1474,5100,train,3.8217,1610772,1100.25
,1475,5100,train,3.8334,1611863,1100.25
,1476,5100,train,3.9475,1612974,1100.26
,1477,5100,train,3.7938,1614062,1100.25
,1478,5100,train,3.6813,1615155,1100.24
,1479,5100,train,3.7907,1616250,1100.24
,1480,5100,train,3.8440,1617362,1100.25
,1481,5100,train,3.7679,1618454,1100.24
,1482,5100,train,3.7726,1619547,1100.24
,1483,5100,train,3.8569,1620640,1100.23
,1484,5100,train,3.6063,1621751,1100.24
,1485,5100,train,3.8985,1622842,1100.23
,1486,5100,train,3.7915,1623939,1100.23
,1487,5100,train,3.7631,1625034,1100.23
,1488,5100,train,3.7320,1626140,1100.23
,1489,5100,train,3.7930,1627230,1100.22
,1490,5100,train,3.6754,1628319,1100.22
,1491,5100,train,3.8375,1629411,1100.21
,1492,5100,train,3.7427,1630521,1100.22
,1493,5100,train,3.6819,1631615,1100.21
,1494,5100,train,3.6966,1632701,1100.20
,1495,5100,train,3.7857,1633799,1100.20
,1496,5100,train,3.7035,1634952,1100.24
,1497,5100,train,3.7954,1636044,1100.23
,1498,5100,train,3.7176,1637142,1100.23
,1499,5100,train,3.6488,1638235,1100.23
,1500,5100,train,3.6705,1639370,1100.25
,1500,5100,val,3.8019,1639371,1100.25
,1501,5100,train,3.8419,1640465,1100.25
,1502,5100,train,3.7933,1641556,1100.24
,1503,5100,train,3.7731,1642650,1100.23
,1504,5100,train,3.8505,1643761,1100.24
,1505,5100,train,3.7704,1644851,1100.23
,1506,5100,train,3.7589,1645937,1100.23
,1507,5100,train,3.7665,1647026,1100.22
,1508,5100,train,3.8266,1648132,1100.22
,1509,5100,train,3.8323,1649225,1100.22
,1510,5100,train,3.8046,1650312,1100.21
,1511,5100,train,3.8468,1651403,1100.20
,1512,5100,train,3.7698,1652510,1100.21
,1513,5100,train,3.9029,1653602,1100.20
,1514,5100,train,3.7711,1654690,1100.19
,1515,5100,train,3.8052,1655784,1100.19
,1516,5100,train,3.7384,1656895,1100.20
,1517,5100,train,3.7157,1657987,1100.19
,1518,5100,train,3.9145,1659078,1100.18
,1519,5100,train,3.8914,1660171,1100.18
,1520,5100,train,3.8649,1661287,1100.19
,1521,5100,train,3.7686,1662375,1100.18
,1522,5100,train,3.9361,1663468,1100.18
,1523,5100,train,3.7259,1664558,1100.17
,1524,5100,train,3.7865,1665675,1100.18
,1525,5100,train,3.7889,1667133,1100.42
,1526,5100,train,3.7937,1668231,1100.42
,1527,5100,train,3.7666,1669331,1100.42
,1528,5100,train,3.9301,1670498,1100.46
,1529,5100,train,3.8022,1671586,1100.45
,1530,5100,train,3.8289,1672675,1100.44
,1531,5100,train,3.8084,1673771,1100.44
,1532,5100,train,3.8055,1674918,1100.47
,1533,5100,train,3.7625,1676006,1100.46
,1534,5100,train,3.8164,1677098,1100.46
,1535,5100,train,3.8028,1678192,1100.45
,1536,5100,train,3.8643,1679309,1100.46
,1537,5100,train,3.7593,1680396,1100.46
,1538,5100,train,3.8575,1681488,1100.45
,1539,5100,train,3.7150,1682575,1100.44
,1540,5100,train,4.0118,1683689,1100.45
,1541,5100,train,3.6665,1684775,1100.44
,1542,5100,train,3.8173,1685869,1100.44
,1543,5100,train,3.7978,1686961,1100.43
,1544,5100,train,3.6758,1688067,1100.43
,1545,5100,train,3.7679,1689155,1100.43
,1546,5100,train,3.9662,1690250,1100.42
,1547,5100,train,3.6654,1691338,1100.42
,1548,5100,train,3.7946,1692449,1100.42
,1549,5100,train,3.7927,1693537,1100.41
,1550,5100,train,4.0372,1694629,1100.41
,1551,5100,train,3.7453,1695720,1100.40
,1552,5100,train,3.8929,1696828,1100.41
,1553,5100,train,3.8466,1697918,1100.40
,1554,5100,train,3.8659,1699007,1100.39
,1555,5100,train,3.9305,1700095,1100.39
,1556,5100,train,3.6916,1701206,1100.39
,1557,5100,train,3.8440,1702292,1100.38
,1558,5100,train,3.8067,1703386,1100.38
,1559,5100,train,3.8233,1704477,1100.37
,1560,5100,train,3.8938,1705600,1100.39
,1561,5100,train,3.8206,1706690,1100.38
,1562,5100,train,3.5767,1707775,1100.37
,1563,5100,train,3.6124,1708868,1100.37
,1564,5100,train,4.0074,1710046,1100.42
,1565,5100,train,3.7372,1711138,1100.41
,1566,5100,train,3.8116,1712233,1100.41
,1567,5100,train,3.8148,1713331,1100.41
,1568,5100,train,3.8171,1714501,1100.45
,1569,5100,train,3.8088,1715599,1100.45
,1570,5100,train,3.7498,1716694,1100.44
,1571,5100,train,3.6761,1717790,1100.44
,1572,5100,train,3.7717,1718910,1100.45
,1573,5100,train,3.8537,1719998,1100.45
,1574,5100,train,3.7795,1721091,1100.44
,1575,5100,train,3.8221,1722187,1100.44
,1576,5100,train,3.7532,1723301,1100.45
,1577,5100,train,3.7532,1724393,1100.44
,1578,5100,train,3.8545,1725489,1100.44
,1579,5100,train,3.9299,1726583,1100.44
,1580,5100,train,3.7933,1727694,1100.44
,1581,5100,train,4.1523,1728783,1100.43
,1582,5100,train,3.8364,1729872,1100.43
,1583,5100,train,3.9716,1730959,1100.42
,1584,5100,train,3.7449,1732072,1100.43
,1585,5100,train,3.8045,1733160,1100.42
,1586,5100,train,3.9428,1734251,1100.41
,1587,5100,train,3.7226,1735337,1100.40
,1588,5100,train,3.7471,1736450,1100.41
,1589,5100,train,3.8518,1737538,1100.40
,1590,5100,train,3.7317,1738630,1100.40
,1591,5100,train,3.7226,1739728,1100.40
,1592,5100,train,3.6906,1740846,1100.41
,1593,5100,train,3.8239,1741934,1100.40
,1594,5100,train,3.7087,1743029,1100.40
,1595,5100,train,3.4623,1744124,1100.39
,1596,5100,train,3.7108,1745235,1100.40
,1597,5100,train,3.7024,1746319,1100.39
,1598,5100,train,3.8728,1747410,1100.38
,1599,5100,train,3.7575,1748505,1100.38
,1600,5100,train,3.7957,1749616,1100.39
,1601,5100,train,3.7994,1750711,1100.38
,1602,5100,train,3.6650,1751807,1100.38
,1603,5100,train,3.7486,1752908,1100.38
,1604,5100,train,3.7306,1754061,1100.41
,1605,5100,train,3.7913,1755150,1100.41
,1606,5100,train,3.7967,1756241,1100.40
,1607,5100,train,3.6116,1757333,1100.40
,1608,5100,train,3.7632,1758493,1100.43
,1609,5100,train,3.8889,1759582,1100.43
,1610,5100,train,3.7622,1760674,1100.42
,1611,5100,train,3.9248,1761769,1100.42
,1612,5100,train,3.6464,1762878,1100.42
,1613,5100,train,3.7206,1763969,1100.42
,1614,5100,train,3.7983,1765055,1100.41
,1615,5100,train,3.7430,1766147,1100.40
,1616,5100,train,3.7719,1767261,1100.41
,1617,5100,train,3.7045,1768353,1100.41
,1618,5100,train,3.6871,1769444,1100.40
,1619,5100,train,3.7857,1770535,1100.39
,1620,5100,train,3.6739,1771649,1100.40
,1621,5100,train,3.7724,1772737,1100.40
,1622,5100,train,3.6431,1773828,1100.39
,1623,5100,train,3.8886,1774917,1100.38
,1624,5100,train,3.6236,1776030,1100.39
,1625,5100,train,3.7753,1777118,1100.38
,1625,5100,val,3.7869,1777118,1100.38
,1626,5100,train,3.6872,1778210,1100.38
,1627,5100,train,3.6730,1779301,1100.37
,1628,5100,train,3.7420,1780411,1100.38
,1629,5100,train,3.4749,1781498,1100.37
,1630,5100,train,3.8494,1782587,1100.36
,1631,5100,train,3.8384,1783679,1100.36
,1632,5100,train,3.6397,1784790,1100.36
,1633,5100,train,3.7022,1785879,1100.36
,1634,5100,train,3.8834,1786978,1100.36
,1635,5100,train,3.9251,1788076,1100.35
,1636,5100,train,3.7706,1789243,1100.40
,1637,5100,train,3.6864,1790329,1100.39
,1638,5100,train,3.8075,1791422,1100.38
,1639,5100,train,3.5903,1792518,1100.38
,1640,5100,train,3.8991,1793633,1100.39
,1641,5100,train,3.7382,1794723,1100.38
,1642,5100,train,3.9932,1795815,1100.38
,1643,5100,train,3.6134,1796905,1100.37
,1644,5100,train,3.6413,1798014,1100.38
,1645,5100,train,3.6856,1799100,1100.37
,1646,5100,train,3.7538,1800191,1100.36
,1647,5100,train,3.6857,1801280,1100.35
,1648,5100,train,3.8724,1802390,1100.36
,1649,5100,train,3.7076,1803479,1100.35
,1650,5100,train,3.7306,1804574,1100.35
,1651,5100,train,3.6608,1805666,1100.35
,1652,5100,train,3.7414,1806784,1100.36
,1653,5100,train,3.9712,1807875,1100.35
,1654,5100,train,3.8144,1808963,1100.34
,1655,5100,train,3.6108,1810055,1100.34
,1656,5100,train,3.7166,1811174,1100.35
,1657,5100,train,3.7674,1812262,1100.34
,1658,5100,train,3.7131,1813357,1100.34
,1659,5100,train,3.7905,1814453,1100.34
,1660,5100,train,3.7163,1815562,1100.34
,1661,5100,train,3.8658,1816653,1100.33
,1662,5100,train,3.8248,1817741,1100.33
,1663,5100,train,3.8748,1818837,1100.32
,1664,5100,train,3.7788,1819951,1100.33
,1665,5100,train,3.7245,1821039,1100.33
,1666,5100,train,3.8812,1822132,1100.32
,1667,5100,train,3.6378,1823223,1100.32
,1668,5100,train,3.7437,1824339,1100.33
,1669,5100,train,3.7243,1825424,1100.32
,1670,5100,train,3.7622,1826519,1100.31
,1671,5100,train,3.6610,1827617,1100.31
,1672,5100,train,3.8200,1828759,1100.34
,1673,5100,train,3.6837,1829846,1100.33
,1674,5100,train,3.7693,1830940,1100.32
,1675,5100,train,3.7401,1832039,1100.32
,1676,5100,train,3.9377,1833162,1100.34
,1677,5100,train,3.7668,1834250,1100.33
,1678,5100,train,3.6565,1835342,1100.32
,1679,5100,train,3.8084,1836438,1100.32
,1680,5100,train,3.7088,1837547,1100.33
,1681,5100,train,3.8685,1838640,1100.32
,1682,5100,train,3.9472,1839733,1100.32
,1683,5100,train,3.8792,1840827,1100.31
,1684,5100,train,3.7251,1841933,1100.32
,1685,5100,train,3.7858,1843021,1100.31
,1686,5100,train,3.7354,1844113,1100.31
,1687,5100,train,3.7400,1845201,1100.30
,1688,5100,train,3.6839,1846315,1100.31
,1689,5100,train,3.8157,1847403,1100.30
,1690,5100,train,3.7760,1848498,1100.30
,1691,5100,train,3.8179,1849584,1100.29
,1692,5100,train,3.7143,1850696,1100.30
,1693,5100,train,3.9008,1851784,1100.29
,1694,5100,train,3.7537,1852877,1100.28
,1695,5100,train,3.5847,1853972,1100.28
,1696,5100,train,3.7103,1855086,1100.29
,1697,5100,train,3.7271,1856178,1100.28
,1698,5100,train,3.7403,1857268,1100.28
,1699,5100,train,3.7874,1858359,1100.27
,1700,5100,train,3.7633,1859467,1100.28
,1701,5100,train,3.7789,1860558,1100.27
,1702,5100,train,3.8211,1861651,1100.27
,1703,5100,train,3.7299,1862739,1100.26
,1704,5100,train,3.7485,1863851,1100.27
,1705,5100,train,3.9826,1864939,1100.26
,1706,5100,train,3.8349,1866030,1100.25
,1707,5100,train,3.7459,1867120,1100.25
,1708,5100,train,3.7342,1868231,1100.25
,1709,5100,train,3.8277,1869322,1100.25
,1710,5100,train,3.8119,1870419,1100.25
,1711,5100,train,3.8298,1871518,1100.25
,1712,5100,train,3.5771,1872684,1100.28
,1713,5100,train,3.6572,1873772,1100.28
,1714,5100,train,3.8124,1874863,1100.27
,1715,5100,train,3.5915,1875960,1100.27
,1716,5100,train,3.7539,1877337,1100.43
,1717,5100,train,3.7993,1878424,1100.42
,1718,5100,train,3.8312,1879518,1100.42
,1719,5100,train,3.6372,1880614,1100.42
,1720,5100,train,3.9203,1881725,1100.42
,1721,5100,train,3.6297,1882819,1100.42
,1722,5100,train,3.6299,1883910,1100.41
,1723,5100,train,3.7906,1885000,1100.41
,1724,5100,train,3.7680,1886116,1100.42
,1725,5100,train,3.7046,1887204,1100.41
,1726,5100,train,3.8244,1888295,1100.41
,1727,5100,train,3.7073,1889385,1100.40
,1728,5100,train,3.7894,1890498,1100.41
,1729,5100,train,3.7860,1891586,1100.40
,1730,5100,train,3.7359,1892680,1100.40
,1731,5100,train,3.7387,1893770,1100.39
,1732,5100,train,3.7958,1894882,1100.40
,1733,5100,train,3.8926,1895972,1100.39
,1734,5100,train,3.8115,1897067,1100.39
,1735,5100,train,3.7242,1898160,1100.38
,1736,5100,train,3.8167,1899274,1100.39
,1737,5100,train,3.8237,1900362,1100.38
,1738,5100,train,3.7367,1901459,1100.38
,1739,5100,train,3.5972,1902545,1100.37
,1740,5100,train,3.8059,1903660,1100.38
,1741,5100,train,3.9652,1904747,1100.37
,1742,5100,train,3.6878,1905841,1100.37
,1743,5100,train,3.8092,1906936,1100.37
,1744,5100,train,3.6757,1908050,1100.37
,1745,5100,train,3.7300,1909141,1100.37
,1746,5100,train,3.7473,1910225,1100.36
,1747,5100,train,3.6427,1911320,1100.36
,1748,5100,train,3.5919,1912436,1100.37
,1749,5100,train,3.6421,1913525,1100.36
,1750,5100,train,3.7647,1914619,1100.36
,1750,5100,val,3.7443,1914620,1100.36
,1751,5100,train,3.7367,1915713,1100.35
,1752,5100,train,3.9687,1916857,1100.38
,1753,5100,train,3.7661,1917950,1100.37
,1754,5100,train,3.7649,1919045,1100.37
,1755,5100,train,3.7639,1920142,1100.37
,1756,5100,train,3.7961,1921262,1100.38
,1757,5100,train,3.7526,1922348,1100.37
,1758,5100,train,3.8165,1923442,1100.37
,1759,5100,train,3.7943,1924538,1100.36
,1760,5100,train,3.7349,1925666,1100.38
,1761,5100,train,3.7982,1926751,1100.37
,1762,5100,train,3.8116,1927842,1100.37
,1763,5100,train,3.8531,1928932,1100.36
,1764,5100,train,3.7785,1930041,1100.37
,1765,5100,train,3.7700,1931126,1100.36
,1766,5100,train,3.9597,1932220,1100.35
,1767,5100,train,3.8031,1933311,1100.35
,1768,5100,train,3.7265,1934420,1100.35
,1769,5100,train,3.7551,1935507,1100.34
,1770,5100,train,3.7006,1936595,1100.34
,1771,5100,train,3.7970,1937684,1100.33
,1772,5100,train,3.6504,1938793,1100.34
,1773,5100,train,3.6861,1939883,1100.33
,1774,5100,train,3.7887,1940976,1100.33
,1775,5100,train,3.7790,1942066,1100.32
,1776,5100,train,3.7204,1943179,1100.33
,1777,5100,train,3.7517,1944266,1100.32
,1778,5100,train,3.7169,1945353,1100.31
,1779,5100,train,3.7225,1946443,1100.31
,1780,5100,train,3.6985,1947557,1100.31
,1781,5100,train,3.7711,1948644,1100.31
,1782,5100,train,3.7615,1949739,1100.30
,1783,5100,train,3.8274,1950829,1100.30
,1784,5100,train,3.5604,1951940,1100.30
,1785,5100,train,3.6640,1953027,1100.30
,1786,5100,train,3.7209,1954119,1100.29
,1787,5100,train,3.8027,1955206,1100.28
,1788,5100,train,3.6065,1956320,1100.29
,1789,5100,train,3.7702,1957407,1100.29
,1790,5100,train,3.7660,1958501,1100.28
,1791,5100,train,3.7143,1959596,1100.28
,1792,5100,train,3.6782,1960745,1100.31
,1793,5100,train,3.7876,1961834,1100.30
,1794,5100,train,3.7006,1962926,1100.29
,1795,5100,train,3.5752,1964023,1100.29
,1796,5100,train,3.7062,1965162,1100.31
,1797,5100,train,3.6837,1966249,1100.31
,1798,5100,train,3.8126,1967344,1100.30
,1799,5100,train,3.6117,1968439,1100.30
,1800,5100,train,3.7740,1969549,1100.31
,1801,5100,train,3.7124,1970639,1100.30
,1802,5100,train,3.7439,1971727,1100.29
,1803,5100,train,3.7719,1972819,1100.29
,1804,5100,train,3.6813,1973941,1100.30
,1805,5100,train,3.7606,1975029,1100.29
,1806,5100,train,3.7441,1976123,1100.29
,1807,5100,train,3.7412,1977211,1100.28
,1808,5100,train,3.7257,1978327,1100.29
,1809,5100,train,3.8112,1979419,1100.29
,1810,5100,train,3.7557,1980508,1100.28
,1811,5100,train,3.6081,1981602,1100.28
,1812,5100,train,3.6827,1982717,1100.29
,1813,5100,train,3.8126,1983806,1100.28
,1814,5100,train,3.7561,1984892,1100.27
,1815,5100,train,3.6759,1985981,1100.27
,1816,5100,train,3.5814,1987097,1100.28
,1817,5100,train,3.6752,1988186,1100.27
,1818,5100,train,3.7673,1989280,1100.27
,1819,5100,train,3.8037,1990372,1100.26
,1820,5100,train,3.7549,1991490,1100.27
,1821,5100,train,3.6872,1992584,1100.27
,1822,5100,train,3.6922,1993674,1100.26
,1823,5100,train,3.8327,1994764,1100.26
,1824,5100,train,3.6742,1995880,1100.26
,1825,5100,train,3.8820,1996967,1100.26
,1826,5100,train,3.7850,1998062,1100.25
,1827,5100,train,3.7286,1999157,1100.25
,1828,5100,train,3.7954,2000264,1100.26
,1829,5100,train,3.7822,2001361,1100.25
,1830,5100,train,3.7020,2002458,1100.25
,1831,5100,train,3.7614,2003558,1100.25
,1832,5100,train,3.7978,2004738,1100.30
,1833,5100,train,3.8176,2005829,1100.29
,1834,5100,train,3.6234,2006926,1100.29
,1835,5100,train,3.7345,2008022,1100.29
,1836,5100,train,3.6184,2009211,1100.33
,1837,5100,train,3.7898,2010305,1100.33
,1838,5100,train,3.8428,2011402,1100.33
,1839,5100,train,3.8555,2012495,1100.33
,1840,5100,train,3.7541,2013613,1100.34
,1841,5100,train,3.7741,2014705,1100.33
,1842,5100,train,3.7515,2015796,1100.33
,1843,5100,train,3.8160,2016886,1100.32
,1844,5100,train,3.6803,2018003,1100.33
,1845,5100,train,3.6673,2019087,1100.32
,1846,5100,train,3.7613,2020183,1100.32
,1847,5100,train,3.7237,2021274,1100.31
,1848,5100,train,3.8446,2022383,1100.32
,1849,5100,train,3.8482,2023472,1100.31
,1850,5100,train,4.1535,2024564,1100.31
,1851,5100,train,3.6566,2025652,1100.30
,1852,5100,train,3.8659,2026763,1100.31
,1853,5100,train,3.8090,2027846,1100.30
,1854,5100,train,3.6967,2028940,1100.29
,1855,5100,train,3.7627,2030028,1100.29
,1856,5100,train,3.7753,2031140,1100.29
,1857,5100,train,3.7102,2032229,1100.29
,1858,5100,train,3.7210,2033321,1100.28
,1859,5100,train,3.7062,2034414,1100.28
,1860,5100,train,3.7488,2035528,1100.29
,1861,5100,train,3.6946,2036620,1100.28
,1862,5100,train,3.7467,2037710,1100.28
,1863,5100,train,3.8511,2038804,1100.27
,1864,5100,train,3.7682,2039923,1100.28
,1865,5100,train,3.8164,2041012,1100.28
,1866,5100,train,3.7309,2042104,1100.27
,1867,5100,train,3.6532,2043199,1100.27
,1868,5100,train,3.5953,2044362,1100.30
,1869,5100,train,3.6138,2045453,1100.30
,1870,5100,train,3.5732,2046546,1100.29
,1871,5100,train,3.6870,2047642,1100.29
,1872,5100,train,3.5544,2048772,1100.31
,1873,5100,train,3.5816,2049863,1100.30
,1874,5100,train,3.7472,2050957,1100.30
,1875,5100,train,3.7045,2052044,1100.29
,1875,5100,val,3.7158,2052045,1100.29
,1876,5100,train,3.8099,2053164,1100.30
,1877,5100,train,3.7206,2054250,1100.29
,1878,5100,train,3.7255,2055343,1100.29
,1879,5100,train,3.8411,2056436,1100.29
,1880,5100,train,3.6055,2057563,1100.30
,1881,5100,train,3.7898,2058649,1100.29
,1882,5100,train,3.7243,2059742,1100.29
,1883,5100,train,3.6754,2060832,1100.28
,1884,5100,train,3.6902,2061944,1100.29
,1885,5100,train,3.7697,2063029,1100.28
,1886,5100,train,3.7952,2064123,1100.28
,1887,5100,train,3.7392,2065212,1100.27
,1888,5100,train,3.6937,2066323,1100.28
,1889,5100,train,3.7000,2067408,1100.27
,1890,5100,train,3.6703,2068503,1100.27
,1891,5100,train,3.7226,2069591,1100.26
,1892,5100,train,3.6706,2070714,1100.27
,1893,5100,train,3.6342,2071804,1100.27
,1894,5100,train,3.7253,2072900,1100.27
,1895,5100,train,3.6495,2073992,1100.26
,1896,5100,train,3.6783,2075111,1100.27
,1897,5100,train,3.6883,2076206,1100.27
,1898,5100,train,3.7921,2077306,1100.27
,1899,5100,train,3.6954,2078402,1100.27
,1900,5100,train,3.6277,2079564,1100.30
,1901,5100,train,3.6666,2080652,1100.29
,1902,5100,train,3.6326,2081746,1100.29
,1903,5100,train,3.9642,2082844,1100.29
,1904,5100,train,3.6342,2084004,1100.32
,1905,5100,train,3.8535,2085092,1100.31
,1906,5100,train,4.4889,2086185,1100.31
,1907,5100,train,3.6145,2087402,1100.37
,1908,5100,train,3.6992,2088525,1100.38
,1909,5100,train,3.6890,2089610,1100.37
,1910,5100,train,3.6318,2090705,1100.37
,1911,5100,train,3.6880,2091801,1100.37
,1912,5100,train,3.6648,2092924,1100.38
,1913,5100,train,3.6140,2094010,1100.37
,1914,5100,train,3.8439,2095105,1100.37
,1915,5100,train,3.7498,2096200,1100.37
,1916,5100,train,4.5187,2097312,1100.37
,1917,5100,train,3.9655,2098404,1100.37
,1918,5100,train,3.7645,2099490,1100.36
,1919,5100,train,3.6734,2100583,1100.36
,1920,5100,train,3.7343,2101698,1100.37
,1921,5100,train,3.6853,2102789,1100.36
,1922,5100,train,3.6631,2103882,1100.36
,1923,5100,train,3.6464,2104969,1100.35
,1924,5100,train,3.8082,2106080,1100.36
,1925,5100,train,3.6436,2107168,1100.35
,1926,5100,train,3.7383,2108263,1100.35
,1927,5100,train,3.7765,2109356,1100.34
,1928,5100,train,3.7063,2110465,1100.35
,1929,5100,train,3.6277,2111556,1100.34
,1930,5100,train,3.7969,2112645,1100.34
,1931,5100,train,3.7229,2113735,1100.33
,1932,5100,train,3.7102,2114843,1100.33
,1933,5100,train,3.7085,2115936,1100.33
,1934,5100,train,3.6874,2117024,1100.32
,1935,5100,train,3.7827,2118121,1100.32
,1936,5100,train,3.6648,2119259,1100.34
,1937,5100,train,3.7453,2120352,1100.34
,1938,5100,train,3.6751,2121445,1100.33
,1939,5100,train,3.6883,2122543,1100.33
,1940,5100,train,3.6767,2123679,1100.35
,1941,5100,train,3.7268,2124769,1100.35
,1942,5100,train,3.7068,2125865,1100.34
,1943,5100,train,3.6333,2126962,1100.34
,1944,5100,train,3.8275,2128104,1100.36
,1945,5100,train,3.7023,2129194,1100.36
,1946,5100,train,3.5505,2130287,1100.36
,1947,5100,train,3.8112,2131383,1100.35
,1948,5100,train,3.6765,2132493,1100.36
,1949,5100,train,3.6718,2133586,1100.35
,1950,5100,train,3.8181,2134680,1100.35
,1951,5100,train,3.7462,2135773,1100.35
,1952,5100,train,3.8363,2136884,1100.35
,1953,5100,train,3.7545,2137971,1100.35
,1954,5100,train,3.7945,2139064,1100.34
,1955,5100,train,3.7417,2140163,1100.34
,1956,5100,train,3.8998,2141275,1100.35
,1957,5100,train,3.7808,2142368,1100.34
,1958,5100,train,4.0820,2143461,1100.34
,1959,5100,train,3.7304,2144551,1100.33
,1960,5100,train,3.7352,2145664,1100.34
,1961,5100,train,3.7942,2146749,1100.33
,1962,5100,train,3.6787,2147842,1100.33
,1963,5100,train,3.7027,2148936,1100.33
,1964,5100,train,3.6709,2150043,1100.33
,1965,5100,train,3.7902,2151128,1100.32
,1966,5100,train,3.6983,2152218,1100.32
,1967,5100,train,3.6253,2153307,1100.31
,1968,5100,train,3.6742,2154417,1100.32
,1969,5100,train,3.7171,2155506,1100.31
,1970,5100,train,3.6238,2156597,1100.30
,1971,5100,train,3.6165,2157687,1100.30
,1972,5100,train,3.6548,2158794,1100.30
,1973,5100,train,3.7926,2159885,1100.30
,1974,5100,train,3.5973,2160971,1100.29
,1975,5100,train,3.7197,2162062,1100.29
,1976,5100,train,3.6701,2163172,1100.29
,1977,5100,train,3.7052,2164266,1100.29
,1978,5100,train,3.7665,2165361,1100.28
,1979,5100,train,3.8137,2166449,1100.28
,1980,5100,train,4.1708,2167590,1100.30
,1981,5100,train,3.7001,2168679,1100.29
,1982,5100,train,3.9004,2169772,1100.29
,1983,5100,train,3.7059,2170866,1100.29
,1984,5100,train,3.6848,2171988,1100.30
,1985,5100,train,3.7816,2173087,1100.30
,1986,5100,train,3.8522,2174182,1100.29
,1987,5100,train,3.7264,2175276,1100.29
,1988,5100,train,3.6745,2176391,1100.30
,1989,5100,train,3.6353,2177483,1100.29
,1990,5100,train,3.6650,2178569,1100.29
,1991,5100,train,3.7483,2179664,1100.28
,1992,5100,train,3.7918,2180768,1100.29
,1993,5100,train,3.5807,2181857,1100.28
,1994,5100,train,3.8828,2182946,1100.28
,1995,5100,train,3.7286,2184040,1100.27
,1996,5100,train,3.7585,2185146,1100.27
,1997,5100,train,3.6717,2186241,1100.27
,1998,5100,train,3.8917,2187328,1100.27
,1999,5100,train,3.6248,2188423,1100.26
,2000,5100,train,3.6261,2189526,1100.26
,2000,5100,val,3.7048,2189526,1100.26
,2001,5100,train,3.8252,2190622,1100.26
,2002,5100,train,3.7471,2191713,1100.26
,2003,5100,train,3.7709,2192808,1100.26
,2004,5100,train,3.7914,2193915,1100.26
,2005,5100,train,3.7768,2195006,1100.25
,2006,5100,train,3.6533,2196095,1100.25
,2007,5100,train,3.6183,2197186,1100.24
,2008,5100,train,3.8003,2198297,1100.25
,2009,5100,train,3.6137,2199388,1100.24
,2010,5100,train,3.9115,2200475,1100.24
,2011,5100,train,3.7760,2201569,1100.23
,2012,5100,train,3.6226,2202703,1100.25
,2013,5100,train,3.7169,2203797,1100.25
,2014,5100,train,3.6577,2204890,1100.24
,2015,5100,train,3.7888,2205985,1100.24
,2016,5100,train,3.6364,2207097,1100.25
,2017,5100,train,3.7396,2208188,1100.24
,2018,5100,train,3.6865,2209283,1100.24
,2019,5100,train,3.6666,2210375,1100.24
,2020,5100,train,3.6748,2211485,1100.24
,2021,5100,train,3.7990,2212572,1100.23
,2022,5100,train,3.7421,2213661,1100.23
,2023,5100,train,3.6428,2214751,1100.22
,2024,5100,train,3.8139,2215859,1100.23
,2025,5100,train,3.6789,2216952,1100.22
,2026,5100,train,3.7647,2218041,1100.22
,2027,5100,train,3.7390,2219131,1100.21
,2028,5100,train,3.6546,2220244,1100.22
,2029,5100,train,3.7541,2221333,1100.21
,2030,5100,train,3.7133,2222421,1100.21
,2031,5100,train,3.4708,2223510,1100.20
,2032,5100,train,3.6930,2224619,1100.21
,2033,5100,train,3.7079,2225711,1100.20
,2034,5100,train,3.6229,2226803,1100.20
,2035,5100,train,3.6509,2227891,1100.19
,2036,5100,train,3.7179,2229006,1100.20
,2037,5100,train,3.7085,2230094,1100.19
,2038,5100,train,3.6006,2231185,1100.19
,2039,5100,train,3.6441,2232271,1100.18
,2040,5100,train,3.7144,2233379,1100.19
,2041,5100,train,3.7525,2234469,1100.18
,2042,5100,train,3.7064,2235558,1100.18
,2043,5100,train,3.9784,2236650,1100.17
,2044,5100,train,3.7170,2237756,1100.17
,2045,5100,train,3.7817,2238850,1100.17
,2046,5100,train,3.6535,2239939,1100.17
,2047,5100,train,4.2065,2241029,1100.16
,2048,5100,train,3.6497,2242133,1100.16
,2049,5100,train,3.5510,2243224,1100.16
,2050,5100,train,3.7189,2244315,1100.15
,2051,5100,train,3.7419,2245411,1100.15
,2052,5100,train,3.7293,2246570,1100.18
,2053,5100,train,3.7281,2247659,1100.18
,2054,5100,train,3.7931,2248752,1100.17
,2055,5100,train,3.6373,2249850,1100.17
,2056,5100,train,3.6203,2250958,1100.17
,2057,5100,train,3.6246,2252051,1100.17
,2058,5100,train,3.6819,2253142,1100.17
,2059,5100,train,3.7644,2254232,1100.16
,2060,5100,train,3.7080,2255348,1100.17
,2061,5100,train,3.6806,2256434,1100.16
,2062,5100,train,3.7259,2257528,1100.16
,2063,5100,train,3.6633,2258621,1100.16
,2064,5100,train,3.6224,2259727,1100.16
,2065,5100,train,3.7291,2260814,1100.15
,2066,5100,train,3.9725,2261908,1100.15
,2067,5100,train,3.6125,2262998,1100.14
,2068,5100,train,3.6636,2264106,1100.15
,2069,5100,train,3.6485,2265192,1100.14
,2070,5100,train,3.5754,2266287,1100.14
,2071,5100,train,3.6942,2267378,1100.14
,2072,5100,train,3.6294,2268489,1100.14
,2073,5100,train,3.7556,2269575,1100.13
,2074,5100,train,3.7154,2270665,1100.13
,2075,5100,train,3.6485,2271753,1100.12
,2076,5100,train,3.8823,2272864,1100.13
,2077,5100,train,3.8955,2273954,1100.12
,2078,5100,train,3.6973,2275048,1100.12
,2079,5100,train,3.6022,2276137,1100.11
,2080,5100,train,3.7715,2277254,1100.12
,2081,5100,train,3.5876,2278337,1100.11
,2082,5100,train,3.7214,2279430,1100.11
,2083,5100,train,3.6304,2280524,1100.11
,2084,5100,train,3.7281,2281630,1100.11
,2085,5100,train,3.7199,2282716,1100.10
,2086,5100,train,3.5342,2283812,1100.10
,2087,5100,train,3.5665,2284908,1100.10
,2088,5100,train,3.7055,2286049,1100.12
,2089,5100,train,3.6489,2287138,1100.11
,2090,5100,train,3.7574,2288234,1100.11
,2091,5100,train,3.6591,2289327,1100.11
,2092,5100,train,3.5741,2290432,1100.11
,2093,5100,train,3.2675,2291520,1100.11
,2094,5100,train,3.5485,2292611,1100.10
,2095,5100,train,3.5442,2293698,1100.10
,2096,5100,train,3.6470,2294806,1100.10
,2097,5100,train,3.7064,2296008,1100.15
,2098,5100,train,3.5321,2297094,1100.14
,2099,5100,train,3.7918,2298188,1100.14
,2100,5100,train,3.8486,2299296,1100.14
,2101,5100,train,3.6262,2300388,1100.14
,2102,5100,train,3.6812,2301477,1100.13
,2103,5100,train,3.6984,2302569,1100.13
,2104,5100,train,3.5811,2303677,1100.13
,2105,5100,train,3.7911,2304767,1100.13
,2106,5100,train,3.6750,2305854,1100.12
,2107,5100,train,4.0172,2306946,1100.12
,2108,5100,train,3.6328,2308050,1100.12
,2109,5100,train,3.4888,2309138,1100.11
,2110,5100,train,3.7757,2310229,1100.11
,2111,5100,train,3.5624,2311323,1100.11
,2112,5100,train,3.8734,2312428,1100.11
,2113,5100,train,3.4593,2313513,1100.10
,2114,5100,train,3.7284,2314610,1100.10
,2115,5100,train,3.6589,2315694,1100.09
,2116,5100,train,3.5383,2316799,1100.09
,2117,5100,train,3.6799,2317892,1100.09
,2118,5100,train,3.6897,2318982,1100.09
,2119,5100,train,3.5935,2320073,1100.08
,2120,5100,train,3.6366,2321182,1100.09
,2121,5100,train,3.5312,2322273,1100.08
,2122,5100,train,3.8056,2323368,1100.08
,2123,5100,train,3.6976,2324470,1100.08
,2124,5100,train,3.7753,2325620,1100.10
,2125,5100,train,3.5437,2326707,1100.10
,2125,5100,val,3.6791,2326708,1100.10
,2126,5100,train,3.6417,2327800,1100.09
,2127,5100,train,3.7104,2328890,1100.09
,2128,5100,train,3.6991,2330003,1100.10
,2129,5100,train,3.6965,2331093,1100.09
,2130,5100,train,3.7283,2332184,1100.09
,2131,5100,train,3.7931,2333271,1100.08
,2132,5100,train,3.8055,2334382,1100.09
,2133,5100,train,3.7056,2335472,1100.08
,2134,5100,train,3.7078,2336566,1100.08
,2135,5100,train,3.7500,2337654,1100.07
,2136,5100,train,3.5046,2338764,1100.08
,2137,5100,train,3.7364,2339851,1100.07
,2138,5100,train,3.7509,2340943,1100.07
,2139,5100,train,3.7556,2342033,1100.06
,2140,5100,train,3.7021,2343142,1100.07
,2141,5100,train,3.9506,2344233,1100.06
,2142,5100,train,3.7270,2345326,1100.06
,2143,5100,train,3.6719,2346414,1100.05
,2144,5100,train,3.7903,2347525,1100.06
,2145,5100,train,3.5850,2348613,1100.05
,2146,5100,train,3.6910,2349705,1100.05
,2147,5100,train,3.5818,2350793,1100.04
,2148,5100,train,3.6813,2351904,1100.05
,2149,5100,train,3.5856,2352994,1100.04
,2150,5100,train,3.6383,2354089,1100.04
,2151,5100,train,3.7496,2355187,1100.04
,2152,5100,train,3.6255,2356319,1100.06
,2153,5100,train,3.6339,2357411,1100.05
,2154,5100,train,3.6176,2358506,1100.05
,2155,5100,train,3.6327,2359594,1100.04
,2156,5100,train,3.6501,2360703,1100.05
,2157,5100,train,3.6420,2361790,1100.04
,2158,5100,train,3.7378,2362878,1100.04
,2159,5100,train,3.7656,2363970,1100.03
,2160,5100,train,3.6067,2365083,1100.04
,2161,5100,train,3.7386,2366173,1100.03
,2162,5100,train,3.7203,2367269,1100.03
,2163,5100,train,3.5102,2368356,1100.03
,2164,5100,train,3.7773,2369466,1100.03
,2165,5100,train,3.5307,2370556,1100.03
,2166,5100,train,3.6336,2371648,1100.02
,2167,5100,train,3.6332,2372736,1100.02
,2168,5100,train,3.8597,2373848,1100.02
,2169,5100,train,3.6982,2374934,1100.02
,2170,5100,train,3.6016,2376027,1100.01
,2171,5100,train,3.6356,2377114,1100.01
,2172,5100,train,3.6227,2378222,1100.01
,2173,5100,train,3.6169,2379311,1100.01
,2174,5100,train,3.8150,2380403,1100.00
,2175,5100,train,3.7420,2381492,1100.00
,2176,5100,train,3.7367,2382603,1100.00
,2177,5100,train,3.7714,2383693,1100.00
,2178,5100,train,3.8736,2384787,1099.99
,2179,5100,train,3.6898,2385880,1099.99
,2180,5100,train,3.6967,2386989,1099.99
,2181,5100,train,3.7444,2388075,1099.99
,2182,5100,train,3.6734,2389168,1099.99
,2183,5100,train,3.5926,2390259,1099.98
,2184,5100,train,3.7900,2391365,1099.98
,2185,5100,train,3.7277,2392452,1099.98
,2186,5100,train,3.6357,2393542,1099.97
,2187,5100,train,3.6549,2394634,1099.97
,2188,5100,train,3.6501,2395780,1099.99
,2189,5100,train,3.7685,2396872,1099.99
,2190,5100,train,3.6401,2397966,1099.98
,2191,5100,train,3.6696,2399054,1099.98
,2192,5100,train,3.6344,2400158,1099.98
,2193,5100,train,3.7155,2401245,1099.97
,2194,5100,train,3.7141,2402334,1099.97
,2195,5100,train,3.7628,2403426,1099.97
,2196,5100,train,3.6036,2404531,1099.97
,2197,5100,train,3.8674,2405623,1099.96
,2198,5100,train,3.6900,2406711,1099.96
,2199,5100,train,3.7094,2407804,1099.96
,2200,5100,train,3.5266,2408912,1099.96
,2201,5100,train,3.6260,2410005,1099.96
,2202,5100,train,3.4219,2411093,1099.95
,2203,5100,train,3.7978,2412186,1099.95
,2204,5100,train,3.6717,2413300,1099.95
,2205,5100,train,3.6305,2414391,1099.95
,2206,5100,train,3.5458,2415481,1099.95
,2207,5100,train,3.6160,2416573,1099.94
,2208,5100,train,3.5751,2417683,1099.95
,2209,5100,train,3.7237,2418772,1099.94
,2210,5100,train,3.6615,2419865,1099.94
,2211,5100,train,3.4643,2420950,1099.93
,2212,5100,train,3.6495,2422076,1099.94
,2213,5100,train,3.5480,2423168,1099.94
,2214,5100,train,3.5965,2424258,1099.94
,2215,5100,train,3.8105,2425349,1099.93
,2216,5100,train,3.7230,2426473,1099.94
,2217,5100,train,3.7517,2427558,1099.94
,2218,5100,train,3.6614,2428645,1099.93
,2219,5100,train,3.7369,2429740,1099.93
,2220,5100,train,3.6827,2430885,1099.95
,2221,5100,train,3.8458,2431975,1099.94
,2222,5100,train,3.7117,2433069,1099.94
,2223,5100,train,3.5603,2434159,1099.94
,2224,5100,train,3.7572,2435294,1099.95
,2225,5100,train,3.6144,2436383,1099.95
,2226,5100,train,3.4978,2437473,1099.94
,2227,5100,train,3.8367,2438565,1099.94
,2228,5100,train,3.5875,2439669,1099.94
,2229,5100,train,3.6565,2440754,1099.93
,2230,5100,train,3.9675,2441846,1099.93
,2231,5100,train,3.7253,2442934,1099.93
,2232,5100,train,3.7618,2444044,1099.93
,2233,5100,train,3.6124,2445133,1099.92
,2234,5100,train,3.7116,2446225,1099.92
,2235,5100,train,3.6249,2447312,1099.92
,2236,5100,train,3.7012,2448418,1099.92
,2237,5100,train,3.8438,2449509,1099.91
,2238,5100,train,3.6668,2450595,1099.91
,2239,5100,train,3.6151,2451688,1099.90
,2240,5100,train,3.6477,2452799,1099.91
,2241,5100,train,3.5594,2453890,1099.91
,2242,5100,train,3.6870,2454983,1099.90
,2243,5100,train,3.6506,2456071,1099.90
,2244,5100,train,3.6215,2457179,1099.90
,2245,5100,train,3.6344,2458270,1099.90
,2246,5100,train,3.5905,2459359,1099.89
,2247,5100,train,3.7455,2460449,1099.89
,2248,5100,train,3.4327,2461558,1099.89
,2249,5100,train,3.6595,2462649,1099.89
,2250,5100,train,3.7006,2463738,1099.88
,2250,5100,val,3.6683,2463739,1099.88
,2251,5100,train,3.6765,2464832,1099.88
,2252,5100,train,3.9679,2465985,1099.90
,2253,5100,train,3.6030,2467072,1099.90
,2254,5100,train,3.4593,2468166,1099.90
,2255,5100,train,3.7572,2469258,1099.89
,2256,5100,train,4.3894,2470372,1099.90
,2257,5100,train,3.4503,2471466,1099.90
,2258,5100,train,3.6667,2472558,1099.89
,2259,5100,train,3.7193,2473647,1099.89
,2260,5100,train,3.6748,2474759,1099.89
,2261,5100,train,3.6777,2475849,1099.89
,2262,5100,train,3.7091,2476942,1099.89
,2263,5100,train,3.5075,2478031,1099.88
,2264,5100,train,3.5655,2479135,1099.88
,2265,5100,train,3.6653,2480226,1099.88
,2266,5100,train,3.5301,2481318,1099.87
,2267,5100,train,3.8817,2482405,1099.87
,2268,5100,train,3.6165,2483511,1099.87
,2269,5100,train,3.5730,2484604,1099.87
,2270,5100,train,3.6821,2485688,1099.86
,2271,5100,train,3.6859,2486780,1099.86
,2272,5100,train,3.7283,2487887,1099.86
,2273,5100,train,3.7082,2488977,1099.86
,2274,5100,train,3.5891,2490066,1099.85
,2275,5100,train,3.5612,2491157,1099.85
,2276,5100,train,3.9785,2492268,1099.85
,2277,5100,train,3.5790,2493360,1099.85
,2278,5100,train,3.6963,2494450,1099.85
,2279,5100,train,3.6131,2495543,1099.84
,2280,5100,train,3.7663,2496651,1099.85
,2281,5100,train,3.6762,2497742,1099.84
,2282,5100,train,3.6612,2498831,1099.84
,2283,5100,train,3.6645,2499921,1099.83
,2284,5100,train,3.6907,2501028,1099.84
,2285,5100,train,3.6437,2502115,1099.83
,2286,5100,train,3.7093,2503207,1099.83
,2287,5100,train,3.6791,2504294,1099.82
,2288,5100,train,3.5867,2505546,1099.89
,2289,5100,train,3.6181,2506630,1099.88
,2290,5100,train,3.7992,2507724,1099.88
,2291,5100,train,3.6433,2508823,1099.88
,2292,5100,train,3.6956,2509957,1099.89
,2293,5100,train,3.5712,2511041,1099.89
,2294,5100,train,3.7563,2512130,1099.88
,2295,5100,train,3.7202,2513223,1099.88
,2296,5100,train,3.7196,2514327,1099.88
,2297,5100,train,3.7389,2515414,1099.87
,2298,5100,train,3.5847,2516505,1099.87
,2299,5100,train,3.7106,2517596,1099.87
,2300,5100,train,3.6015,2518702,1099.87
,2301,5100,train,3.6577,2519788,1099.86
,2302,5100,train,3.6846,2520880,1099.86
,2303,5100,train,3.6207,2521973,1099.86
,2304,5100,train,3.7163,2523081,1099.86
,2305,5100,train,3.6957,2524166,1099.85
,2306,5100,train,3.7259,2525260,1099.85
,2307,5100,train,3.6811,2526347,1099.85
,2308,5100,train,3.8208,2527459,1099.85
,2309,5100,train,3.6558,2528547,1099.85
,2310,5100,train,3.5529,2529637,1099.84
,2311,5100,train,3.6283,2530727,1099.84
,2312,5100,train,3.6576,2531837,1099.84
,2313,5100,train,3.7317,2532924,1099.84
,2314,5100,train,3.6450,2534010,1099.83
,2315,5100,train,3.6838,2535102,1099.83
,2316,5100,train,3.6445,2536213,1099.83
,2317,5100,train,3.7468,2537304,1099.83
,2318,5100,train,3.5661,2538391,1099.82
,2319,5100,train,3.5826,2539484,1099.82
,2320,5100,train,3.7434,2540597,1099.83
,2321,5100,train,3.6871,2541686,1099.82
,2322,5100,train,3.5302,2542776,1099.82
,2323,5100,train,3.5913,2543865,1099.81
,2324,5100,train,3.5545,2544971,1099.81
,2325,5100,train,3.6322,2546061,1099.81
,2326,5100,train,3.6995,2547150,1099.81
,2327,5100,train,3.5882,2548240,1099.80
,2328,5100,train,3.6638,2549361,1099.81
,2329,5100,train,3.3968,2550449,1099.81
,2330,5100,train,3.5105,2551546,1099.80
,2331,5100,train,3.6618,2552638,1099.80
,2332,5100,train,3.5933,2553749,1099.81
,2333,5100,train,3.7596,2554832,1099.80
,2334,5100,train,3.7626,2555925,1099.80
,2335,5100,train,3.6884,2557017,1099.79
,2336,5100,train,3.6182,2558143,1099.80
,2337,5100,train,3.5845,2559231,1099.80
,2338,5100,train,3.8277,2560322,1099.79
,2339,5100,train,3.7892,2561410,1099.79
,2340,5100,train,3.7003,2562523,1099.80
,2341,5100,train,3.6692,2563609,1099.79
,2342,5100,train,3.5970,2564704,1099.79
,2343,5100,train,3.6488,2565798,1099.78
,2344,5100,train,3.8038,2566906,1099.79
,2345,5100,train,3.6079,2568002,1099.79
,2346,5100,train,3.6950,2569088,1099.78
,2347,5100,train,3.6336,2570183,1099.78
,2348,5100,train,3.6686,2571295,1099.78
,2349,5100,train,3.5114,2572387,1099.78
,2350,5100,train,3.8436,2573473,1099.77
,2351,5100,train,3.6529,2574565,1099.77
,2352,5100,train,3.6161,2575676,1099.78
,2353,5100,train,3.6343,2576768,1099.77
,2354,5100,train,3.6891,2577865,1099.77
,2355,5100,train,3.6554,2578956,1099.77
,2356,5100,train,3.4812,2580064,1099.77
,2357,5100,train,3.7519,2581150,1099.77
,2358,5100,train,3.6806,2582244,1099.76
,2359,5100,train,3.4439,2583335,1099.76
,2360,5100,train,3.6463,2584444,1099.76
,2361,5100,train,3.7911,2585534,1099.76
,2362,5100,train,3.6154,2586628,1099.76
,2363,5100,train,3.6866,2587722,1099.75
,2364,5100,train,3.6402,2588857,1099.77
,2365,5100,train,3.7362,2589949,1099.77
,2366,5100,train,3.6535,2591045,1099.76
,2367,5100,train,3.7584,2592138,1099.76
,2368,5100,train,3.4381,2593286,1099.78
,2369,5100,train,3.5548,2594372,1099.78
,2370,5100,train,3.5731,2595465,1099.77
,2371,5100,train,3.7404,2596553,1099.77
,2372,5100,train,3.5307,2597664,1099.77
,2373,5100,train,3.7219,2598749,1099.77
,2374,5100,train,3.4474,2599841,1099.76
,2375,5100,train,3.6080,2600932,1099.76
,2375,5100,val,3.6446,2600932,1099.76
,2376,5100,train,3.5686,2602047,1099.77
,2377,5100,train,3.6673,2603137,1099.76
,2378,5100,train,3.7968,2604227,1099.76
,2379,5100,train,3.6152,2605316,1099.75
,2380,5100,train,3.6264,2606431,1099.76
,2381,5100,train,3.6177,2607520,1099.76
,2382,5100,train,3.7901,2608611,1099.75
,2383,5100,train,3.5401,2609700,1099.75
,2384,5100,train,3.7175,2610811,1099.75
,2385,5100,train,3.8312,2611898,1099.75
,2386,5100,train,3.6332,2612991,1099.74
,2387,5100,train,3.5702,2614079,1099.74
,2388,5100,train,3.6079,2615189,1099.74
,2389,5100,train,3.6338,2616276,1099.74
,2390,5100,train,3.5772,2617367,1099.73
,2391,5100,train,3.6532,2618459,1099.73
,2392,5100,train,3.5940,2619567,1099.73
,2393,5100,train,3.6727,2620657,1099.73
,2394,5100,train,3.5821,2621752,1099.73
,2395,5100,train,3.4511,2622838,1099.72
,2396,5100,train,3.4594,2623946,1099.73
,2397,5100,train,3.6203,2625035,1099.72
,2398,5100,train,3.5704,2626130,1099.72
,2399,5100,train,3.7810,2627226,1099.72
,2400,5100,train,4.2534,2628368,1099.74
,2401,5100,train,3.8278,2629456,1099.73
,2402,5100,train,3.6454,2630550,1099.73
,2403,5100,train,3.5825,2631649,1099.73
,2404,5100,train,3.5567,2632756,1099.73
,2405,5100,train,3.5605,2633845,1099.73
,2406,5100,train,3.6047,2634936,1099.72
,2407,5100,train,3.6906,2636028,1099.72
,2408,5100,train,3.6771,2637137,1099.72
,2409,5100,train,3.5964,2638222,1099.72
,2410,5100,train,3.5622,2639314,1099.71
,2411,5100,train,3.6027,2640403,1099.71
,2412,5100,train,3.5760,2641513,1099.71
,2413,5100,train,3.6412,2642599,1099.71
,2414,5100,train,3.5426,2643690,1099.70
,2415,5100,train,3.5265,2644779,1099.70
,2416,5100,train,3.5806,2645888,1099.70
,2417,5100,train,3.5099,2646979,1099.70
,2418,5100,train,3.7138,2648071,1099.70
,2419,5100,train,3.5553,2649161,1099.69
,2420,5100,train,3.5892,2650277,1099.70
,2421,5100,train,3.7236,2651361,1099.69
,2422,5100,train,3.7080,2652453,1099.69
,2423,5100,train,3.5248,2653538,1099.68
,2424,5100,train,3.6137,2654649,1099.69
,2425,5100,train,3.5411,2655738,1099.68
,2426,5100,train,3.7126,2656829,1099.68
,2427,5100,train,3.6241,2657919,1099.68
,2428,5100,train,3.6956,2659036,1099.68
,2429,5100,train,3.6587,2660125,1099.68
,2430,5100,train,3.6873,2661215,1099.68
,2431,5100,train,3.5729,2662305,1099.67
,2432,5100,train,3.5474,2663417,1099.68
,2433,5100,train,3.4863,2664506,1099.67
,2434,5100,train,3.6248,2665596,1099.67
,2435,5100,train,3.6725,2666692,1099.67
,2436,5100,train,3.5008,2667799,1099.67
,2437,5100,train,3.8187,2668884,1099.66
,2438,5100,train,3.6917,2669975,1099.66
,2439,5100,train,3.6013,2671071,1099.66
,2440,5100,train,3.6834,2672214,1099.68
,2441,5100,train,3.6039,2673306,1099.67
,2442,5100,train,3.6230,2674398,1099.67
,2443,5100,train,3.4707,2675494,1099.67
,2444,5100,train,3.6899,2676625,1099.68
,2445,5100,train,3.6281,2677716,1099.68
,2446,5100,train,3.6412,2678804,1099.67
,2447,5100,train,3.6757,2679895,1099.67
,2448,5100,train,3.7102,2681002,1099.67
,2449,5100,train,3.5170,2682094,1099.67
,2450,5100,train,3.5976,2683183,1099.67
,2451,5100,train,3.7298,2684274,1099.66
,2452,5100,train,3.6904,2685384,1099.67
,2453,5100,train,3.5160,2686472,1099.66
,2454,5100,train,3.6406,2687560,1099.66
,2455,5100,train,3.5962,2688653,1099.65
,2456,5100,train,3.6659,2689764,1099.66
,2457,5100,train,3.7191,2690856,1099.66
,2458,5100,train,3.6798,2691955,1099.65
,2459,5100,train,3.7739,2693044,1099.65
,2460,5100,train,3.6738,2694154,1099.65
,2461,5100,train,3.5563,2695243,1099.65
,2462,5100,train,3.6318,2696334,1099.65
,2463,5100,train,3.6768,2697432,1099.65
,2464,5100,train,3.7051,2698549,1099.65
,2465,5100,train,3.7249,2699640,1099.65
,2466,5100,train,3.5426,2700730,1099.65
,2467,5100,train,3.6003,2701820,1099.64
,2468,5100,train,3.6460,2702936,1099.65
,2469,5100,train,3.5937,2704029,1099.65
,2470,5100,train,3.6033,2705119,1099.64
,2471,5100,train,3.7790,2706216,1099.64
,2472,5100,train,3.6949,2707350,1099.65
,2473,5100,train,3.5488,2708440,1099.65
,2474,5100,train,3.6022,2709537,1099.65
,2475,5100,train,3.6349,2710635,1099.65
,2476,5100,train,3.6266,2711787,1099.67
,2477,5100,train,3.6076,2712877,1099.67
,2478,5100,train,3.6370,2713975,1099.67
,2479,5100,train,3.7706,2715456,1099.82
,2480,5100,train,3.5632,2716609,1099.84
,2481,5100,train,3.5782,2717700,1099.84
,2482,5100,train,3.6693,2718797,1099.84
,2483,5100,train,3.6532,2719892,1099.84
,2484,5100,train,3.7654,2721000,1099.84
,2485,5100,train,3.6638,2722092,1099.84
,2486,5100,train,3.6079,2723179,1099.83
,2487,5100,train,3.6846,2724270,1099.83
,2488,5100,train,3.6135,2725379,1099.83
,2489,5100,train,3.5240,2726472,1099.83
,2490,5100,train,3.6451,2727563,1099.82
,2491,5100,train,3.7290,2728654,1099.82
,2492,5100,train,3.7028,2729761,1099.82
,2493,5100,train,3.6997,2730852,1099.82
,2494,5100,train,3.6363,2731941,1099.82
,2495,5100,train,3.6194,2733033,1099.81
,2496,5100,train,3.6677,2734137,1099.81
,2497,5100,train,3.7090,2735227,1099.81
,2498,5100,train,3.5691,2736316,1099.81
,2499,5100,train,3.6527,2737408,1099.80
,2500,5100,train,3.6221,2738515,1099.81
,2500,5100,val,3.6317,2738516,1099.81
,2501,5100,train,3.7297,2739605,1099.80
,2502,5100,train,3.5896,2740700,1099.80
,2503,5100,train,3.6032,2741791,1099.80
,2504,5100,train,3.6600,2742899,1099.80
,2505,5100,train,3.6624,2743987,1099.79
,2506,5100,train,3.6344,2745083,1099.79
,2507,5100,train,3.6429,2746174,1099.79
,2508,5100,train,3.7061,2747312,1099.80
,2509,5100,train,3.6631,2748403,1099.80
,2510,5100,train,3.5666,2749493,1099.80
,2511,5100,train,3.5976,2750585,1099.79
,2512,5100,train,3.8257,2751694,1099.80
,2513,5100,train,3.6723,2752785,1099.79
,2514,5100,train,3.6640,2753879,1099.79
,2515,5100,train,3.8819,2754967,1099.79
,2516,5100,train,3.6138,2756077,1099.79
,2517,5100,train,3.5265,2757165,1099.79
,2518,5100,train,3.6187,2758250,1099.78
,2519,5100,train,3.5338,2759337,1099.78
,2520,5100,train,3.6197,2760443,1099.78
,2521,5100,train,3.6525,2761529,1099.77
,2522,5100,train,3.5898,2762620,1099.77
,2523,5100,train,3.6294,2763706,1099.76
,2524,5100,train,3.7719,2764817,1099.77
,2525,5100,train,3.5168,2765906,1099.76
,2526,5100,train,3.5745,2766998,1099.76
,2527,5100,train,3.5669,2768086,1099.76
,2528,5100,train,3.6573,2769197,1099.76
,2529,5100,train,3.6292,2770286,1099.76
,2530,5100,train,3.6496,2771380,1099.75
,2531,5100,train,3.5321,2772466,1099.75
,2532,5100,train,3.5468,2773576,1099.75
,2533,5100,train,3.7178,2774666,1099.75
,2534,5100,train,3.5667,2775749,1099.74
,2535,5100,train,3.8868,2776842,1099.74
,2536,5100,train,3.5858,2777958,1099.75
,2537,5100,train,3.5447,2779048,1099.74
,2538,5100,train,3.5827,2780143,1099.74
,2539,5100,train,3.6505,2781232,1099.74
,2540,5100,train,3.4641,2782352,1099.74
,2541,5100,train,3.4704,2783442,1099.74
,2542,5100,train,3.6750,2784532,1099.74
,2543,5100,train,3.2975,2785624,1099.73
,2544,5100,train,3.4770,2786773,1099.75
,2545,5100,train,3.6269,2787865,1099.75
,2546,5100,train,3.6913,2788962,1099.75
,2547,5100,train,3.8474,2790054,1099.75
,2548,5100,train,3.6575,2791178,1099.76
,2549,5100,train,3.7735,2792268,1099.75
,2550,5100,train,3.6132,2793361,1099.75
,2551,5100,train,3.6401,2794450,1099.74
,2552,5100,train,3.6671,2795561,1099.75
,2553,5100,train,3.6136,2796649,1099.74
,2554,5100,train,3.7050,2797743,1099.74
,2555,5100,train,3.4821,2798838,1099.74
,2556,5100,train,3.6561,2799944,1099.74
,2557,5100,train,3.5888,2801033,1099.74
,2558,5100,train,3.5868,2802124,1099.73
,2559,5100,train,3.6143,2803216,1099.73
,2560,5100,train,3.5449,2804324,1099.73
,2561,5100,train,3.7502,2805412,1099.73
,2562,5100,train,3.9419,2806504,1099.73
,2563,5100,train,3.8852,2807598,1099.73
,2564,5100,train,3.5476,2808705,1099.73
,2565,5100,train,3.6981,2809800,1099.73
,2566,5100,train,3.6345,2810889,1099.72
,2567,5100,train,3.5757,2811982,1099.72
,2568,5100,train,3.3668,2813094,1099.72
,2569,5100,train,3.5087,2814186,1099.72
,2570,5100,train,3.5873,2815281,1099.72
,2571,5100,train,3.7128,2816368,1099.71
,2572,5100,train,3.5318,2817479,1099.72
,2573,5100,train,3.6700,2818568,1099.71
,2574,5100,train,3.6562,2819659,1099.71
,2575,5100,train,3.5042,2820750,1099.71
,2576,5100,train,3.5374,2821857,1099.71
,2577,5100,train,3.6607,2822946,1099.71
,2578,5100,train,3.6191,2824040,1099.70
,2579,5100,train,3.7610,2825127,1099.70
,2580,5100,train,3.4693,2826269,1099.72
,2581,5100,train,3.6559,2827362,1099.71
,2582,5100,train,3.5745,2828450,1099.71
,2583,5100,train,3.6005,2829546,1099.71
,2584,5100,train,3.6435,2830686,1099.72
,2585,5100,train,3.6231,2831771,1099.72
,2586,5100,train,3.5166,2832864,1099.71
,2587,5100,train,3.5332,2833948,1099.71
,2588,5100,train,3.5251,2835058,1099.71
,2589,5100,train,3.5379,2836147,1099.71
,2590,5100,train,3.6109,2837239,1099.71
,2591,5100,train,3.4816,2838329,1099.70
,2592,5100,train,3.6664,2839438,1099.70
,2593,5100,train,3.6592,2840528,1099.70
,2594,5100,train,3.6854,2841619,1099.70
,2595,5100,train,3.5664,2842712,1099.70
,2596,5100,train,3.8166,2843821,1099.70
,2597,5100,train,3.5727,2844907,1099.69
,2598,5100,train,3.6832,2846000,1099.69
,2599,5100,train,3.6296,2847086,1099.69
,2600,5100,train,3.6528,2848195,1099.69
,2601,5100,train,3.5059,2849286,1099.69
,2602,5100,train,3.6656,2850379,1099.68
,2603,5100,train,3.5575,2851466,1099.68
,2604,5100,train,3.6636,2852579,1099.68
,2605,5100,train,3.5764,2853666,1099.68
,2606,5100,train,3.5607,2854758,1099.68
,2607,5100,train,3.4777,2855845,1099.67
,2608,5100,train,3.6290,2856952,1099.67
,2609,5100,train,3.5272,2858042,1099.67
,2610,5100,train,3.6199,2859128,1099.66
,2611,5100,train,3.6326,2860220,1099.66
,2612,5100,train,3.6908,2861327,1099.66
,2613,5100,train,3.7002,2862418,1099.66
,2614,5100,train,3.5432,2863506,1099.66
,2615,5100,train,3.5040,2864599,1099.65
,2616,5100,train,3.5616,2865743,1099.67
,2617,5100,train,3.4758,2866830,1099.67
,2618,5100,train,3.6260,2867925,1099.66
,2619,5100,train,3.5817,2869024,1099.66
,2620,5100,train,3.6676,2870158,1099.68
,2621,5100,train,3.6110,2871246,1099.67
,2622,5100,train,3.5680,2872339,1099.67
,2623,5100,train,3.8503,2873427,1099.67
,2624,5100,train,3.7572,2874537,1099.67
,2625,5100,train,3.5017,2875624,1099.66
,2625,5100,val,3.6212,2875624,1099.67
,2626,5100,train,3.7383,2876717,1099.66
,2627,5100,train,3.7204,2877807,1099.66
,2628,5100,train,3.6543,2878917,1099.66
,2629,5100,train,3.7129,2880005,1099.66
,2630,5100,train,3.5588,2881093,1099.65
,2631,5100,train,3.6700,2882184,1099.65
,2632,5100,train,3.8834,2883292,1099.65
,2633,5100,train,3.6368,2884379,1099.65
,2634,5100,train,3.7257,2885469,1099.65
,2635,5100,train,3.6580,2886554,1099.64
,2636,5100,train,3.5726,2887659,1099.64
,2637,5100,train,3.7870,2888744,1099.64
,2638,5100,train,3.7960,2889829,1099.63
,2639,5100,train,3.5512,2890919,1099.63
,2640,5100,train,3.5224,2892025,1099.63
,2641,5100,train,3.6933,2893114,1099.63
,2642,5100,train,3.7570,2894205,1099.62
,2643,5100,train,3.6461,2895292,1099.62
,2644,5100,train,3.8762,2896448,1099.64
,2645,5100,train,3.6703,2897532,1099.63
,2646,5100,train,3.6004,2898627,1099.63
,2647,5100,train,3.5984,2899720,1099.63
,2648,5100,train,3.6770,2900874,1099.65
,2649,5100,train,3.5650,2901965,1099.65
,2650,5100,train,3.6491,2903050,1099.64
,2651,5100,train,3.7126,2904143,1099.64
,2652,5100,train,3.6950,2905247,1099.64
,2653,5100,train,3.7337,2906330,1099.63
,2654,5100,train,3.5445,2907422,1099.63
,2655,5100,train,3.4192,2908509,1099.63
,2656,5100,train,3.6179,2909618,1099.63
,2657,5100,train,3.7595,2910707,1099.62
,2658,5100,train,3.5734,2911795,1099.62
,2659,5100,train,3.7091,2912885,1099.62
,2660,5100,train,3.6108,2913987,1099.62
,2661,5100,train,3.7488,2915076,1099.61
,2662,5100,train,3.5686,2916162,1099.61
,2663,5100,train,3.5892,2917248,1099.60
,2664,5100,train,3.6034,2918355,1099.61
,2665,5100,train,3.6029,2919442,1099.60
,2666,5100,train,3.5540,2920527,1099.60
,2667,5100,train,3.7503,2921616,1099.59
,2668,5100,train,3.7855,2922723,1099.59
,2669,5100,train,3.5109,2923918,1099.63
,2670,5100,train,3.5980,2925002,1099.62
,2671,5100,train,3.6553,2926087,1099.62
,2672,5100,train,3.5516,2927192,1099.62
,2673,5100,train,3.5814,2928284,1099.62
,2674,5100,train,3.5526,2929368,1099.61
,2675,5100,train,3.5993,2930458,1099.61
,2676,5100,train,3.6072,2931562,1099.61
,2677,5100,train,3.6219,2932648,1099.61
,2678,5100,train,3.5093,2933733,1099.60
,2679,5100,train,3.7457,2934825,1099.60
,2680,5100,train,3.6913,2935969,1099.61
,2681,5100,train,3.5360,2937053,1099.61
,2682,5100,train,3.5603,2938145,1099.61
,2683,5100,train,3.5947,2939236,1099.60
,2684,5100,train,3.8081,2940376,1099.62
,2685,5100,train,3.6289,2941460,1099.61
,2686,5100,train,3.6149,2942547,1099.61
,2687,5100,train,3.6840,2943639,1099.60
,2688,5100,train,3.4908,2944743,1099.61
,2689,5100,train,3.6469,2945829,1099.60
,2690,5100,train,3.6049,2946919,1099.60
,2691,5100,train,3.6416,2948006,1099.59
,2692,5100,train,3.7082,2949110,1099.59
,2693,5100,train,3.5861,2950196,1099.59
,2694,5100,train,3.7928,2951286,1099.58
,2695,5100,train,3.6713,2952373,1099.58
,2696,5100,train,3.4902,2953480,1099.58
,2697,5100,train,3.7797,2954565,1099.58
,2698,5100,train,3.5380,2955649,1099.57
,2699,5100,train,3.6923,2956737,1099.57
,2700,5100,train,3.6570,2957843,1099.57
,2701,5100,train,3.6462,2958929,1099.56
,2702,5100,train,3.6315,2960022,1099.56
,2703,5100,train,3.7083,2961107,1099.56
,2704,5100,train,3.5217,2962215,1099.56
,2705,5100,train,3.5993,2963304,1099.56
,2706,5100,train,3.6028,2964392,1099.55
,2707,5100,train,3.5400,2965484,1099.55
,2708,5100,train,3.7626,2966586,1099.55
,2709,5100,train,3.5804,2967673,1099.55
,2710,5100,train,3.5687,2968760,1099.54
,2711,5100,train,3.6111,2969848,1099.54
,2712,5100,train,3.7131,2970952,1099.54
,2713,5100,train,3.6581,2972040,1099.53
,2714,5100,train,3.5800,2973129,1099.53
,2715,5100,train,3.9111,2974215,1099.52
,2716,5100,train,3.5755,2975321,1099.53
,2717,5100,train,3.7088,2976408,1099.52
,2718,5100,train,3.5741,2977499,1099.52
,2719,5100,train,3.6228,2978588,1099.52
,2720,5100,train,3.4974,2979727,1099.53
,2721,5100,train,3.6857,2980812,1099.52
,2722,5100,train,3.7292,2981899,1099.52
,2723,5100,train,3.5152,2982988,1099.52
,2724,5100,train,3.5977,2984094,1099.52
,2725,5100,train,3.5565,2985187,1099.52
,2726,5100,train,3.6845,2986273,1099.51
,2727,5100,train,3.7887,2987365,1099.51
,2728,5100,train,3.6868,2988472,1099.51
,2729,5100,train,3.6497,2989562,1099.51
,2730,5100,train,3.5159,2990649,1099.50
,2731,5100,train,3.6441,2991742,1099.50
,2732,5100,train,3.7562,2992849,1099.50
,2733,5100,train,3.4811,2993940,1099.50
,2734,5100,train,3.5587,2995029,1099.50
,2735,5100,train,3.5457,2996122,1099.49
,2736,5100,train,3.5074,2997226,1099.50
,2737,5100,train,3.6591,2998309,1099.49
,2738,5100,train,3.5585,2999403,1099.49
,2739,5100,train,3.5018,3000492,1099.48
,2740,5100,train,3.5986,3001602,1099.49
,2741,5100,train,3.6278,3002690,1099.48
,2742,5100,train,3.6157,3003781,1099.48
,2743,5100,train,3.6238,3004870,1099.48
,2744,5100,train,3.7698,3005979,1099.48
,2745,5100,train,3.4700,3007067,1099.48
,2746,5100,train,3.5421,3008157,1099.47
,2747,5100,train,3.4704,3009246,1099.47
,2748,5100,train,3.6589,3010353,1099.47
,2749,5100,train,3.6305,3011441,1099.47
,2750,5100,train,3.8202,3012528,1099.46
,2750,5100,val,3.6086,3012529,1099.46
,2751,5100,train,3.6188,3013624,1099.46
,2752,5100,train,3.5248,3014756,1099.47
,2753,5100,train,3.5737,3015845,1099.47
,2754,5100,train,3.6295,3016933,1099.47
,2755,5100,train,3.9412,3018024,1099.46
,2756,5100,train,3.7572,3019127,1099.46
,2757,5100,train,3.6599,3020220,1099.46
,2758,5100,train,3.5504,3021310,1099.46
,2759,5100,train,3.6186,3022403,1099.46
,2760,5100,train,3.6523,3023512,1099.46
,2761,5100,train,3.5854,3024603,1099.46
,2762,5100,train,3.6076,3025699,1099.45
,2763,5100,train,3.6684,3026789,1099.45
,2764,5100,train,3.5727,3027899,1099.45
,2765,5100,train,3.7778,3028986,1099.45
,2766,5100,train,3.6351,3030081,1099.45
,2767,5100,train,3.5542,3031167,1099.44
,2768,5100,train,3.5287,3032278,1099.45
,2769,5100,train,3.6444,3033365,1099.44
,2770,5100,train,3.5305,3034458,1099.44
,2771,5100,train,3.8470,3035549,1099.44
,2772,5100,train,3.6781,3036659,1099.44
,2773,5100,train,3.5489,3037745,1099.44
,2774,5100,train,3.6427,3038839,1099.44
,2775,5100,train,3.7241,3039926,1099.43
,2776,5100,train,3.4446,3041035,1099.43
,2777,5100,train,3.5637,3042125,1099.43
,2778,5100,train,3.5879,3043219,1099.43
,2779,5100,train,3.5552,3044313,1099.43
,2780,5100,train,3.5391,3045420,1099.43
,2781,5100,train,3.6239,3046505,1099.42
,2782,5100,train,3.5261,3047598,1099.42
,2783,5100,train,3.5264,3048688,1099.42
,2784,5100,train,3.5537,3049837,1099.44
,2785,5100,train,3.4473,3050927,1099.43
,2786,5100,train,3.5833,3052024,1099.43
,2787,5100,train,3.4272,3053120,1099.43
,2788,5100,train,3.7001,3054257,1099.44
,2789,5100,train,3.6492,3055347,1099.44
,2790,5100,train,3.5961,3056443,1099.44
,2791,5100,train,3.6665,3057528,1099.43
,2792,5100,train,3.5968,3058641,1099.44
,2793,5100,train,3.5540,3059734,1099.44
,2794,5100,train,3.9554,3060824,1099.43
,2795,5100,train,3.5954,3061918,1099.43
,2796,5100,train,3.3561,3063023,1099.43
,2797,5100,train,3.6949,3064112,1099.43
,2798,5100,train,3.5997,3065204,1099.43
,2799,5100,train,3.6521,3066296,1099.42
,2800,5100,train,3.7570,3067403,1099.43
,2801,5100,train,3.6559,3068495,1099.42
,2802,5100,train,3.6216,3069586,1099.42
,2803,5100,train,3.5906,3070677,1099.42
,2804,5100,train,3.7887,3071782,1099.42
,2805,5100,train,3.6690,3072868,1099.42
,2806,5100,train,3.5274,3073961,1099.41
,2807,5100,train,3.5335,3075052,1099.41
,2808,5100,train,3.6482,3076162,1099.41
,2809,5100,train,3.4522,3077251,1099.41
,2810,5100,train,3.6490,3078343,1099.41
,2811,5100,train,3.7769,3079434,1099.41
,2812,5100,train,3.6242,3080542,1099.41
,2813,5100,train,3.5715,3081631,1099.40
,2814,5100,train,3.5885,3082722,1099.40
,2815,5100,train,3.6371,3083815,1099.40
,2816,5100,train,3.7154,3084922,1099.40
,2817,5100,train,3.6709,3086015,1099.40
,2818,5100,train,3.5946,3087105,1099.40
,2819,5100,train,3.4557,3088199,1099.39
,2820,5100,train,3.5483,3089343,1099.41
,2821,5100,train,3.6029,3090427,1099.40
,2822,5100,train,3.4851,3091522,1099.40
,2823,5100,train,4.2384,3092620,1099.40
,2824,5100,train,3.3799,3093735,1099.41
,2825,5100,train,3.7303,3094824,1099.40
,2826,5100,train,3.5173,3095917,1099.40
,2827,5100,train,3.6609,3097007,1099.40
,2828,5100,train,3.5840,3098114,1099.40
,2829,5100,train,3.6340,3099204,1099.40
,2830,5100,train,3.7348,3100298,1099.40
,2831,5100,train,3.5901,3101394,1099.40
,2832,5100,train,3.5501,3102504,1099.40
,2833,5100,train,3.4161,3103597,1099.40
,2834,5100,train,3.6118,3104683,1099.39
,2835,5100,train,3.7468,3105774,1099.39
,2836,5100,train,3.7913,3106881,1099.39
,2837,5100,train,3.6260,3107971,1099.39
,2838,5100,train,3.6557,3109062,1099.39
,2839,5100,train,3.5514,3110152,1099.38
,2840,5100,train,3.6189,3111259,1099.38
,2841,5100,train,3.7530,3112345,1099.38
,2842,5100,train,3.5258,3113439,1099.38
,2843,5100,train,3.4148,3114530,1099.38
,2844,5100,train,3.6454,3115642,1099.38
,2845,5100,train,3.8514,3116729,1099.38
,2846,5100,train,3.4128,3117821,1099.37
,2847,5100,train,3.7288,3118915,1099.37
,2848,5100,train,3.5512,3120021,1099.37
,2849,5100,train,3.5826,3121105,1099.37
,2850,5100,train,3.5382,3122199,1099.37
,2851,5100,train,3.6840,3123289,1099.36
,2852,5100,train,3.6191,3124398,1099.37
,2853,5100,train,3.6888,3125488,1099.36
,2854,5100,train,3.7242,3126581,1099.36
,2855,5100,train,3.6311,3127676,1099.36
,2856,5100,train,3.5308,3128839,1099.38
,2857,5100,train,3.8392,3129931,1099.38
,2858,5100,train,3.6291,3131022,1099.38
,2859,5100,train,3.7175,3132120,1099.38
,2860,5100,train,3.5736,3133507,1099.48
,2861,5100,train,3.7506,3134601,1099.47
,2862,5100,train,3.5584,3135692,1099.47
,2863,5100,train,3.5164,3136785,1099.47
,2864,5100,train,3.5392,3137895,1099.47
,2865,5100,train,3.6536,3138986,1099.47
,2866,5100,train,3.4337,3140072,1099.46
,2867,5100,train,3.7442,3141162,1099.46
,2868,5100,train,3.5264,3142270,1099.46
,2869,5100,train,3.6433,3143360,1099.46
,2870,5100,train,3.5965,3144453,1099.46
,2871,5100,train,3.6241,3145543,1099.46
,2872,5100,train,3.6505,3146700,1099.48
,2873,5100,train,3.6632,3147793,1099.47
,2874,5100,train,3.5490,3148885,1099.47
,2875,5100,train,3.6336,3149983,1099.47
,2875,5100,val,3.5888,3149983,1099.47
,2876,5100,train,3.5738,3151096,1099.48
,2877,5100,train,3.7253,3152189,1099.47
,2878,5100,train,3.7168,3153285,1099.47
,2879,5100,train,3.5148,3154373,1099.47
,2880,5100,train,3.6173,3155491,1099.47
,2881,5100,train,3.6693,3156581,1099.47
,2882,5100,train,3.6114,3157671,1099.47
,2883,5100,train,3.4926,3158767,1099.47
,2884,5100,train,3.7445,3159919,1099.48
,2885,5100,train,3.5994,3161010,1099.48
,2886,5100,train,3.6238,3162103,1099.48
,2887,5100,train,3.6305,3163197,1099.48
,2888,5100,train,3.4612,3164348,1099.50
,2889,5100,train,3.7134,3165438,1099.49
,2890,5100,train,3.7254,3166533,1099.49
,2891,5100,train,3.4271,3167624,1099.49
,2892,5100,train,3.5667,3168734,1099.49
,2893,5100,train,3.5352,3169822,1099.49
,2894,5100,train,3.4605,3170910,1099.48
,2895,5100,train,3.2682,3172002,1099.48
,2896,5100,train,3.5800,3173112,1099.48
,2897,5100,train,3.5621,3174201,1099.48
,2898,5100,train,3.4050,3175296,1099.48
,2899,5100,train,3.5976,3176389,1099.48
,2900,5100,train,3.5882,3177502,1099.48
,2901,5100,train,3.5375,3178592,1099.48
,2902,5100,train,3.5781,3179684,1099.48
,2903,5100,train,3.5538,3180773,1099.47
,2904,5100,train,3.6290,3181890,1099.48
,2905,5100,train,3.4518,3182978,1099.47
,2906,5100,train,3.4740,3184069,1099.47
,2907,5100,train,3.6522,3185162,1099.47
,2908,5100,train,3.5677,3186275,1099.47
,2909,5100,train,3.5758,3187372,1099.47
,2910,5100,train,3.7479,3188463,1099.47
,2911,5100,train,3.6696,3189551,1099.47
,2912,5100,train,3.6859,3190667,1099.47
,2913,5100,train,3.5842,3191754,1099.47
,2914,5100,train,3.8162,3192846,1099.46
,2915,5100,train,3.7115,3193939,1099.46
,2916,5100,train,3.3112,3195059,1099.47
,2917,5100,train,3.6985,3196151,1099.47
,2918,5100,train,3.7573,3197245,1099.47
,2919,5100,train,3.5585,3198344,1099.47
,2920,5100,train,3.7921,3199539,1099.50
,2921,5100,train,3.6463,3200635,1099.50
,2922,5100,train,3.4133,3201731,1099.50
,2923,5100,train,3.7460,3202827,1099.49
,2924,5100,train,3.3739,3203986,1099.51
,2925,5100,train,3.4529,3205078,1099.51
,2926,5100,train,3.7394,3206168,1099.51
,2927,5100,train,3.5605,3207260,1099.51
,2928,5100,train,3.5817,3208371,1099.51
,2929,5100,train,3.6238,3209463,1099.51
,2930,5100,train,3.7327,3210551,1099.50
,2931,5100,train,3.6298,3211642,1099.50
,2932,5100,train,3.5960,3212749,1099.50
,2933,5100,train,3.6511,3213839,1099.50
,2934,5100,train,3.6364,3214930,1099.50
,2935,5100,train,3.5932,3216023,1099.50
,2936,5100,train,3.5480,3217133,1099.50
,2937,5100,train,3.5626,3218225,1099.50
,2938,5100,train,3.6919,3219313,1099.49
,2939,5100,train,3.5343,3220408,1099.49
,2940,5100,train,3.4955,3221520,1099.49
,2941,5100,train,3.7909,3222611,1099.49
,2942,5100,train,3.6036,3223703,1099.49
,2943,5100,train,3.6191,3224793,1099.49
,2944,5100,train,3.7355,3225906,1099.49
,2945,5100,train,3.3396,3226994,1099.49
,2946,5100,train,3.5567,3228087,1099.48
,2947,5100,train,3.4704,3229176,1099.48
,2948,5100,train,3.6535,3230288,1099.49
,2949,5100,train,3.6132,3231378,1099.48
,2950,5100,train,3.5791,3232470,1099.48
,2951,5100,train,3.4908,3233565,1099.48
,2952,5100,train,3.5447,3234670,1099.48
,2953,5100,train,3.7041,3235769,1099.48
,2954,5100,train,3.6339,3236864,1099.48
,2955,5100,train,3.6012,3237949,1099.47
,2956,5100,train,3.4272,3239060,1099.48
,2957,5100,train,3.5246,3240152,1099.47
,2958,5100,train,3.5689,3241248,1099.47
,2959,5100,train,3.5715,3242348,1099.47
,2960,5100,train,3.7547,3243499,1099.49
,2961,5100,train,3.6757,3244591,1099.49
,2962,5100,train,3.5583,3245689,1099.49
,2963,5100,train,3.4852,3246782,1099.49
,2964,5100,train,3.4909,3247918,1099.50
,2965,5100,train,3.7010,3249011,1099.50
,2966,5100,train,3.5821,3250108,1099.50
,2967,5100,train,3.5177,3251196,1099.49
,2968,5100,train,3.5943,3252310,1099.50
,2969,5100,train,3.5269,3253396,1099.49
,2970,5100,train,3.5708,3254492,1099.49
,2971,5100,train,3.5838,3255591,1099.49
,2972,5100,train,3.5565,3256704,1099.49
,2973,5100,train,3.5763,3257796,1099.49
,2974,5100,train,3.5336,3258891,1099.49
,2975,5100,train,3.5813,3259990,1099.49
,2976,5100,train,3.4983,3261103,1099.50
,2977,5100,train,3.5940,3262193,1099.49
,2978,5100,train,3.6583,3263290,1099.49
,2979,5100,train,3.5631,3264386,1099.49
,2980,5100,train,3.3731,3265500,1099.50
,2981,5100,train,3.6954,3266590,1099.49
,2982,5100,train,3.5715,3267683,1099.49
,2983,5100,train,3.5592,3268774,1099.49
,2984,5100,train,3.5641,3269889,1099.49
,2985,5100,train,3.6262,3270981,1099.49
,2986,5100,train,3.5782,3272073,1099.49
,2987,5100,train,3.5206,3273169,1099.49
,2988,5100,train,3.4917,3274284,1099.49
,2989,5100,train,3.8550,3275374,1099.49
,2990,5100,train,3.5988,3276469,1099.49
,2991,5100,train,3.5822,3277568,1099.49
,2992,5100,train,3.6466,3278677,1099.49
,2993,5100,train,3.5641,3279769,1099.49
,2994,5100,train,3.4560,3280867,1099.49
,2995,5100,train,3.4092,3281967,1099.49
,2996,5100,train,3.5069,3283123,1099.51
,2997,5100,train,3.5858,3284217,1099.50
,2998,5100,train,3.6168,3285313,1099.50
,2999,5100,train,3.7074,3286411,1099.50
,3000,5100,train,3.5952,3287548,1099.51
,3000,5100,val,3.5828,3287549,1099.51
,3001,5100,train,3.6748,3288646,1099.51
,3002,5100,train,3.4469,3289745,1099.51
,3003,5100,train,3.6078,3290845,1099.51
,3004,5100,train,3.5708,3291954,1099.52
,3005,5100,train,3.7595,3293048,1099.52
,3006,5100,train,3.2900,3294146,1099.51
,3007,5100,train,3.6235,3295242,1099.51
,3008,5100,train,3.6313,3296357,1099.52
,3009,5100,train,3.5897,3297450,1099.52
,3010,5100,train,3.4668,3298548,1099.52
,3011,5100,train,3.5689,3299644,1099.51
,3012,5100,train,3.6424,3300751,1099.52
,3013,5100,train,3.5239,3301841,1099.51
,3014,5100,train,3.6047,3302930,1099.51
,3015,5100,train,3.6751,3304022,1099.51
,3016,5100,train,3.6540,3305128,1099.51
,3017,5100,train,3.7217,3306224,1099.51
,3018,5100,train,3.4434,3307312,1099.51
,3019,5100,train,3.6040,3308407,1099.50
,3020,5100,train,3.7422,3309521,1099.51
,3021,5100,train,3.4993,3310611,1099.51
,3022,5100,train,3.5184,3311705,1099.50
,3023,5100,train,3.5898,3312797,1099.50
,3024,5100,train,3.6143,3313907,1099.50
,3025,5100,train,3.6294,3315003,1099.50
,3026,5100,train,3.5461,3316096,1099.50
,3027,5100,train,3.7260,3317189,1099.50
,3028,5100,train,3.7278,3318339,1099.52
,3029,5100,train,3.4899,3319431,1099.51
,3030,5100,train,3.5641,3320530,1099.51
,3031,5100,train,3.5262,3321626,1099.51
,3032,5100,train,3.5549,3322736,1099.52
,3033,5100,train,3.4676,3323829,1099.51
,3034,5100,train,3.7177,3324925,1099.51
,3035,5100,train,3.6779,3326023,1099.51
,3036,5100,train,3.5366,3327131,1099.51
,3037,5100,train,3.5768,3328228,1099.51
,3038,5100,train,3.7695,3329321,1099.51
,3039,5100,train,3.6004,3330414,1099.51
,3040,5100,train,3.4785,3331525,1099.51
,3041,5100,train,3.5917,3332622,1099.51
,3042,5100,train,3.5562,3333718,1099.51
,3043,5100,train,3.6401,3334810,1099.51
,3044,5100,train,3.5215,3335923,1099.51
,3045,5100,train,3.5874,3337013,1099.51
,3046,5100,train,3.7740,3338109,1099.51
,3047,5100,train,3.4973,3339204,1099.51
,3048,5100,train,3.6649,3340321,1099.51
,3049,5100,train,3.6398,3341410,1099.51
,3050,5100,train,3.6041,3342615,1099.54
,3051,5100,train,3.4923,3343710,1099.54
,3052,5100,train,3.5480,3344829,1099.55
,3053,5100,train,3.5456,3345921,1099.55
,3054,5100,train,3.6133,3347012,1099.54
,3055,5100,train,3.6272,3348109,1099.54
,3056,5100,train,3.6010,3349227,1099.55
,3057,5100,train,3.7212,3350324,1099.55
,3058,5100,train,3.3830,3351417,1099.55
,3059,5100,train,3.2133,3352510,1099.54
,3060,5100,train,3.6217,3353629,1099.55
,3061,5100,train,3.5517,3354729,1099.55
,3062,5100,train,3.5413,3355828,1099.55
,3063,5100,train,3.6118,3356930,1099.55
,3064,5100,train,3.5055,3358086,1099.57
,3065,5100,train,3.6681,3359177,1099.57
,3066,5100,train,3.6637,3360275,1099.57
,3067,5100,train,3.6132,3361372,1099.57
,3068,5100,train,3.5737,3362488,1099.57
,3069,5100,train,3.5406,3363584,1099.57
,3070,5100,train,3.6566,3364675,1099.57
,3071,5100,train,3.6199,3365771,1099.57
,3072,5100,train,3.5328,3366887,1099.57
,3073,5100,train,3.5145,3367980,1099.57
,3074,5100,train,3.5887,3369075,1099.57
,3075,5100,train,3.5766,3370170,1099.57
,3076,5100,train,3.5455,3371282,1099.57
,3077,5100,train,3.5487,3372371,1099.57
,3078,5100,train,3.6808,3373466,1099.57
,3079,5100,train,3.5368,3374556,1099.56
,3080,5100,train,3.3772,3375666,1099.57
,3081,5100,train,3.5866,3376759,1099.56
,3082,5100,train,3.6303,3377850,1099.56
,3083,5100,train,3.4369,3378940,1099.56
,3084,5100,train,3.5869,3380046,1099.56
,3085,5100,train,3.5102,3381138,1099.56
,3086,5100,train,3.5307,3382230,1099.55
,3087,5100,train,3.5998,3383328,1099.55
,3088,5100,train,3.5587,3384471,1099.57
,3089,5100,train,3.5238,3385555,1099.56
,3090,5100,train,4.0567,3386648,1099.56
,3091,5100,train,3.5252,3387746,1099.56
,3092,5100,train,3.6285,3388854,1099.56
,3093,5100,train,3.5381,3389947,1099.56
,3094,5100,train,3.5130,3391037,1099.56
,3095,5100,train,3.5614,3392129,1099.56
,3096,5100,train,3.7674,3393236,1099.56
,3097,5100,train,3.5006,3394329,1099.56
,3098,5100,train,3.5559,3395422,1099.55
,3099,5100,train,3.4156,3396513,1099.55
,3100,5100,train,3.3193,3397661,1099.57
,3101,5100,train,3.5402,3398754,1099.56
,3102,5100,train,3.4898,3399853,1099.56
,3103,5100,train,3.8273,3400947,1099.56
,3104,5100,train,3.5150,3402055,1099.57
,3105,5100,train,3.4196,3403147,1099.56
,3106,5100,train,3.6340,3404234,1099.56
,3107,5100,train,3.5308,3405326,1099.56
,3108,5100,train,3.5796,3406429,1099.56
,3109,5100,train,3.6495,3407518,1099.55
,3110,5100,train,3.5278,3408607,1099.55
,3111,5100,train,3.5476,3409697,1099.55
,3112,5100,train,3.6504,3410805,1099.55
,3113,5100,train,3.5512,3411897,1099.55
,3114,5100,train,3.5513,3412990,1099.55
,3115,5100,train,3.6418,3414079,1099.54
,3116,5100,train,3.5484,3415187,1099.54
,3117,5100,train,3.6359,3416273,1099.54
,3118,5100,train,3.6272,3417365,1099.54
,3119,5100,train,3.3857,3418453,1099.53
,3120,5100,train,3.5670,3419564,1099.54
,3121,5100,train,3.6195,3420651,1099.53
,3122,5100,train,3.5926,3421738,1099.53
,3123,5100,train,3.6002,3422828,1099.53
,3124,5100,train,3.5574,3423934,1099.53
,3125,5100,train,3.6030,3425026,1099.53
,3125,5100,val,3.5797,3425026,1099.53
,3126,5100,train,3.5074,3426119,1099.52
,3127,5100,train,3.5476,3427209,1099.52
,3128,5100,train,3.5159,3428358,1099.54
,3129,5100,train,3.5517,3429445,1099.53
,3130,5100,train,3.5498,3430535,1099.53
,3131,5100,train,3.5340,3431626,1099.53
,3132,5100,train,3.6603,3432754,1099.54
,3133,5100,train,3.6030,3433846,1099.53
,3134,5100,train,3.5724,3434940,1099.53
,3135,5100,train,3.6137,3436027,1099.53
,3136,5100,train,3.5545,3437138,1099.53
,3137,5100,train,3.6520,3438225,1099.53
,3138,5100,train,3.5117,3439310,1099.52
,3139,5100,train,3.6122,3440403,1099.52
,3140,5100,train,3.5676,3441515,1099.53
,3141,5100,train,3.5741,3442605,1099.52
,3142,5100,train,3.8064,3443699,1099.52
,3143,5100,train,3.4687,3444791,1099.52
,3144,5100,train,3.7460,3445900,1099.52
,3145,5100,train,3.5438,3446991,1099.52
,3146,5100,train,3.4876,3448082,1099.52
,3147,5100,train,3.6247,3449173,1099.51
,3148,5100,train,3.4763,3450283,1099.52
,3149,5100,train,3.5530,3451368,1099.51
,3150,5100,train,3.4888,3452459,1099.51
,3151,5100,train,3.5841,3453546,1099.51
,3152,5100,train,3.4840,3454656,1099.51
,3153,5100,train,3.5559,3455746,1099.51
,3154,5100,train,3.4166,3456835,1099.50
,3155,5100,train,3.3693,3457923,1099.50
,3156,5100,train,3.4614,3459036,1099.50
,3157,5100,train,3.6130,3460125,1099.50
,3158,5100,train,3.5675,3461213,1099.50
,3159,5100,train,3.5381,3462303,1099.49
,3160,5100,train,3.6299,3463413,1099.50
,3161,5100,train,3.5091,3464501,1099.49
,3162,5100,train,3.4371,3465593,1099.49
,3163,5100,train,3.6346,3466683,1099.49
,3164,5100,train,3.6226,3467826,1099.50
,3165,5100,train,3.5733,3468914,1099.50
,3166,5100,train,3.5950,3470007,1099.50
,3167,5100,train,3.3789,3471103,1099.49
,3168,5100,train,3.6713,3472254,1099.51
,3169,5100,train,3.3826,3473345,1099.51
,3170,5100,train,3.6649,3474430,1099.50
,3171,5100,train,3.3850,3475523,1099.50
,3172,5100,train,3.6151,3476635,1099.51
,3173,5100,train,3.5744,3477724,1099.50
,3174,5100,train,3.5766,3478810,1099.50
,3175,5100,train,3.4858,3479903,1099.50
,3176,5100,train,3.5951,3481012,1099.50
,3177,5100,train,3.6954,3482100,1099.49
,3178,5100,train,3.5574,3483187,1099.49
,3179,5100,train,3.5686,3484279,1099.49
,3180,5100,train,3.4999,3485384,1099.49
,3181,5100,train,3.5855,3486471,1099.49
,3182,5100,train,3.4623,3487564,1099.48
,3183,5100,train,3.6774,3488650,1099.48
,3184,5100,train,3.5667,3489758,1099.48
,3185,5100,train,3.5450,3490845,1099.48
,3186,5100,train,3.6488,3491937,1099.48
,3187,5100,train,3.4933,3493027,1099.47
,3188,5100,train,3.5406,3494134,1099.48
,3189,5100,train,3.5852,3495222,1099.47
,3190,5100,train,3.2873,3496314,1099.47
,3191,5100,train,3.5290,3497402,1099.47
,3192,5100,train,3.5876,3498512,1099.47
,3193,5100,train,3.4987,3499601,1099.47
,3194,5100,train,3.5411,3500689,1099.46
,3195,5100,train,3.5052,3501781,1099.46
,3196,5100,train,3.6998,3502888,1099.46
,3197,5100,train,3.4725,3503979,1099.46
,3198,5100,train,3.6342,3505066,1099.46
,3199,5100,train,3.4749,3506157,1099.45
,3200,5100,train,3.6431,3507298,1099.47
,3201,5100,train,3.6071,3508388,1099.46
,3202,5100,train,3.5300,3509480,1099.46
,3203,5100,train,3.4727,3510569,1099.46
,3204,5100,train,3.5705,3511709,1099.47
,3205,5100,train,3.6667,3512793,1099.47
,3206,5100,train,3.5952,3513885,1099.46
,3207,5100,train,3.5901,3514977,1099.46
,3208,5100,train,3.9657,3516085,1099.46
,3209,5100,train,3.7335,3517175,1099.46
,3210,5100,train,3.7756,3518263,1099.46
,3211,5100,train,3.5958,3519357,1099.46
,3212,5100,train,3.5751,3520462,1099.46
,3213,5100,train,3.5685,3521549,1099.45
,3214,5100,train,3.5462,3522639,1099.45
,3215,5100,train,3.4907,3523727,1099.45
,3216,5100,train,3.5895,3524835,1099.45
,3217,5100,train,3.5855,3525923,1099.45
,3218,5100,train,3.5029,3527014,1099.44
,3219,5100,train,3.5644,3528104,1099.44
,3220,5100,train,3.6033,3529210,1099.44
,3221,5100,train,3.7973,3530300,1099.44
,3222,5100,train,3.6125,3531388,1099.44
,3223,5100,train,3.2221,3532481,1099.43
,3224,5100,train,3.4623,3533591,1099.44
,3225,5100,train,3.4740,3534683,1099.43
,3226,5100,train,3.4963,3535773,1099.43
,3227,5100,train,3.4555,3536863,1099.43
,3228,5100,train,3.4976,3537966,1099.43
,3229,5100,train,3.4594,3539050,1099.43
,3230,5100,train,3.6511,3540141,1099.42
,3231,5100,train,3.5932,3541227,1099.42
,3232,5100,train,3.5047,3542335,1099.42
,3233,5100,train,3.5781,3543424,1099.42
,3234,5100,train,3.6411,3544513,1099.41
,3235,5100,train,3.5289,3545601,1099.41
,3236,5100,train,3.5606,3546747,1099.43
,3237,5100,train,3.5721,3547834,1099.42
,3238,5100,train,3.5065,3548926,1099.42
,3239,5100,train,3.6328,3550019,1099.42
,3240,5100,train,3.5317,3551157,1099.43
,3241,5100,train,3.5048,3552522,1099.51
,3242,5100,train,3.4897,3553612,1099.51
,3243,5100,train,3.5822,3554705,1099.51
,3244,5100,train,3.6111,3555810,1099.51
,3245,5100,train,3.5869,3556898,1099.50
,3246,5100,train,3.5780,3557985,1099.50
,3247,5100,train,3.4042,3559076,1099.50
,3248,5100,train,3.6033,3560182,1099.50
,3249,5100,train,3.4994,3561267,1099.50
,3250,5100,train,3.6299,3562363,1099.49
,3250,5100,val,3.5683,3562363,1099.49
,3251,5100,train,3.6379,3563455,1099.49
,3252,5100,train,3.6055,3564563,1099.49
,3253,5100,train,3.5175,3565652,1099.49
,3254,5100,train,3.4903,3566739,1099.49
,3255,5100,train,3.5406,3567830,1099.49
,3256,5100,train,3.5630,3568937,1099.49
,3257,5100,train,3.5618,3570030,1099.49
,3258,5100,train,3.3906,3571116,1099.48
,3259,5100,train,4.0661,3572209,1099.48
,3260,5100,train,3.5234,3573313,1099.48
,3261,5100,train,3.5598,3574407,1099.48
,3262,5100,train,3.4146,3575493,1099.48
,3263,5100,train,3.5623,3576579,1099.47
,3264,5100,train,3.4852,3577729,1099.49
,3265,5100,train,3.6086,3578817,1099.48
,3266,5100,train,3.6716,3579909,1099.48
,3267,5100,train,3.5426,3581006,1099.48
,3268,5100,train,3.5503,3582152,1099.49
,3269,5100,train,3.5121,3583239,1099.49
,3270,5100,train,3.5404,3584332,1099.49
,3271,5100,train,3.5273,3585423,1099.49
,3272,5100,train,3.6897,3586530,1099.49
,3273,5100,train,3.5804,3587616,1099.48
,3274,5100,train,3.5962,3588710,1099.48
,3275,5100,train,3.4260,3589797,1099.48
,3276,5100,train,3.7214,3590907,1099.48
,3277,5100,train,3.7073,3591996,1099.48
,3278,5100,train,3.3896,3593088,1099.48
,3279,5100,train,3.4978,3594179,1099.47
,3280,5100,train,3.5192,3595288,1099.48
,3281,5100,train,3.9702,3596375,1099.47
,3282,5100,train,3.4811,3597465,1099.47
,3283,5100,train,3.5568,3598554,1099.47
,3284,5100,train,3.4352,3599662,1099.47
,3285,5100,train,3.4619,3600754,1099.47
,3286,5100,train,3.4886,3601837,1099.46
,3287,5100,train,3.5726,3602931,1099.46
,3288,5100,train,3.5536,3604044,1099.46
,3289,5100,train,3.6031,3605131,1099.46
,3290,5100,train,3.5192,3606221,1099.46
,3291,5100,train,3.6292,3607310,1099.45
,3292,5100,train,3.5236,3608416,1099.46
,3293,5100,train,3.5751,3609508,1099.45
,3294,5100,train,3.3960,3610595,1099.45
,3295,5100,train,3.6733,3611686,1099.45
,3296,5100,train,3.5706,3612792,1099.45
,3297,5100,train,3.6025,3613876,1099.44
,3298,5100,train,3.5782,3614968,1099.44
,3299,5100,train,3.4482,3616053,1099.44
,3300,5100,train,3.4633,3617204,1099.45
,3301,5100,train,3.6754,3618290,1099.45
,3302,5100,train,3.4057,3619380,1099.45
,3303,5100,train,3.5113,3620472,1099.44
,3304,5100,train,3.4679,3621612,1099.46
,3305,5100,train,3.4879,3622699,1099.45
,3306,5100,train,3.6057,3623792,1099.45
,3307,5100,train,3.5773,3624890,1099.45
,3308,5100,train,3.4519,3625994,1099.45
,3309,5100,train,3.4890,3627077,1099.45
,3310,5100,train,3.6360,3628166,1099.44
,3311,5100,train,3.4789,3629255,1099.44
,3312,5100,train,3.5789,3630364,1099.44
,3313,5100,train,3.5971,3631453,1099.44
,3314,5100,train,3.5762,3632543,1099.44
,3315,5100,train,3.5666,3633632,1099.43
,3316,5100,train,3.4450,3634741,1099.44
,3317,5100,train,3.4561,3635824,1099.43
,3318,5100,train,3.5588,3636912,1099.43
,3319,5100,train,3.6581,3638002,1099.43
,3320,5100,train,3.6509,3639110,1099.43
,3321,5100,train,3.4810,3640194,1099.42
,3322,5100,train,4.0394,3641279,1099.42
,3323,5100,train,3.6170,3642371,1099.42
,3324,5100,train,3.6210,3643478,1099.42
,3325,5100,train,3.5985,3644569,1099.42
,3326,5100,train,3.6760,3645656,1099.41
,3327,5100,train,3.4728,3646748,1099.41
,3328,5100,train,3.4823,3647855,1099.41
,3329,5100,train,3.5114,3648942,1099.41
,3330,5100,train,3.5153,3650032,1099.41
,3331,5100,train,3.4963,3651122,1099.40
,3332,5100,train,3.4783,3652229,1099.41
,3333,5100,train,3.6435,3653317,1099.40
,3334,5100,train,3.6249,3654404,1099.40
,3335,5100,train,3.5652,3655491,1099.40
,3336,5100,train,3.5058,3656601,1099.40
,3337,5100,train,3.5734,3657692,1099.40
,3338,5100,train,3.5070,3658784,1099.39
,3339,5100,train,3.5060,3659875,1099.39
,3340,5100,train,3.6429,3661032,1099.41
,3341,5100,train,3.5070,3662118,1099.41
,3342,5100,train,3.4485,3663213,1099.40
,3343,5100,train,3.4273,3664310,1099.40
,3344,5100,train,3.6313,3665450,1099.42
,3345,5100,train,3.5843,3666540,1099.41
,3346,5100,train,3.5455,3667631,1099.41
,3347,5100,train,3.6199,3668715,1099.41
,3348,5100,train,3.4415,3669824,1099.41
,3349,5100,train,3.6598,3670915,1099.41
,3350,5100,train,3.6673,3672009,1099.40
,3351,5100,train,3.4553,3673100,1099.40
,3352,5100,train,3.4908,3674209,1099.40
,3353,5100,train,3.5156,3675295,1099.40
,3354,5100,train,4.0014,3676387,1099.40
,3355,5100,train,3.6584,3677476,1099.40
,3356,5100,train,3.6627,3678583,1099.40
,3357,5100,train,3.5162,3679673,1099.39
,3358,5100,train,3.6540,3680762,1099.39
,3359,5100,train,3.3397,3681854,1099.39
,3360,5100,train,3.5348,3682962,1099.39
,3361,5100,train,3.4701,3684052,1099.39
,3362,5100,train,3.5646,3685137,1099.38
,3363,5100,train,3.4801,3686227,1099.38
,3364,5100,train,3.3609,3687336,1099.38
,3365,5100,train,3.4944,3688424,1099.38
,3366,5100,train,3.5838,3689514,1099.38
,3367,5100,train,3.5728,3690605,1099.38
,3368,5100,train,3.6576,3691715,1099.38
,3369,5100,train,3.4876,3692809,1099.38
,3370,5100,train,3.5297,3693895,1099.37
,3371,5100,train,3.5369,3694987,1099.37
,3372,5100,train,3.4029,3696092,1099.37
,3373,5100,train,3.5927,3697180,1099.37
,3374,5100,train,3.4127,3698272,1099.37
,3375,5100,train,3.5883,3699367,1099.37
,3375,5100,val,3.5539,3699368,1099.37
,3376,5100,train,3.5391,3700477,1099.37
,3377,5100,train,3.5985,3701571,1099.37
,3378,5100,train,3.5889,3702662,1099.37
,3379,5100,train,3.4783,3703750,1099.36
,3380,5100,train,3.6178,3704856,1099.36
,3381,5100,train,3.4085,3705946,1099.36
,3382,5100,train,3.5419,3707036,1099.36
,3383,5100,train,3.5403,3708128,1099.36
,3384,5100,train,3.5243,3709235,1099.36
,3385,5100,train,3.5341,3710318,1099.35
,3386,5100,train,3.6154,3711409,1099.35
,3387,5100,train,3.9991,3712497,1099.35
,3388,5100,train,3.6563,3713612,1099.35
,3389,5100,train,3.5112,3714702,1099.35
,3390,5100,train,3.4533,3715793,1099.35
,3391,5100,train,3.4904,3716890,1099.35
,3392,5100,train,3.5188,3718008,1099.35
,3393,5100,train,3.5429,3719097,1099.35
,3394,5100,train,3.4775,3720189,1099.35
,3395,5100,train,3.6491,3721278,1099.34
,3396,5100,train,3.5620,3722392,1099.35
,3397,5100,train,3.6127,3723481,1099.34
,3398,5100,train,3.5215,3724573,1099.34
,3399,5100,train,3.5089,3725659,1099.34
,3400,5100,train,3.4990,3726769,1099.34
,3401,5100,train,3.4842,3727857,1099.34
,3402,5100,train,3.5199,3728949,1099.34
,3403,5100,train,3.5006,3730036,1099.33
,3404,5100,train,3.6006,3731149,1099.34
,3405,5100,train,3.5547,3732238,1099.33
,3406,5100,train,3.4615,3733332,1099.33
,3407,5100,train,3.5686,3734432,1099.33
,3408,5100,train,3.4592,3735565,1099.34
,3409,5100,train,3.6236,3736656,1099.34
,3410,5100,train,3.4855,3737745,1099.34
,3411,5100,train,3.5168,3738837,1099.33
,3412,5100,train,3.5942,3739950,1099.34
,3413,5100,train,3.4019,3741037,1099.34
,3414,5100,train,3.5011,3742128,1099.33
,3415,5100,train,3.4845,3743217,1099.33
,3416,5100,train,3.6282,3744329,1099.33
,3417,5100,train,3.5016,3745417,1099.33
,3418,5100,train,3.6467,3746511,1099.33
,3419,5100,train,3.6217,3747601,1099.33
,3420,5100,train,3.7477,3748710,1099.33
,3421,5100,train,3.5464,3749797,1099.32
,3422,5100,train,3.5564,3750887,1099.32
,3423,5100,train,3.5149,3751976,1099.32
,3424,5100,train,3.4610,3753087,1099.32
,3425,5100,train,3.5824,3754176,1099.32
,3426,5100,train,3.6100,3755265,1099.32
,3427,5100,train,3.5243,3756356,1099.31
,3428,5100,train,3.5697,3757469,1099.32
,3429,5100,train,3.4518,3758556,1099.31
,3430,5100,train,4.0259,3759643,1099.31
,3431,5100,train,3.7275,3760735,1099.31
,3432,5100,train,3.4494,3761932,1099.34
,3433,5100,train,3.5240,3763022,1099.33
,3434,5100,train,3.5478,3764113,1099.33
,3435,5100,train,3.3948,3765206,1099.33
,3436,5100,train,3.5234,3766313,1099.33
,3437,5100,train,3.5496,3767403,1099.33
,3438,5100,train,3.6462,3768495,1099.33
,3439,5100,train,3.4012,3769588,1099.33
,3440,5100,train,3.5349,3770695,1099.33
,3441,5100,train,3.4941,3771786,1099.33
,3442,5100,train,3.6394,3772876,1099.32
,3443,5100,train,3.4516,3773970,1099.32
,3444,5100,train,3.5863,3775105,1099.33
,3445,5100,train,3.5867,3776199,1099.33
,3446,5100,train,3.5805,3777290,1099.33
,3447,5100,train,3.4758,3778378,1099.32
,3448,5100,train,3.4518,3779491,1099.33
,3449,5100,train,3.7347,3780576,1099.32
,3450,5100,train,3.4498,3781671,1099.32
,3451,5100,train,3.6998,3782758,1099.32
,3452,5100,train,3.9396,3783866,1099.32
,3453,5100,train,3.4256,3784955,1099.32
,3454,5100,train,3.5191,3786045,1099.32
,3455,5100,train,3.6741,3787135,1099.31
,3456,5100,train,3.5762,3788239,1099.31
,3457,5100,train,3.5674,3789327,1099.31
,3458,5100,train,3.6173,3790415,1099.31
,3459,5100,train,3.5160,3791500,1099.30
,3460,5100,train,3.8371,3792609,1099.31
,3461,5100,train,3.6681,3793696,1099.30
,3462,5100,train,3.7020,3794785,1099.30
,3463,5100,train,3.6023,3795875,1099.30
,3464,5100,train,3.5106,3796985,1099.30
,3465,5100,train,3.5503,3798073,1099.30
,3466,5100,train,3.7087,3799164,1099.30
,3467,5100,train,3.6349,3800254,1099.29
,3468,5100,train,3.7679,3801360,1099.29
,3469,5100,train,3.5667,3802446,1099.29
,3470,5100,train,3.6510,3803534,1099.29
,3471,5100,train,3.4793,3804623,1099.28
,3472,5100,train,3.6518,3805728,1099.29
,3473,5100,train,3.5421,3806814,1099.28
,3474,5100,train,3.5793,3807897,1099.28
,3475,5100,train,3.4840,3808989,1099.28
,3476,5100,train,3.3487,3810103,1099.28
,3477,5100,train,3.4945,3811192,1099.28
,3478,5100,train,3.4524,3812279,1099.27
,3479,5100,train,3.5483,3813374,1099.27
,3480,5100,train,3.4943,3814520,1099.29
,3481,5100,train,3.4515,3815603,1099.28
,3482,5100,train,3.3363,3816696,1099.28
,3483,5100,train,3.5834,3817788,1099.28
,3484,5100,train,3.4184,3818898,1099.28
,3485,5100,train,3.4572,3819982,1099.28
,3486,5100,train,3.5042,3821073,1099.27
,3487,5100,train,3.5121,3822163,1099.27
,3488,5100,train,3.5705,3823273,1099.27
,3489,5100,train,3.5667,3824358,1099.27
,3490,5100,train,3.5149,3825448,1099.27
,3491,5100,train,3.4884,3826537,1099.26
,3492,5100,train,3.5477,3827641,1099.27
,3493,5100,train,3.5983,3828734,1099.26
,3494,5100,train,3.5721,3829818,1099.26
,3495,5100,train,3.5856,3830907,1099.26
,3496,5100,train,3.4435,3832012,1099.26
,3497,5100,train,3.5445,3833098,1099.25
,3498,5100,train,3.4916,3834192,1099.25
,3499,5100,train,3.5298,3835279,1099.25
,3500,5100,train,3.4680,3836389,1099.25
,3500,5100,val,3.5465,3836389,1099.25
,3501,5100,train,3.4629,3837477,1099.25
,3502,5100,train,3.4126,3838568,1099.25
,3503,5100,train,3.5493,3839654,1099.24
,3504,5100,train,3.4675,3840781,1099.25
,3505,5100,train,3.4821,3841872,1099.25
,3506,5100,train,3.4618,3842958,1099.24
,3507,5100,train,3.3721,3844049,1099.24
,3508,5100,train,3.5652,3845197,1099.26
,3509,5100,train,3.5468,3846284,1099.25
,3510,5100,train,3.4180,3847375,1099.25
,3511,5100,train,3.5210,3848471,1099.25
,3512,5100,train,3.4320,3849637,1099.27
,3513,5100,train,3.5513,3850730,1099.27
,3514,5100,train,3.5396,3851821,1099.26
,3515,5100,train,3.4412,3852913,1099.26
,3516,5100,train,3.4152,3854018,1099.26
,3517,5100,train,3.6294,3855109,1099.26
,3518,5100,train,3.5870,3856195,1099.26
,3519,5100,train,3.4693,3857289,1099.26
,3520,5100,train,3.5288,3858433,1099.27
,3521,5100,train,3.5115,3859519,1099.26
,3522,5100,train,3.6079,3860613,1099.26
,3523,5100,train,3.4592,3861711,1099.26
,3524,5100,train,3.5346,3862814,1099.26
,3525,5100,train,3.6923,3863908,1099.26
,3526,5100,train,3.5916,3864998,1099.26
,3527,5100,train,3.4459,3866091,1099.26
,3528,5100,train,3.5658,3867246,1099.27
,3529,5100,train,3.5082,3868335,1099.27
,3530,5100,train,3.5297,3869431,1099.27
,3531,5100,train,3.5696,3870515,1099.27
,3532,5100,train,3.4405,3871628,1099.27
,3533,5100,train,3.5904,3872719,1099.27
,3534,5100,train,3.5689,3873810,1099.27
,3535,5100,train,3.6162,3874898,1099.26
,3536,5100,train,3.5195,3876008,1099.26
,3537,5100,train,3.6936,3877095,1099.26
,3538,5100,train,3.5215,3878191,1099.26
,3539,5100,train,3.4443,3879288,1099.26
,3540,5100,train,3.7860,3880396,1099.26
,3541,5100,train,3.5533,3881487,1099.26
,3542,5100,train,3.4000,3882579,1099.26
,3543,5100,train,3.7329,3883672,1099.26
,3544,5100,train,3.4509,3884810,1099.27
,3545,5100,train,3.5752,3885895,1099.26
,3546,5100,train,3.5972,3886991,1099.26
,3547,5100,train,3.5132,3888084,1099.26
,3548,5100,train,3.3871,3889202,1099.27
,3549,5100,train,3.6352,3890291,1099.26
,3550,5100,train,3.4402,3891385,1099.26
,3551,5100,train,3.5219,3892473,1099.26
,3552,5100,train,3.5449,3893585,1099.26
,3553,5100,train,3.4651,3894674,1099.26
,3554,5100,train,3.4862,3895769,1099.26
,3555,5100,train,3.3931,3896854,1099.25
,3556,5100,train,3.4656,3897960,1099.26
,3557,5100,train,3.3798,3899052,1099.25
,3558,5100,train,3.5835,3900150,1099.25
,3559,5100,train,3.5597,3901242,1099.25
,3560,5100,train,3.5924,3902391,1099.27
,3561,5100,train,3.4822,3903480,1099.26
,3562,5100,train,3.6398,3904574,1099.26
,3563,5100,train,3.4761,3905668,1099.26
,3564,5100,train,3.4696,3906775,1099.26
,3565,5100,train,3.5953,3907868,1099.26
,3566,5100,train,3.3710,3908961,1099.26
,3567,5100,train,3.4452,3910052,1099.26
,3568,5100,train,3.5043,3911163,1099.26
,3569,5100,train,3.5404,3912253,1099.26
,3570,5100,train,3.6837,3913341,1099.25
,3571,5100,train,3.5794,3914433,1099.25
,3572,5100,train,3.4692,3915545,1099.25
,3573,5100,train,3.5998,3916635,1099.25
,3574,5100,train,3.6427,3917727,1099.25
,3575,5100,train,3.6681,3918815,1099.25
,3576,5100,train,3.4991,3919927,1099.25
,3577,5100,train,3.5290,3921017,1099.25
,3578,5100,train,3.5471,3922112,1099.25
,3579,5100,train,3.4186,3923208,1099.25
,3580,5100,train,3.4500,3924320,1099.25
,3581,5100,train,3.4257,3925412,1099.25
,3582,5100,train,3.5140,3926509,1099.25
,3583,5100,train,3.3617,3927609,1099.25
,3584,5100,train,3.5996,3928764,1099.26
,3585,5100,train,3.4046,3929851,1099.26
,3586,5100,train,3.4149,3930949,1099.26
,3587,5100,train,3.5091,3932039,1099.26
,3588,5100,train,3.6132,3933150,1099.26
,3589,5100,train,3.4910,3934235,1099.26
,3590,5100,train,3.4950,3935329,1099.25
,3591,5100,train,3.3653,3936419,1099.25
,3592,5100,train,3.4690,3937530,1099.25
,3593,5100,train,3.4817,3938619,1099.25
,3594,5100,train,3.5260,3939713,1099.25
,3595,5100,train,3.4513,3940808,1099.25
,3596,5100,train,3.5016,3941916,1099.25
,3597,5100,train,3.6649,3943008,1099.25
,3598,5100,train,3.5678,3944095,1099.25
,3599,5100,train,3.5013,3945187,1099.24
,3600,5100,train,3.5426,3946290,1099.25
,3601,5100,train,3.6587,3947377,1099.24
,3602,5100,train,3.1797,3948471,1099.24
,3603,5100,train,3.4639,3949562,1099.24
,3604,5100,train,3.4603,3950670,1099.24
,3605,5100,train,3.6737,3951757,1099.24
,3606,5100,train,3.4296,3952851,1099.24
,3607,5100,train,3.5304,3953940,1099.23
,3608,5100,train,3.6341,3955049,1099.24
,3609,5100,train,3.5516,3956136,1099.23
,3610,5100,train,3.5026,3957230,1099.23
,3611,5100,train,3.5474,3958323,1099.23
,3612,5100,train,3.4274,3959431,1099.23
,3613,5100,train,3.5361,3960516,1099.23
,3614,5100,train,3.4607,3961609,1099.23
,3615,5100,train,3.6241,3962698,1099.22
,3616,5100,train,3.5392,3963808,1099.23
,3617,5100,train,3.6652,3964895,1099.22
,3618,5100,train,3.5369,3965980,1099.22
,3619,5100,train,3.5014,3967070,1099.22
,3620,5100,train,3.4287,3968174,1099.22
,3621,5100,train,3.5025,3969261,1099.21
,3622,5100,train,3.4473,3970469,1099.24
,3623,5100,train,3.2426,3971556,1099.24
,3624,5100,train,3.5775,3972705,1099.25
,3625,5100,train,3.5010,3973789,1099.25
,3625,5100,val,3.5430,3973790,1099.25
,3626,5100,train,3.5826,3974883,1099.25
,3627,5100,train,3.6883,3975972,1099.25
,3628,5100,train,3.3662,3977075,1099.25
,3629,5100,train,3.5220,3978169,1099.25
,3630,5100,train,3.5959,3979257,1099.24
,3631,5100,train,3.4630,3980348,1099.24
,3632,5100,train,3.4479,3981452,1099.24
,3633,5100,train,3.4867,3982539,1099.24
,3634,5100,train,3.6084,3983632,1099.24
,3635,5100,train,3.5705,3984720,1099.23
,3636,5100,train,3.4525,3985829,1099.24
,3637,5100,train,3.4271,3986917,1099.23
,3638,5100,train,3.5920,3988011,1099.23
,3639,5100,train,3.7538,3989102,1099.23
,3640,5100,train,3.5989,3990208,1099.23
,3641,5100,train,3.2944,3991294,1099.23
,3642,5100,train,3.5383,3992383,1099.22
,3643,5100,train,3.5279,3993472,1099.22
,3644,5100,train,3.4541,3994580,1099.22
,3645,5100,train,3.4974,3995672,1099.22
,3646,5100,train,3.4850,3996764,1099.22
,3647,5100,train,3.3182,3997854,1099.22
,3648,5100,train,3.4781,3998960,1099.22
,3649,5100,train,3.5031,4000051,1099.22
,3650,5100,train,3.3993,4001138,1099.21
,3651,5100,train,3.5190,4002231,1099.21
,3652,5100,train,3.7654,4003384,1099.23
,3653,5100,train,3.5305,4004471,1099.22
,3654,5100,train,3.5963,4005560,1099.22
,3655,5100,train,3.7047,4006653,1099.22
,3656,5100,train,3.5462,4007798,1099.23
,3657,5100,train,3.4941,4008882,1099.23
,3658,5100,train,3.5155,4009972,1099.22
,3659,5100,train,3.5764,4011068,1099.22
,3660,5100,train,3.6197,4012175,1099.23
,3661,5100,train,3.6069,4013262,1099.22
,3662,5100,train,3.4277,4014353,1099.22
,3663,5100,train,3.5606,4015450,1099.22
,3664,5100,train,3.4413,4016554,1099.22
,3665,5100,train,3.5734,4017647,1099.22
,3666,5100,train,3.3928,4018735,1099.22
,3667,5100,train,3.8021,4019827,1099.21
,3668,5100,train,3.5734,4020935,1099.22
,3669,5100,train,3.5103,4022022,1099.21
,3670,5100,train,3.4001,4023114,1099.21
,3671,5100,train,3.3716,4024206,1099.21
,3672,5100,train,3.4951,4025309,1099.21
,3673,5100,train,3.3945,4026395,1099.21
,3674,5100,train,3.7761,4027488,1099.21
,3675,5100,train,3.4568,4028576,1099.20
,3676,5100,train,3.5210,4029685,1099.20
,3677,5100,train,3.5410,4030775,1099.20
,3678,5100,train,3.3873,4031865,1099.20
,3679,5100,train,3.4310,4032953,1099.20
,3680,5100,train,3.4040,4034059,1099.20
,3681,5100,train,3.6145,4035150,1099.20
,3682,5100,train,3.5043,4036241,1099.19
,3683,5100,train,3.5637,4037330,1099.19
,3684,5100,train,3.5801,4038435,1099.19
,3685,5100,train,3.4903,4039525,1099.19
,3686,5100,train,3.5327,4040613,1099.19
,3687,5100,train,3.5896,4041708,1099.19
,3688,5100,train,3.5170,4042847,1099.20
,3689,5100,train,3.5801,4043937,1099.19
,3690,5100,train,3.6145,4045032,1099.19
,3691,5100,train,3.5954,4046128,1099.19
,3692,5100,train,3.4677,4047293,1099.21
,3693,5100,train,3.4391,4048383,1099.21
,3694,5100,train,3.6276,4049476,1099.21
,3695,5100,train,3.4775,4050567,1099.20
,3696,5100,train,3.5385,4051671,1099.21
,3697,5100,train,3.3759,4052756,1099.20
,3698,5100,train,3.4589,4053847,1099.20
,3699,5100,train,3.3705,4054937,1099.20
,3700,5100,train,3.4793,4056048,1099.20
,3701,5100,train,3.7342,4057135,1099.20
,3702,5100,train,3.4682,4058224,1099.19
,3703,5100,train,3.6986,4059312,1099.19
,3704,5100,train,3.6143,4060423,1099.19
,3705,5100,train,3.5719,4061514,1099.19
,3706,5100,train,3.4892,4062603,1099.19
,3707,5100,train,3.6076,4063693,1099.19
,3708,5100,train,3.5738,4064793,1099.19
,3709,5100,train,3.5000,4065882,1099.18
,3710,5100,train,3.5432,4066972,1099.18
,3711,5100,train,3.5188,4068063,1099.18
,3712,5100,train,3.7037,4069169,1099.18
,3713,5100,train,3.5812,4070256,1099.18
,3714,5100,train,3.4169,4071343,1099.17
,3715,5100,train,3.6207,4072433,1099.17
,3716,5100,train,3.4879,4073539,1099.17
,3717,5100,train,3.5011,4074632,1099.17
,3718,5100,train,3.5537,4075718,1099.17
,3719,5100,train,3.4611,4076808,1099.17
,3720,5100,train,3.5267,4077913,1099.17
,3721,5100,train,3.5130,4078995,1099.16
,3722,5100,train,3.4835,4080089,1099.16
,3723,5100,train,3.5104,4081176,1099.16
,3724,5100,train,3.5173,4082317,1099.17
,3725,5100,train,3.5031,4083404,1099.17
,3726,5100,train,3.5170,4084493,1099.16
,3727,5100,train,3.5892,4085586,1099.16
,3728,5100,train,3.4295,4086723,1099.17
,3729,5100,train,3.5451,4087810,1099.17
,3730,5100,train,3.5743,4088896,1099.17
,3731,5100,train,3.5107,4089990,1099.16
,3732,5100,train,3.5184,4091093,1099.17
,3733,5100,train,3.6636,4092180,1099.16
,3734,5100,train,3.4216,4093272,1099.16
,3735,5100,train,3.4217,4094360,1099.16
,3736,5100,train,3.7663,4095468,1099.16
,3737,5100,train,3.5282,4096555,1099.16
,3738,5100,train,3.4015,4097643,1099.15
,3739,5100,train,3.6316,4098732,1099.15
,3740,5100,train,3.3750,4099839,1099.15
,3741,5100,train,3.6010,4100930,1099.15
,3742,5100,train,3.4409,4102015,1099.15
,3743,5100,train,3.5903,4103109,1099.15
,3744,5100,train,3.4147,4104212,1099.15
,3745,5100,train,3.5287,4105300,1099.14
,3746,5100,train,3.5399,4106388,1099.14
,3747,5100,train,3.4620,4107476,1099.14
,3748,5100,train,3.5624,4108585,1099.14
,3749,5100,train,3.4670,4109673,1099.14
,3750,5100,train,3.6116,4110762,1099.13
,3750,5100,val,3.5245,4110762,1099.13
,3751,5100,train,3.7872,4111854,1099.13
,3752,5100,train,3.5102,4112997,1099.14
,3753,5100,train,3.5605,4114081,1099.14
,3754,5100,train,3.5387,4115175,1099.14
,3755,5100,train,3.5291,4116270,1099.14
,3756,5100,train,3.3904,4117431,1099.15
,3757,5100,train,3.5122,4118520,1099.15
,3758,5100,train,3.5600,4119611,1099.15
,3759,5100,train,3.4775,4120698,1099.15
,3760,5100,train,3.6736,4121819,1099.15
,3761,5100,train,3.5027,4122907,1099.15
,3762,5100,train,3.4462,4123997,1099.15
,3763,5100,train,3.4332,4125091,1099.15
,3764,5100,train,3.5528,4126216,1099.15
,3765,5100,train,3.4351,4127306,1099.15
,3766,5100,train,3.4765,4128399,1099.15
,3767,5100,train,4.0098,4129496,1099.15
,3768,5100,train,3.4099,4130611,1099.15
,3769,5100,train,3.6086,4131700,1099.15
,3770,5100,train,3.4901,4132786,1099.15
,3771,5100,train,3.5211,4133874,1099.14
,3772,5100,train,3.4552,4134979,1099.14
,3773,5100,train,3.6136,4136065,1099.14
,3774,5100,train,3.5199,4137156,1099.14
,3775,5100,train,3.4549,4138246,1099.14
,3776,5100,train,3.4770,4139351,1099.14
,3777,5100,train,3.2383,4140439,1099.13
,3778,5100,train,3.5216,4141528,1099.13
,3779,5100,train,3.4989,4142615,1099.13
,3780,5100,train,3.6691,4143722,1099.13
,3781,5100,train,3.4755,4144814,1099.13
,3782,5100,train,3.3926,4145903,1099.13
,3783,5100,train,3.3857,4146996,1099.12
,3784,5100,train,3.5282,4148107,1099.13
,3785,5100,train,3.4924,4149198,1099.13
,3786,5100,train,3.4186,4150288,1099.12
,3787,5100,train,3.5502,4151378,1099.12
,3788,5100,train,3.4898,4152518,1099.13
,3789,5100,train,3.5368,4153606,1099.13
,3790,5100,train,3.5733,4154700,1099.13
,3791,5100,train,3.0015,4155795,1099.13
,3792,5100,train,3.5427,4156902,1099.13
,3793,5100,train,3.7077,4157989,1099.12
,3794,5100,train,3.5063,4159078,1099.12
,3795,5100,train,3.4117,4160170,1099.12
,3796,5100,train,3.6421,4161276,1099.12
,3797,5100,train,3.8037,4162360,1099.12
,3798,5100,train,3.4265,4163453,1099.12
,3799,5100,train,3.4607,4164544,1099.11
,3800,5100,train,3.4676,4165656,1099.12
,3801,5100,train,3.4274,4166742,1099.11
,3802,5100,train,3.4991,4167834,1099.11
,3803,5100,train,3.4740,4168920,1099.11
,3804,5100,train,3.5479,4170032,1099.11
,3805,5100,train,3.4509,4171119,1099.11
,3806,5100,train,3.6230,4172208,1099.11
,3807,5100,train,3.6208,4173297,1099.10
,3808,5100,train,3.6733,4174399,1099.10
,3809,5100,train,3.5626,4175489,1099.10
,3810,5100,train,3.6305,4176578,1099.10
,3811,5100,train,3.6111,4177664,1099.10
,3812,5100,train,3.3713,4178773,1099.10
,3813,5100,train,3.4030,4179955,1099.12
,3814,5100,train,3.4203,4181039,1099.12
,3815,5100,train,3.3990,4182135,1099.12
,3816,5100,train,3.4977,4183241,1099.12
,3817,5100,train,3.5728,4184332,1099.12
,3818,5100,train,3.4598,4185419,1099.11
,3819,5100,train,3.4484,4186512,1099.11
,3820,5100,train,3.4006,4187617,1099.11
,3821,5100,train,3.5201,4188707,1099.11
,3822,5100,train,3.5029,4189799,1099.11
,3823,5100,train,3.4780,4190893,1099.11
,3824,5100,train,3.5981,4192036,1099.12
,3825,5100,train,3.5879,4193123,1099.11
,3826,5100,train,3.6438,4194216,1099.11
,3827,5100,train,3.4668,4195313,1099.11
,3828,5100,train,3.3369,4196474,1099.13
,3829,5100,train,3.7762,4197561,1099.13
,3830,5100,train,3.4740,4198651,1099.12
,3831,5100,train,3.4217,4199742,1099.12
,3832,5100,train,3.4253,4200896,1099.14
,3833,5100,train,3.6327,4201983,1099.13
,3834,5100,train,3.4915,4203078,1099.13
,3835,5100,train,3.4324,4204172,1099.13
,3836,5100,train,3.4612,4205324,1099.14
,3837,5100,train,3.5122,4206416,1099.14
,3838,5100,train,3.4512,4207506,1099.14
,3839,5100,train,3.4778,4208598,1099.14
,3840,5100,train,3.5250,4209757,1099.15
,3841,5100,train,3.4768,4210843,1099.15
,3842,5100,train,3.5713,4211935,1099.15
,3843,5100,train,3.4470,4213032,1099.15
,3844,5100,train,3.5275,4214179,1099.16
,3845,5100,train,3.4768,4215262,1099.16
,3846,5100,train,3.5976,4216356,1099.15
,3847,5100,train,3.6262,4217451,1099.15
,3848,5100,train,3.3225,4218602,1099.17
,3849,5100,train,3.4590,4219692,1099.16
,3850,5100,train,3.6078,4220782,1099.16
,3851,5100,train,3.4742,4221877,1099.16
,3852,5100,train,3.4503,4223030,1099.18
,3853,5100,train,3.5428,4224118,1099.17
,3854,5100,train,3.3861,4225211,1099.17
,3855,5100,train,3.4641,4226300,1099.17
,3856,5100,train,3.5736,4227457,1099.18
,3857,5100,train,3.3431,4228542,1099.18
,3858,5100,train,3.5408,4229634,1099.18
,3859,5100,train,3.5082,4230724,1099.17
,3860,5100,train,3.3900,4231876,1099.19
,3861,5100,train,3.4152,4232962,1099.19
,3862,5100,train,3.6816,4234054,1099.18
,3863,5100,train,3.6549,4235140,1099.18
,3864,5100,train,3.4901,4236266,1099.19
,3865,5100,train,3.4793,4237352,1099.18
,3866,5100,train,3.5002,4238439,1099.18
,3867,5100,train,3.5754,4239529,1099.18
,3868,5100,train,3.6146,4240652,1099.18
,3869,5100,train,3.8182,4241742,1099.18
,3870,5100,train,3.5428,4242837,1099.18
,3871,5100,train,3.5351,4243930,1099.18
,3872,5100,train,3.5922,4245084,1099.19
,3873,5100,train,3.4153,4246169,1099.19
,3874,5100,train,3.4293,4247259,1099.19
,3875,5100,train,3.4166,4248353,1099.19
,3875,5100,val,3.5040,4248354,1099.19
,3876,5100,train,3.5339,4249505,1099.20
,3877,5100,train,3.6342,4250589,1099.20
,3878,5100,train,3.4758,4251682,1099.19
,3879,5100,train,3.3489,4252779,1099.19
,3880,5100,train,3.8465,4253935,1099.21
,3881,5100,train,3.5611,4255026,1099.21
,3882,5100,train,3.5627,4256122,1099.21
,3883,5100,train,3.5790,4257214,1099.20
,3884,5100,train,3.4901,4258322,1099.21
,3885,5100,train,3.5149,4259405,1099.20
,3886,5100,train,3.3136,4260497,1099.20
,3887,5100,train,3.3585,4261590,1099.20
,3888,5100,train,3.4683,4262737,1099.21
,3889,5100,train,3.4318,4263825,1099.21
,3890,5100,train,3.4284,4264920,1099.21
,3891,5100,train,3.4294,4266011,1099.20
,3892,5100,train,3.5789,4267118,1099.21
,3893,5100,train,3.5433,4268205,1099.20
,3894,5100,train,3.4431,4269296,1099.20
,3895,5100,train,3.2734,4270385,1099.20
,3896,5100,train,3.6305,4271492,1099.20
,3897,5100,train,3.5089,4272582,1099.20
,3898,5100,train,3.3833,4273669,1099.19
,3899,5100,train,3.3799,4274757,1099.19
,3900,5100,train,3.3411,4275864,1099.19
,3901,5100,train,3.4619,4276951,1099.19
,3902,5100,train,3.6107,4278041,1099.19
,3903,5100,train,3.4598,4279133,1099.19
,3904,5100,train,3.4223,4280239,1099.19
,3905,5100,train,3.5451,4281325,1099.18
,3906,5100,train,3.4092,4282414,1099.18
,3907,5100,train,3.4272,4283501,1099.18
,3908,5100,train,3.7390,4284605,1099.18
,3909,5100,train,3.3688,4285694,1099.18
,3910,5100,train,3.4891,4286783,1099.18
,3911,5100,train,3.4062,4287869,1099.17
,3912,5100,train,3.4829,4288975,1099.17
,3913,5100,train,3.4250,4290063,1099.17
,3914,5100,train,3.3980,4291152,1099.17
,3915,5100,train,3.6521,4292242,1099.17
,3916,5100,train,3.4572,4293347,1099.17
,3917,5100,train,3.4399,4294437,1099.16
,3918,5100,train,3.5217,4295525,1099.16
,3919,5100,train,3.4338,4296617,1099.16
,3920,5100,train,3.4361,4297722,1099.16
,3921,5100,train,3.5344,4298805,1099.16
,3922,5100,train,3.3305,4299896,1099.16
,3923,5100,train,3.6915,4300984,1099.15
,3924,5100,train,3.5325,4302095,1099.16
,3925,5100,train,3.4696,4303183,1099.15
,3926,5100,train,3.4521,4304274,1099.15
,3927,5100,train,3.4896,4305363,1099.15
,3928,5100,train,3.3789,4306504,1099.16
,3929,5100,train,3.4917,4307591,1099.16
,3930,5100,train,3.3876,4308684,1099.15
,3931,5100,train,3.6002,4309782,1099.15
,3932,5100,train,3.5412,4310918,1099.16
,3933,5100,train,3.2457,4312008,1099.16
,3934,5100,train,3.5070,4313095,1099.16
,3935,5100,train,3.4317,4314186,1099.16
,3936,5100,train,3.5487,4315296,1099.16
,3937,5100,train,3.3929,4316384,1099.16
,3938,5100,train,3.4699,4317478,1099.15
,3939,5100,train,3.5211,4318564,1099.15
,3940,5100,train,3.4120,4319671,1099.15
,3941,5100,train,3.6024,4320763,1099.15
,3942,5100,train,3.4672,4321856,1099.15
,3943,5100,train,3.4675,4322943,1099.15
,3944,5100,train,3.4397,4324050,1099.15
,3945,5100,train,3.4384,4325138,1099.15
,3946,5100,train,3.4978,4326224,1099.14
,3947,5100,train,3.4303,4327316,1099.14
,3948,5100,train,3.6852,4328426,1099.14
,3949,5100,train,3.4701,4329518,1099.14
,3950,5100,train,3.3411,4330604,1099.14
,3951,5100,train,3.4594,4331694,1099.14
,3952,5100,train,3.4856,4332799,1099.14
,3953,5100,train,3.4862,4333886,1099.13
,3954,5100,train,3.4723,4334976,1099.13
,3955,5100,train,3.3922,4336064,1099.13
,3956,5100,train,3.4582,4337171,1099.13
,3957,5100,train,3.4165,4338260,1099.13
,3958,5100,train,3.6360,4339347,1099.13
,3959,5100,train,3.4077,4340441,1099.12
,3960,5100,train,3.5508,4341552,1099.13
,3961,5100,train,3.5759,4342642,1099.12
,3962,5100,train,3.4535,4343730,1099.12
,3963,5100,train,3.3358,4344820,1099.12
,3964,5100,train,3.5932,4345966,1099.13
,3965,5100,train,3.6107,4347054,1099.13
,3966,5100,train,3.5309,4348146,1099.13
,3967,5100,train,3.6973,4349241,1099.13
,3968,5100,train,3.3449,4350366,1099.13
,3969,5100,train,3.1072,4351454,1099.13
,3970,5100,train,3.3237,4352543,1099.13
,3971,5100,train,3.4299,4353629,1099.12
,3972,5100,train,3.5522,4354738,1099.13
,3973,5100,train,3.8921,4355826,1099.12
,3974,5100,train,3.2751,4356919,1099.12
,3975,5100,train,3.5747,4358007,1099.12
,3976,5100,train,3.4522,4359114,1099.12
,3977,5100,train,3.3658,4360202,1099.12
,3978,5100,train,3.4307,4361286,1099.11
,3979,5100,train,3.6055,4362380,1099.11
,3980,5100,train,3.3114,4363487,1099.12
,3981,5100,train,3.3347,4364569,1099.11
,3982,5100,train,3.3549,4365661,1099.11
,3983,5100,train,3.3792,4366747,1099.11
,3984,5100,train,3.5140,4367857,1099.11
,3985,5100,train,3.5495,4368945,1099.11
,3986,5100,train,3.4521,4370031,1099.10
,3987,5100,train,3.4612,4371122,1099.10
,3988,5100,train,3.4865,4372233,1099.10
,3989,5100,train,3.5795,4373322,1099.10
,3990,5100,train,3.4040,4374410,1099.10
,3991,5100,train,3.3736,4375499,1099.10
,3992,5100,train,3.6695,4376602,1099.10
,3993,5100,train,3.4588,4377692,1099.09
,3994,5100,train,3.3893,4378780,1099.09
,3995,5100,train,3.4301,4379866,1099.09
,3996,5100,train,3.4947,4380975,1099.09
,3997,5100,train,3.4482,4382064,1099.09
,3998,5100,train,3.3583,4383149,1099.08
,3999,5100,train,3.3689,4384241,1099.08
,4000,5100,train,3.5378,4385398,1099.10
,4000,5100,val,3.4897,4385398,1099.10
,4001,5100,train,3.5591,4386493,1099.10
,4002,5100,train,3.5640,4387583,1099.09
,4003,5100,train,3.4495,4388671,1099.09
,4004,5100,train,3.4114,4389965,1099.14
,4005,5100,train,3.4860,4391052,1099.14
,4006,5100,train,3.4649,4392146,1099.14
,4007,5100,train,3.3270,4393228,1099.13
,4008,5100,train,3.4821,4394337,1099.13
,4009,5100,train,3.4655,4395421,1099.13
,4010,5100,train,3.4792,4396509,1099.13
,4011,5100,train,3.4336,4397600,1099.13
,4012,5100,train,3.3901,4398707,1099.13
,4013,5100,train,3.5391,4399792,1099.12
,4014,5100,train,3.4843,4400880,1099.12
,4015,5100,train,3.4959,4401969,1099.12
,4016,5100,train,3.6248,4403075,1099.12
,4017,5100,train,3.5121,4404162,1099.12
,4018,5100,train,3.4422,4405249,1099.11
,4019,5100,train,3.4832,4406340,1099.11
,4020,5100,train,3.4595,4407448,1099.11
,4021,5100,train,3.5821,4408530,1099.11
,4022,5100,train,3.5456,4409624,1099.11
,4023,5100,train,3.4790,4410711,1099.11
,4024,5100,train,3.4748,4411824,1099.11
,4025,5100,train,3.4039,4412911,1099.11
,4026,5100,train,3.4541,4414001,1099.10
,4027,5100,train,3.5703,4415089,1099.10
,4028,5100,train,3.4635,4416234,1099.11
,4029,5100,train,3.4504,4417323,1099.11
,4030,5100,train,3.6568,4418416,1099.11
,4031,5100,train,3.5589,4419509,1099.11
,4032,5100,train,3.4588,4420666,1099.12
,4033,5100,train,3.5243,4421754,1099.12
,4034,5100,train,3.4349,4422847,1099.12
,4035,5100,train,3.5239,4423940,1099.12
,4036,5100,train,3.5040,4425053,1099.12
,4037,5100,train,3.3348,4426137,1099.12
,4038,5100,train,3.5025,4427227,1099.11
,4039,5100,train,3.4982,4428314,1099.11
,4040,5100,train,3.4668,4429423,1099.11
,4041,5100,train,3.5443,4430511,1099.11
,4042,5100,train,3.4125,4431599,1099.11
,4043,5100,train,3.4196,4432689,1099.10
,4044,5100,train,3.4752,4433797,1099.11
,4045,5100,train,3.2631,4434889,1099.11
,4046,5100,train,3.3617,4435980,1099.10
,4047,5100,train,3.4836,4437067,1099.10
,4048,5100,train,3.5313,4438171,1099.10
,4049,5100,train,3.4534,4439261,1099.10
,4050,5100,train,3.4597,4440349,1099.10
,4051,5100,train,3.5055,4441436,1099.09
,4052,5100,train,3.7625,4442543,1099.10
,4053,5100,train,3.4691,4443631,1099.09
,4054,5100,train,3.4935,4444720,1099.09
,4055,5100,train,3.3635,4445809,1099.09
,4056,5100,train,3.5066,4446915,1099.09
,4057,5100,train,3.6250,4448006,1099.09
,4058,5100,train,3.5628,4449101,1099.09
,4059,5100,train,3.4643,4450192,1099.08
,4060,5100,train,3.5250,4451302,1099.09
,4061,5100,train,3.4344,4452390,1099.08
,4062,5100,train,3.4705,4453482,1099.08
,4063,5100,train,3.4283,4454571,1099.08
,4064,5100,train,3.3845,4455681,1099.08
,4065,5100,train,3.3458,4456767,1099.08
,4066,5100,train,3.3542,4457862,1099.08
,4067,5100,train,3.4379,4458954,1099.08
,4068,5100,train,3.4703,4460094,1099.09
,4069,5100,train,3.4882,4461186,1099.08
,4070,5100,train,3.4009,4462275,1099.08
,4071,5100,train,3.5363,4463367,1099.08
,4072,5100,train,3.4893,4464479,1099.08
,4073,5100,train,3.4943,4465569,1099.08
,4074,5100,train,3.5137,4466664,1099.08
,4075,5100,train,3.3290,4467754,1099.08
,4076,5100,train,3.4669,4468863,1099.08
,4077,5100,train,3.4131,4469956,1099.08
,4078,5100,train,3.3891,4471047,1099.08
,4079,5100,train,3.5956,4472140,1099.08
,4080,5100,train,3.4562,4473252,1099.08
,4081,5100,train,3.3800,4474346,1099.08
,4082,5100,train,3.3611,4475438,1099.08
,4083,5100,train,3.3817,4476528,1099.07
,4084,5100,train,3.5339,4477637,1099.08
,4085,5100,train,3.5099,4478728,1099.07
,4086,5100,train,3.4060,4479815,1099.07
,4087,5100,train,3.4943,4480908,1099.07
,4088,5100,train,3.5122,4482019,1099.07
,4089,5100,train,3.5676,4483110,1099.07
,4090,5100,train,3.4949,4484204,1099.07
,4091,5100,train,3.5301,4485293,1099.07
,4092,5100,train,3.5332,4486401,1099.07
,4093,5100,train,3.4984,4487491,1099.07
,4094,5100,train,3.4132,4488585,1099.07
,4095,5100,train,3.6374,4489673,1099.06
,4096,5100,train,3.4194,4490783,1099.07
,4097,5100,train,3.4756,4491871,1099.06
,4098,5100,train,3.4425,4492963,1099.06
,4099,5100,train,3.5276,4494051,1099.06
,4100,5100,train,3.4614,4495161,1099.06
,4101,5100,train,3.5002,4496249,1099.06
,4102,5100,train,3.5738,4497343,1099.06
,4103,5100,train,3.4720,4498434,1099.06
,4104,5100,train,3.4319,4499583,1099.07
,4105,5100,train,3.3524,4500670,1099.06
,4106,5100,train,3.2835,4501764,1099.06
,4107,5100,train,3.3730,4502853,1099.06
,4108,5100,train,3.5826,4503962,1099.06
,4109,5100,train,3.3890,4505050,1099.06
,4110,5100,train,3.4020,4506141,1099.06
,4111,5100,train,3.5957,4507229,1099.06
,4112,5100,train,3.4969,4508336,1099.06
,4113,5100,train,3.4788,4509427,1099.06
,4114,5100,train,3.3966,4510518,1099.05
,4115,5100,train,3.3508,4511608,1099.05
,4116,5100,train,3.2292,4512717,1099.05
,4117,5100,train,3.2439,4513808,1099.05
,4118,5100,train,3.9425,4514897,1099.05
,4119,5100,train,3.6593,4515988,1099.05
,4120,5100,train,3.4183,4517099,1099.05
,4121,5100,train,3.5189,4518189,1099.05
,4122,5100,train,3.5282,4519272,1099.04
,4123,5100,train,3.4880,4520360,1099.04
,4124,5100,train,3.5402,4521469,1099.04
,4125,5100,train,3.5739,4522562,1099.04
,4125,5100,val,3.4726,4522562,1099.04
,4126,5100,train,3.6508,4523652,1099.04
,4127,5100,train,3.4274,4524734,1099.04
,4128,5100,train,3.4204,4525839,1099.04
,4129,5100,train,3.4510,4526929,1099.04
,4130,5100,train,3.3824,4528021,1099.03
,4131,5100,train,3.3125,4529112,1099.03
,4132,5100,train,3.3869,4530254,1099.04
,4133,5100,train,3.3414,4531341,1099.04
,4134,5100,train,3.5756,4532433,1099.04
,4135,5100,train,3.4436,4533526,1099.04
,4136,5100,train,3.3131,4534647,1099.04
,4137,5100,train,3.3969,4535734,1099.04
,4138,5100,train,3.3516,4536829,1099.04
,4139,5100,train,3.3354,4537916,1099.04
,4140,5100,train,3.3578,4539027,1099.04
,4141,5100,train,3.4500,4540112,1099.03
,4142,5100,train,3.5439,4541203,1099.03
,4143,5100,train,3.3693,4542292,1099.03
,4144,5100,train,3.3946,4543400,1099.03
,4145,5100,train,3.4785,4544489,1099.03
,4146,5100,train,3.3293,4545580,1099.03
,4147,5100,train,3.3552,4546673,1099.03
,4148,5100,train,3.6167,4547780,1099.03
,4149,5100,train,3.4571,4548870,1099.03
,4150,5100,train,3.5832,4549964,1099.03
,4151,5100,train,3.5239,4551053,1099.02
,4152,5100,train,3.4823,4552160,1099.02
,4153,5100,train,3.4218,4553251,1099.02
,4154,5100,train,3.4271,4554341,1099.02
,4155,5100,train,3.4365,4555429,1099.02
,4156,5100,train,3.4130,4556536,1099.02
,4157,5100,train,3.3069,4557626,1099.02
,4158,5100,train,3.4147,4558712,1099.01
,4159,5100,train,3.3704,4559804,1099.01
,4160,5100,train,3.5792,4560909,1099.01
,4161,5100,train,3.6251,4561994,1099.01
,4162,5100,train,3.5022,4563088,1099.01
,4163,5100,train,3.5609,4564173,1099.01
,4164,5100,train,3.7000,4565281,1099.01
,4165,5100,train,3.4726,4566370,1099.01
,4166,5100,train,3.4243,4567458,1099.00
,4167,5100,train,3.4831,4568550,1099.00
,4168,5100,train,3.5408,4569687,1099.01
,4169,5100,train,3.3764,4570774,1099.01
,4170,5100,train,3.5486,4571869,1099.01
,4171,5100,train,3.4514,4572964,1099.01
,4172,5100,train,3.5114,4574095,1099.01
,4173,5100,train,3.5807,4575184,1099.01
,4174,5100,train,3.6262,4576271,1099.01
,4175,5100,train,3.4790,4577365,1099.01
,4176,5100,train,3.6425,4578472,1099.01
,4177,5100,train,3.3427,4579564,1099.01
,4178,5100,train,3.3885,4580652,1099.00
,4179,5100,train,3.5084,4581739,1099.00
,4180,5100,train,3.4467,4582847,1099.00
,4181,5100,train,3.3680,4583930,1099.00
,4182,5100,train,3.3809,4585019,1099.00
,4183,5100,train,3.6062,4586108,1099.00
,4184,5100,train,3.3752,4587214,1099.00
,4185,5100,train,3.5010,4588306,1099.00
,4186,5100,train,3.4203,4589391,1098.99
,4187,5100,train,3.5240,4590481,1098.99
,4188,5100,train,3.5581,4591587,1098.99
,4189,5100,train,3.9488,4592671,1098.99
,4190,5100,train,3.4591,4593763,1098.99
,4191,5100,train,3.4355,4594852,1098.98
,4192,5100,train,3.4680,4595963,1098.99
,4193,5100,train,3.4650,4597051,1098.98
,4194,5100,train,3.2886,4598238,1099.01
,4195,5100,train,3.4242,4599325,1099.00
,4196,5100,train,3.5081,4600436,1099.01
,4197,5100,train,3.1852,4601525,1099.00
,4198,5100,train,3.6106,4602615,1099.00
,4199,5100,train,3.4196,4603706,1099.00
,4200,5100,train,3.4355,4604815,1099.00
,4201,5100,train,3.4534,4605909,1099.00
,4202,5100,train,3.4710,4606994,1099.00
,4203,5100,train,3.5088,4608090,1099.00
,4204,5100,train,3.7426,4609241,1099.01
,4205,5100,train,3.3430,4610335,1099.01
,4206,5100,train,3.5108,4611430,1099.01
,4207,5100,train,3.5032,4612524,1099.00
,4208,5100,train,3.4860,4613637,1099.01
,4209,5100,train,3.2672,4614725,1099.01
,4210,5100,train,3.2726,4615812,1099.00
,4211,5100,train,3.3573,4616902,1099.00
,4212,5100,train,3.4592,4618011,1099.00
,4213,5100,train,3.4585,4619102,1099.00
,4214,5100,train,3.5465,4620192,1099.00
,4215,5100,train,3.4708,4621282,1099.00
,4216,5100,train,3.4254,4622387,1099.00
,4217,5100,train,3.4728,4623472,1099.00
,4218,5100,train,3.4309,4624564,1098.99
,4219,5100,train,3.3269,4625657,1098.99
,4220,5100,train,3.5647,4626766,1098.99
,4221,5100,train,3.3778,4627852,1098.99
,4222,5100,train,3.4233,4628941,1098.99
,4223,5100,train,3.5054,4630030,1098.99
,4224,5100,train,3.6386,4631138,1098.99
,4225,5100,train,3.6341,4632230,1098.99
,4226,5100,train,3.3010,4633314,1098.98
,4227,5100,train,3.4796,4634406,1098.98
,4228,5100,train,3.5582,4635518,1098.98
,4229,5100,train,3.5866,4636610,1098.98
,4230,5100,train,3.4013,4637706,1098.98
,4231,5100,train,3.5434,4638801,1098.98
,4232,5100,train,3.4245,4639954,1098.99
,4233,5100,train,3.4134,4641044,1098.99
,4234,5100,train,3.4936,4642134,1098.99
,4235,5100,train,3.3686,4643227,1098.99
,4236,5100,train,3.3594,4644344,1098.99
,4237,5100,train,3.5020,4645432,1098.99
,4238,5100,train,3.3983,4646529,1098.99
,4239,5100,train,3.4305,4647628,1098.99
,4240,5100,train,3.5271,4648790,1099.00
,4241,5100,train,3.4232,4649880,1099.00
,4242,5100,train,3.3802,4650972,1099.00
,4243,5100,train,3.4434,4652068,1099.00
,4244,5100,train,3.4569,4653181,1099.00
,4245,5100,train,3.4912,4654270,1099.00
,4246,5100,train,3.5040,4655363,1099.00
,4247,5100,train,3.4433,4656450,1099.00
,4248,5100,train,3.4503,4657565,1099.00
,4249,5100,train,3.5704,4658653,1099.00
,4250,5100,train,3.6479,4659744,1099.00
,4250,5100,val,3.4601,4659744,1099.00
,4251,5100,train,3.3968,4660839,1099.00
,4252,5100,train,3.6032,4661945,1099.00
,4253,5100,train,3.3722,4663031,1098.99
,4254,5100,train,3.4533,4664123,1098.99
,4255,5100,train,3.5726,4665213,1098.99
,4256,5100,train,3.4625,4666335,1099.00
,4257,5100,train,3.4146,4667420,1098.99
,4258,5100,train,3.5070,4668509,1098.99
,4259,5100,train,3.3704,4669603,1098.99
,4260,5100,train,3.6235,4670721,1098.99
,4261,5100,train,3.5043,4671810,1098.99
,4262,5100,train,3.5454,4672899,1098.99
,4263,5100,train,3.4308,4673989,1098.99
,4264,5100,train,3.4776,4675106,1098.99
,4265,5100,train,3.4050,4676194,1098.99
,4266,5100,train,3.5450,4677286,1098.99
,4267,5100,train,3.3274,4678376,1098.98
,4268,5100,train,3.3477,4679488,1098.99
,4269,5100,train,3.5806,4680574,1098.98
,4270,5100,train,3.2820,4681666,1098.98
,4271,5100,train,3.4811,4682761,1098.98
,4272,5100,train,3.3199,4683902,1098.99
,4273,5100,train,3.3547,4684990,1098.99
,4274,5100,train,3.4524,4686087,1098.99
,4275,5100,train,3.4768,4687181,1098.99
,4276,5100,train,3.4755,4688307,1098.99
,4277,5100,train,3.3356,4689394,1098.99
,4278,5100,train,3.5553,4690489,1098.99
,4279,5100,train,3.4183,4691583,1098.99
,4280,5100,train,3.3886,4692734,1099.00
,4281,5100,train,3.5335,4693825,1099.00
,4282,5100,train,3.3805,4694916,1099.00
,4283,5100,train,3.3430,4696007,1099.00
,4284,5100,train,3.6095,4697128,1099.00
,4285,5100,train,3.3333,4698220,1099.00
,4286,5100,train,3.4639,4699318,1099.00
,4287,5100,train,3.5257,4700417,1099.00
,4288,5100,train,3.3924,4701534,1099.00
,4289,5100,train,3.4466,4702627,1099.00
,4290,5100,train,3.4993,4703725,1099.00
,4291,5100,train,3.3370,4704821,1099.00
,4292,5100,train,3.4498,4705949,1099.01
,4293,5100,train,3.4738,4707037,1099.00
,4294,5100,train,3.5286,4708128,1099.00
,4295,5100,train,3.5098,4709225,1099.00
,4296,5100,train,3.4757,4710346,1099.01
,4297,5100,train,3.2704,4711434,1099.00
,4298,5100,train,3.4880,4712527,1099.00
,4299,5100,train,3.7802,4713623,1099.00
,4300,5100,train,3.3669,4714740,1099.01
,4301,5100,train,3.5418,4715830,1099.00
,4302,5100,train,3.5135,4716925,1099.00
,4303,5100,train,3.3613,4718018,1099.00
,4304,5100,train,3.2679,4719132,1099.01
,4305,5100,train,3.5476,4720225,1099.00
,4306,5100,train,3.3541,4721317,1099.00
,4307,5100,train,3.1316,4722409,1099.00
,4308,5100,train,3.5254,4723578,1099.02
,4309,5100,train,3.3397,4724669,1099.02
,4310,5100,train,3.5152,4725768,1099.02
,4311,5100,train,3.3589,4726866,1099.02
,4312,5100,train,3.5664,4728031,1099.03
,4313,5100,train,3.2343,4729129,1099.03
,4314,5100,train,3.3594,4730227,1099.03
,4315,5100,train,3.5879,4731325,1099.03
,4316,5100,train,3.7370,4732451,1099.04
,4317,5100,train,3.4546,4733548,1099.04
,4318,5100,train,3.3978,4734643,1099.03
,4319,5100,train,3.4512,4735744,1099.04
,4320,5100,train,3.9518,4736866,1099.04
,4321,5100,train,3.7625,4737960,1099.04
,4322,5100,train,3.4174,4739059,1099.04
,4323,5100,train,3.4150,4740150,1099.04
,4324,5100,train,3.2669,4741268,1099.04
,4325,5100,train,3.6230,4742363,1099.04
,4326,5100,train,3.3142,4743465,1099.04
,4327,5100,train,3.5237,4744563,1099.04
,4328,5100,train,3.5854,4745681,1099.05
,4329,5100,train,3.3799,4746770,1099.04
,4330,5100,train,3.4545,4747865,1099.04
,4331,5100,train,3.4858,4748962,1099.04
,4332,5100,train,3.3663,4750079,1099.05
,4333,5100,train,3.3301,4751169,1099.04
,4334,5100,train,3.5209,4752265,1099.04
,4335,5100,train,3.5050,4753363,1099.04
,4336,5100,train,3.4448,4754482,1099.05
,4337,5100,train,3.4004,4755571,1099.05
,4338,5100,train,3.3839,4756666,1099.04
,4339,5100,train,3.5997,4757763,1099.04
,4340,5100,train,3.4200,4758878,1099.05
,4341,5100,train,3.4501,4759969,1099.05
,4342,5100,train,3.3734,4761063,1099.05
,4343,5100,train,3.4296,4762157,1099.04
,4344,5100,train,3.5355,4763324,1099.06
,4345,5100,train,3.5133,4764414,1099.06
,4346,5100,train,3.3795,4765509,1099.06
,4347,5100,train,3.6295,4766607,1099.06
,4348,5100,train,3.4433,4767752,1099.07
,4349,5100,train,3.5319,4768847,1099.07
,4350,5100,train,3.4948,4769948,1099.07
,4351,5100,train,4.7414,4771045,1099.07
,4352,5100,train,3.4077,4772243,1099.09
,4353,5100,train,3.4949,4773333,1099.09
,4354,5100,train,3.4526,4774430,1099.09
,4355,5100,train,3.4694,4775527,1099.09
,4356,5100,train,3.5059,4776650,1099.09
,4357,5100,train,3.5985,4777745,1099.09
,4358,5100,train,3.5565,4778844,1099.09
,4359,5100,train,3.4532,4779944,1099.09
,4360,5100,train,3.4597,4781073,1099.10
,4361,5100,train,3.7051,4782165,1099.10
,4362,5100,train,3.5276,4783264,1099.10
,4363,5100,train,3.3237,4784357,1099.09
,4364,5100,train,3.4042,4785494,1099.10
,4365,5100,train,3.5678,4786582,1099.10
,4366,5100,train,3.2603,4787670,1099.10
,4367,5100,train,3.4803,4788767,1099.10
,4368,5100,train,3.3460,4789894,1099.10
,4369,5100,train,3.4316,4790989,1099.10
,4370,5100,train,3.5257,4792082,1099.10
,4371,5100,train,3.4509,4793171,1099.10
,4372,5100,train,3.5941,4794291,1099.10
,4373,5100,train,3.3854,4795383,1099.10
,4374,5100,train,3.4521,4796476,1099.10
,4375,5100,train,3.2389,4797568,1099.10
,4375,5100,val,3.4452,4797568,1099.10
,4376,5100,train,3.6243,4798732,1099.11
,4377,5100,train,3.3222,4799827,1099.11
,4378,5100,train,3.3287,4800921,1099.11
,4379,5100,train,4.9717,4802014,1099.11
,4380,5100,train,3.5296,4803135,1099.12
,4381,5100,train,3.4137,4804229,1099.11
,4382,5100,train,3.2908,4805326,1099.11
,4383,5100,train,3.3620,4806416,1099.11
,4384,5100,train,3.5797,4807536,1099.12
,4385,5100,train,3.4005,4808759,1099.15
,4386,5100,train,3.3815,4809856,1099.14
,4387,5100,train,3.3422,4810954,1099.14
,4388,5100,train,3.4707,4812074,1099.15
,4389,5100,train,3.4900,4813164,1099.15
,4390,5100,train,3.3258,4814255,1099.14
,4391,5100,train,3.4092,4815350,1099.14
,4392,5100,train,3.4896,4816465,1099.15
,4393,5100,train,3.4762,4817556,1099.15
,4394,5100,train,3.4504,4818651,1099.14
,4395,5100,train,3.4988,4819747,1099.14
,4396,5100,train,3.5629,4820868,1099.15
,4397,5100,train,3.3097,4821961,1099.15
,4398,5100,train,3.4678,4823054,1099.15
,4399,5100,train,3.4287,4824149,1099.15
,4400,5100,train,3.4950,4825272,1099.15
,4401,5100,train,3.3820,4826369,1099.15
,4402,5100,train,3.4999,4827460,1099.15
,4403,5100,train,3.3809,4828552,1099.15
,4404,5100,train,3.3305,4829674,1099.15
,4405,5100,train,3.3217,4830768,1099.15
,4406,5100,train,3.5031,4831868,1099.15
,4407,5100,train,3.3766,4832959,1099.15
,4408,5100,train,3.5256,4834140,1099.17
,4409,5100,train,3.4970,4835235,1099.17
,4410,5100,train,3.4395,4836334,1099.17
,4411,5100,train,3.4274,4837431,1099.17
,4412,5100,train,3.4614,4838613,1099.19
,4413,5100,train,3.3598,4839710,1099.18
,4414,5100,train,3.5967,4840810,1099.18
,4415,5100,train,3.4809,4841906,1099.18
,4416,5100,train,3.4855,4843028,1099.19
,4417,5100,train,3.4177,4844125,1099.19
,4418,5100,train,3.5235,4845224,1099.19
,4419,5100,train,3.4142,4846326,1099.19
,4420,5100,train,3.4601,4847446,1099.19
,4421,5100,train,3.3903,4848536,1099.19
,4422,5100,train,3.3720,4849631,1099.19
,4423,5100,train,3.4158,4850731,1099.19
,4424,5100,train,3.4176,4851904,1099.21
,4425,5100,train,3.5672,4852997,1099.21
,4426,5100,train,3.3662,4854094,1099.21
,4427,5100,train,3.3404,4855190,1099.21
,4428,5100,train,3.3378,4856313,1099.21
,4429,5100,train,3.6764,4857410,1099.21
,4430,5100,train,3.3817,4858507,1099.21
,4431,5100,train,3.3846,4859602,1099.21
,4432,5100,train,3.4997,4860718,1099.21
,4433,5100,train,3.4456,4861809,1099.21
,4434,5100,train,3.4510,4862909,1099.21
,4435,5100,train,3.3957,4864001,1099.21
,4436,5100,train,3.4670,4865119,1099.21
,4437,5100,train,3.1871,4866209,1099.21
,4438,5100,train,3.3244,4867308,1099.21
,4439,5100,train,3.3812,4868404,1099.21
,4440,5100,train,3.3566,4869527,1099.22
,4441,5100,train,3.3732,4870620,1099.21
,4442,5100,train,3.5248,4871712,1099.21
,4443,5100,train,3.4530,4872810,1099.21
,4444,5100,train,3.2659,4873991,1099.23
,4445,5100,train,3.3300,4875079,1099.23
,4446,5100,train,3.1509,4876175,1099.23
,4447,5100,train,3.3984,4877272,1099.23
,4448,5100,train,3.4557,4878396,1099.23
,4449,5100,train,3.3636,4879486,1099.23
,4450,5100,train,3.4520,4880576,1099.23
,4451,5100,train,3.4214,4881670,1099.23
,4452,5100,train,3.6765,4882789,1099.23
,4453,5100,train,3.5349,4883876,1099.23
,4454,5100,train,3.3452,4884973,1099.23
,4455,5100,train,3.4525,4886067,1099.23
,4456,5100,train,3.4131,4887186,1099.23
,4457,5100,train,3.5076,4888278,1099.23
,4458,5100,train,3.6252,4889371,1099.23
,4459,5100,train,3.3222,4890464,1099.23
,4460,5100,train,3.5009,4891585,1099.23
,4461,5100,train,3.3559,4892673,1099.23
,4462,5100,train,3.4308,4893770,1099.23
,4463,5100,train,3.6364,4894866,1099.23
,4464,5100,train,3.4163,4895980,1099.23
,4465,5100,train,3.4110,4897070,1099.23
,4466,5100,train,3.4153,4898165,1099.23
,4467,5100,train,3.4964,4899254,1099.23
,4468,5100,train,3.2837,4900376,1099.23
,4469,5100,train,3.4812,4901469,1099.23
,4470,5100,train,3.4576,4902555,1099.23
,4471,5100,train,3.3983,4903649,1099.23
,4472,5100,train,3.4689,4904760,1099.23
,4473,5100,train,3.4123,4905850,1099.23
,4474,5100,train,3.4200,4906938,1099.22
,4475,5100,train,3.3772,4908029,1099.22
,4476,5100,train,3.4376,4909149,1099.23
,4477,5100,train,3.4467,4910235,1099.22
,4478,5100,train,3.3579,4911330,1099.22
,4479,5100,train,3.3087,4912427,1099.22
,4480,5100,train,3.5258,4913603,1099.24
,4481,5100,train,3.5151,4914695,1099.24
,4482,5100,train,3.3601,4915794,1099.24
,4483,5100,train,3.2647,4916891,1099.24
,4484,5100,train,4.2579,4918002,1099.24
,4485,5100,train,3.4477,4919093,1099.24
,4486,5100,train,3.3959,4920186,1099.24
,4487,5100,train,3.4785,4921276,1099.24
,4488,5100,train,3.4368,4922391,1099.24
,4489,5100,train,3.3969,4923480,1099.24
,4490,5100,train,3.3801,4924574,1099.24
,4491,5100,train,3.4222,4925662,1099.23
,4492,5100,train,3.4638,4926775,1099.24
,4493,5100,train,3.4804,4927867,1099.23
,4494,5100,train,3.3651,4928955,1099.23
,4495,5100,train,3.5109,4930047,1099.23
,4496,5100,train,3.4264,4931154,1099.23
,4497,5100,train,3.3938,4932246,1099.23
,4498,5100,train,3.4281,4933334,1099.23
,4499,5100,train,3.3568,4934428,1099.23
,4500,5100,train,3.3567,4935536,1099.23
,4500,5100,val,3.4321,4935536,1099.23
,4501,5100,train,3.4746,4936628,1099.23
,4502,5100,train,3.3484,4937719,1099.23
,4503,5100,train,3.4430,4938809,1099.22
,4504,5100,train,3.5565,4939919,1099.23
,4505,5100,train,3.3534,4941008,1099.22
,4506,5100,train,3.4940,4942100,1099.22
,4507,5100,train,3.0885,4943189,1099.22
,4508,5100,train,3.4201,4944307,1099.22
,4509,5100,train,3.3608,4945400,1099.22
,4510,5100,train,3.4011,4946497,1099.22
,4511,5100,train,3.5860,4947584,1099.22
,4512,5100,train,3.3293,4948710,1099.22
,4513,5100,train,3.4357,4949803,1099.22
,4514,5100,train,3.4729,4950897,1099.22
,4515,5100,train,3.4873,4951984,1099.22
,4516,5100,train,3.5009,4953094,1099.22
,4517,5100,train,3.5012,4954182,1099.22
,4518,5100,train,3.3316,4955271,1099.22
,4519,5100,train,3.4747,4956360,1099.21
,4520,5100,train,3.3189,4957468,1099.22
,4521,5100,train,3.3969,4958560,1099.22
,4522,5100,train,3.4151,4959650,1099.21
,4523,5100,train,3.3080,4960740,1099.21
,4524,5100,train,3.4739,4961852,1099.21
,4525,5100,train,3.4829,4962941,1099.21
,4526,5100,train,3.2983,4964026,1099.21
,4527,5100,train,3.4412,4965115,1099.21
,4528,5100,train,3.4680,4966222,1099.21
,4529,5100,train,3.2267,4967312,1099.21
,4530,5100,train,3.3071,4968401,1099.20
,4531,5100,train,3.4192,4969492,1099.20
,4532,5100,train,3.4907,4970599,1099.20
,4533,5100,train,3.4960,4971688,1099.20
,4534,5100,train,3.6380,4972779,1099.20
,4535,5100,train,3.4608,4973869,1099.20
,4536,5100,train,3.4248,4974979,1099.20
,4537,5100,train,3.4816,4976063,1099.20
,4538,5100,train,3.4414,4977159,1099.20
,4539,5100,train,3.5343,4978248,1099.19
,4540,5100,train,3.6475,4979354,1099.20
,4541,5100,train,3.4641,4980442,1099.19
,4542,5100,train,3.3945,4981537,1099.19
,4543,5100,train,3.5314,4982626,1099.19
,4544,5100,train,3.3893,4983756,1099.20
,4545,5100,train,3.3607,4984843,1099.19
,4546,5100,train,3.3083,4985938,1099.19
,4547,5100,train,3.4118,4987033,1099.19
,4548,5100,train,3.2270,4988139,1099.19
,4549,5100,train,3.6590,4989223,1099.19
,4550,5100,train,3.8425,4990316,1099.19
,4551,5100,train,3.3080,4991404,1099.19
,4552,5100,train,3.3684,4992516,1099.19
,4553,5100,train,3.3304,4993606,1099.19
,4554,5100,train,3.4125,4994692,1099.18
,4555,5100,train,3.5630,4995783,1099.18
,4556,5100,train,3.2633,4996896,1099.19
,4557,5100,train,3.3986,4997983,1099.18
,4558,5100,train,3.4201,4999072,1099.18
,4559,5100,train,3.4501,5000163,1099.18
,4560,5100,train,3.2479,5001269,1099.18
,4561,5100,train,3.4577,5002360,1099.18
,4562,5100,train,3.3297,5003451,1099.18
,4563,5100,train,3.2403,5004539,1099.17
,4564,5100,train,3.3385,5005647,1099.18
,4565,5100,train,3.3453,5006739,1099.17
,4566,5100,train,3.4362,5007833,1099.17
,4567,5100,train,3.4445,5008921,1099.17
,4568,5100,train,3.4138,5010029,1099.17
,4569,5100,train,3.2521,5011119,1099.17
,4570,5100,train,3.3319,5012216,1099.17
,4571,5100,train,3.3767,5013302,1099.17
,4572,5100,train,3.3603,5014414,1099.17
,4573,5100,train,3.5767,5015503,1099.17
,4574,5100,train,3.2702,5016597,1099.17
,4575,5100,train,3.4439,5017797,1099.19
,4576,5100,train,3.5334,5018902,1099.19
,4577,5100,train,3.5550,5019991,1099.19
,4578,5100,train,3.3826,5021082,1099.19
,4579,5100,train,3.4560,5022177,1099.19
,4580,5100,train,3.4801,5023320,1099.19
,4581,5100,train,3.4018,5024405,1099.19
,4582,5100,train,3.3658,5025498,1099.19
,4583,5100,train,3.3816,5026591,1099.19
,4584,5100,train,3.3499,5027720,1099.20
,4585,5100,train,3.3561,5028808,1099.19
,4586,5100,train,3.2288,5029901,1099.19
,4587,5100,train,3.6658,5030994,1099.19
,4588,5100,train,3.4606,5032099,1099.19
,4589,5100,train,3.4902,5033187,1099.19
,4590,5100,train,3.3989,5034278,1099.19
,4591,5100,train,3.5339,5035363,1099.18
,4592,5100,train,3.4681,5036474,1099.19
,4593,5100,train,3.4497,5037560,1099.18
,4594,5100,train,3.2992,5038651,1099.18
,4595,5100,train,3.4024,5039739,1099.18
,4596,5100,train,3.2849,5040847,1099.18
,4597,5100,train,3.4865,5041935,1099.18
,4598,5100,train,3.4743,5043020,1099.18
,4599,5100,train,3.2897,5044104,1099.17
,4600,5100,train,3.4324,5045209,1099.17
,4601,5100,train,3.4776,5046299,1099.17
,4602,5100,train,3.3704,5047385,1099.17
,4603,5100,train,3.4452,5048478,1099.17
,4604,5100,train,3.3105,5049584,1099.17
,4605,5100,train,3.4261,5050674,1099.17
,4606,5100,train,3.2437,5051762,1099.16
,4607,5100,train,3.4315,5052849,1099.16
,4608,5100,train,3.5364,5053954,1099.16
,4609,5100,train,3.3944,5055040,1099.16
,4610,5100,train,3.3784,5056127,1099.16
,4611,5100,train,3.4043,5057220,1099.16
,4612,5100,train,3.3008,5058324,1099.16
,4613,5100,train,3.3446,5059411,1099.16
,4614,5100,train,3.3442,5060502,1099.15
,4615,5100,train,3.3374,5061598,1099.15
,4616,5100,train,3.3397,5062737,1099.16
,4617,5100,train,3.4842,5063824,1099.16
,4618,5100,train,3.3894,5064919,1099.16
,4619,5100,train,3.2693,5066007,1099.16
,4620,5100,train,3.3626,5067118,1099.16
,4621,5100,train,3.4038,5068207,1099.16
,4622,5100,train,3.3636,5069297,1099.15
,4623,5100,train,3.2904,5070383,1099.15
,4624,5100,train,3.4241,5071488,1099.15
,4625,5100,train,3.5580,5072578,1099.15
,4625,5100,val,3.4215,5072578,1099.15
,4626,5100,train,3.3847,5073669,1099.15
,4627,5100,train,3.8665,5074760,1099.15
,4628,5100,train,3.3456,5075867,1099.15
,4629,5100,train,3.2517,5076957,1099.15
,4630,5100,train,3.1980,5078041,1099.14
,4631,5100,train,3.3857,5079134,1099.14
,4632,5100,train,3.2307,5080242,1099.14
,4633,5100,train,3.3514,5081329,1099.14
,4634,5100,train,3.3343,5082420,1099.14
,4635,5100,train,3.2420,5083512,1099.14
,4636,5100,train,3.2311,5084615,1099.14
,4637,5100,train,3.3883,5085702,1099.14
,4638,5100,train,3.5338,5086792,1099.13
,4639,5100,train,3.5311,5087880,1099.13
,4640,5100,train,3.5222,5088993,1099.13
,4641,5100,train,3.2255,5090081,1099.13
,4642,5100,train,3.3586,5091174,1099.13
,4643,5100,train,3.2988,5092262,1099.13
,4644,5100,train,3.3283,5093412,1099.14
,4645,5100,train,3.4297,5094497,1099.14
,4646,5100,train,3.2477,5095588,1099.13
,4647,5100,train,3.3467,5096682,1099.13
,4648,5100,train,3.3602,5097792,1099.14
,4649,5100,train,3.3447,5098881,1099.13
,4650,5100,train,3.5221,5099970,1099.13
,4651,5100,train,3.3252,5101062,1099.13
,4652,5100,train,3.2960,5102170,1099.13
,4653,5100,train,3.3442,5103260,1099.13
,4654,5100,train,3.4861,5104347,1099.13
,4655,5100,train,3.4142,5105439,1099.13
,4656,5100,train,3.4121,5106541,1099.13
,4657,5100,train,3.5674,5107625,1099.12
,4658,5100,train,3.6161,5108716,1099.12
,4659,5100,train,3.3063,5109802,1099.12
,4660,5100,train,3.3808,5110908,1099.12
,4661,5100,train,3.5967,5111997,1099.12
,4662,5100,train,3.3568,5113084,1099.12
,4663,5100,train,3.2373,5114170,1099.11
,4664,5100,train,3.1702,5115277,1099.11
,4665,5100,train,3.3983,5116365,1099.11
,4666,5100,train,3.3171,5117458,1099.11
,4667,5100,train,3.3339,5118543,1099.11
,4668,5100,train,3.2640,5119654,1099.11
,4669,5100,train,3.2452,5120743,1099.11
,4670,5100,train,3.4257,5121834,1099.11
,4671,5100,train,3.4043,5122923,1099.10
,4672,5100,train,3.3349,5124027,1099.10
,4673,5100,train,3.3047,5125118,1099.10
,4674,5100,train,3.4277,5126209,1099.10
,4675,5100,train,3.2392,5127299,1099.10
,4676,5100,train,3.4477,5128405,1099.10
,4677,5100,train,3.5627,5129491,1099.10
,4678,5100,train,3.3225,5130582,1099.10
,4679,5100,train,3.3302,5131679,1099.10
,4680,5100,train,3.4338,5132798,1099.10
,4681,5100,train,3.3845,5133885,1099.10
,4682,5100,train,3.3900,5134979,1099.10
,4683,5100,train,3.3695,5136069,1099.09
,4684,5100,train,3.3768,5137204,1099.10
,4685,5100,train,3.3123,5138288,1099.10
,4686,5100,train,3.2959,5139379,1099.10
,4687,5100,train,3.3714,5140466,1099.09
,4688,5100,train,3.4202,5141583,1099.10
,4689,5100,train,3.4606,5142672,1099.10
,4690,5100,train,3.2872,5143762,1099.09
,4691,5100,train,3.2946,5144855,1099.09
,4692,5100,train,3.5564,5145964,1099.10
,4693,5100,train,3.4574,5147058,1099.09
,4694,5100,train,3.4061,5148143,1099.09
,4695,5100,train,3.4182,5149230,1099.09
,4696,5100,train,3.5407,5150343,1099.09
,4697,5100,train,3.4203,5151429,1099.09
,4698,5100,train,3.5819,5152520,1099.09
,4699,5100,train,3.3114,5153607,1099.08
,4700,5100,train,3.2476,5154720,1099.09
,4701,5100,train,3.4430,5155806,1099.08
,4702,5100,train,3.3672,5156897,1099.08
,4703,5100,train,3.2995,5157985,1099.08
,4704,5100,train,3.3548,5159096,1099.08
,4705,5100,train,3.5678,5160184,1099.08
,4706,5100,train,3.3675,5161277,1099.08
,4707,5100,train,3.3553,5162364,1099.08
,4708,5100,train,3.4586,5163479,1099.08
,4709,5100,train,3.4054,5164568,1099.08
,4710,5100,train,3.2895,5165659,1099.08
,4711,5100,train,3.4250,5166746,1099.07
,4712,5100,train,3.3500,5167855,1099.08
,4713,5100,train,3.3085,5168944,1099.07
,4714,5100,train,3.5398,5170032,1099.07
,4715,5100,train,3.3993,5171125,1099.07
,4716,5100,train,3.4656,5172255,1099.08
,4717,5100,train,3.3072,5173344,1099.07
,4718,5100,train,3.3757,5174438,1099.07
,4719,5100,train,3.2622,5175529,1099.07
,4720,5100,train,3.4786,5176655,1099.08
,4721,5100,train,3.5359,5177745,1099.08
,4722,5100,train,3.3300,5178834,1099.07
,4723,5100,train,3.2855,5179923,1099.07
,4724,5100,train,3.4473,5181035,1099.07
,4725,5100,train,3.2501,5182124,1099.07
,4726,5100,train,3.4970,5183214,1099.07
,4727,5100,train,3.5881,5184303,1099.07
,4728,5100,train,3.4540,5185411,1099.07
,4729,5100,train,3.3360,5186500,1099.07
,4730,5100,train,3.4612,5187587,1099.06
,4731,5100,train,3.3455,5188678,1099.06
,4732,5100,train,3.3261,5189787,1099.07
,4733,5100,train,3.4994,5190877,1099.06
,4734,5100,train,3.2673,5191963,1099.06
,4735,5100,train,3.4820,5193053,1099.06
,4736,5100,train,3.3138,5194160,1099.06
,4737,5100,train,3.3308,5195246,1099.06
,4738,5100,train,3.4139,5196338,1099.06
,4739,5100,train,3.3543,5197429,1099.05
,4740,5100,train,3.4238,5198539,1099.06
,4741,5100,train,3.3973,5199625,1099.05
,4742,5100,train,3.3557,5200718,1099.05
,4743,5100,train,3.3813,5201804,1099.05
,4744,5100,train,3.6740,5202912,1099.05
,4745,5100,train,3.3398,5203998,1099.05
,4746,5100,train,3.3511,5205086,1099.05
,4747,5100,train,3.3191,5206178,1099.05
,4748,5100,train,3.2357,5207288,1099.05
,4749,5100,train,3.3152,5208372,1099.04
,4750,5100,train,3.3210,5209461,1099.04
,4750,5100,val,3.4113,5209462,1099.04
,4751,5100,train,3.4901,5210552,1099.04
,4752,5100,train,3.4433,5211660,1099.04
,4753,5100,train,3.3002,5212748,1099.04
,4754,5100,train,3.4745,5213838,1099.04
,4755,5100,train,3.5310,5214926,1099.04
,4756,5100,train,3.4497,5216033,1099.04
,4757,5100,train,3.1558,5217122,1099.04
,4758,5100,train,3.3559,5218214,1099.03
,4759,5100,train,3.4813,5219303,1099.03
,4760,5100,train,3.3183,5220410,1099.03
,4761,5100,train,3.3705,5221501,1099.03
,4762,5100,train,3.3645,5222592,1099.03
,4763,5100,train,3.3059,5223685,1099.03
,4764,5100,train,3.6895,5224793,1099.03
,4765,5100,train,3.3076,5225884,1099.03
,4766,5100,train,3.5950,5227081,1099.05
,4767,5100,train,3.3945,5228169,1099.05
,4768,5100,train,3.3578,5229278,1099.05
,4769,5100,train,3.5290,5230368,1099.05
,4770,5100,train,3.5226,5231461,1099.05
,4771,5100,train,3.3195,5232550,1099.04
,4772,5100,train,3.3999,5233660,1099.05
,4773,5100,train,3.5231,5234746,1099.04
,4774,5100,train,3.7052,5235839,1099.04
,4775,5100,train,3.3692,5236928,1099.04
,4776,5100,train,3.4044,5238038,1099.04
,4777,5100,train,3.4688,5239126,1099.04
,4778,5100,train,3.5265,5240218,1099.04
,4779,5100,train,3.3813,5241306,1099.04
,4780,5100,train,3.2769,5242451,1099.05
,4781,5100,train,3.3403,5243545,1099.05
,4782,5100,train,3.3644,5244640,1099.04
,4783,5100,train,3.3775,5245736,1099.04
,4784,5100,train,3.6064,5246843,1099.05
,4785,5100,train,3.3420,5247930,1099.04
,4786,5100,train,3.4149,5249022,1099.04
,4787,5100,train,3.4523,5250106,1099.04
,4788,5100,train,3.2581,5251211,1099.04
,4789,5100,train,3.3671,5252302,1099.04
,4790,5100,train,3.3508,5253389,1099.04
,4791,5100,train,3.3540,5254482,1099.03
,4792,5100,train,3.3304,5255587,1099.04
,4793,5100,train,3.4225,5256677,1099.03
,4794,5100,train,3.2062,5257766,1099.03
,4795,5100,train,3.4921,5258860,1099.03
,4796,5100,train,3.4535,5259963,1099.03
,4797,5100,train,3.3162,5261048,1099.03
,4798,5100,train,3.4925,5262137,1099.03
,4799,5100,train,3.3168,5263227,1099.02
,4800,5100,train,3.3657,5264337,1099.03
,4801,5100,train,3.3626,5265425,1099.02
,4802,5100,train,3.2493,5266511,1099.02
,4803,5100,train,3.5105,5267601,1099.02
,4804,5100,train,3.3283,5268712,1099.02
,4805,5100,train,3.3214,5269803,1099.02
,4806,5100,train,3.2191,5270897,1099.02
,4807,5100,train,3.3353,5271986,1099.02
,4808,5100,train,3.4199,5273105,1099.02
,4809,5100,train,3.6661,5274190,1099.02
,4810,5100,train,3.3302,5275281,1099.02
,4811,5100,train,3.3956,5276368,1099.01
,4812,5100,train,3.2993,5277476,1099.02
,4813,5100,train,3.3419,5278566,1099.01
,4814,5100,train,3.3150,5279663,1099.01
,4815,5100,train,3.2233,5280759,1099.01
,4816,5100,train,3.5751,5281908,1099.02
,4817,5100,train,3.3806,5282995,1099.02
,4818,5100,train,3.4191,5284083,1099.02
,4819,5100,train,3.2524,5285178,1099.02
,4820,5100,train,3.5484,5286283,1099.02
,4821,5100,train,3.3086,5287372,1099.02
,4822,5100,train,3.3882,5288463,1099.02
,4823,5100,train,3.2676,5289553,1099.01
,4824,5100,train,3.5691,5290660,1099.02
,4825,5100,train,3.5259,5291746,1099.01
,4826,5100,train,3.4610,5292839,1099.01
,4827,5100,train,3.3530,5293927,1099.01
,4828,5100,train,3.5745,5295035,1099.01
,4829,5100,train,3.3830,5296123,1099.01
,4830,5100,train,3.3787,5297210,1099.01
,4831,5100,train,3.3228,5298302,1099.00
,4832,5100,train,3.3983,5299405,1099.01
,4833,5100,train,3.4046,5300494,1099.00
,4834,5100,train,3.2659,5301584,1099.00
,4835,5100,train,3.2627,5302672,1099.00
,4836,5100,train,3.3455,5303780,1099.00
,4837,5100,train,3.5512,5304868,1099.00
,4838,5100,train,3.2612,5305960,1099.00
,4839,5100,train,3.2754,5307045,1098.99
,4840,5100,train,3.3241,5308150,1099.00
,4841,5100,train,3.4807,5309234,1098.99
,4842,5100,train,3.3729,5310324,1098.99
,4843,5100,train,3.3866,5311414,1098.99
,4844,5100,train,3.2275,5312523,1098.99
,4845,5100,train,3.4142,5313609,1098.99
,4846,5100,train,3.3081,5314700,1098.99
,4847,5100,train,3.3594,5315791,1098.99
,4848,5100,train,3.3501,5316942,1099.00
,4849,5100,train,3.3253,5318029,1098.99
,4850,5100,train,3.6217,5319126,1098.99
,4851,5100,train,3.3612,5320224,1098.99
,4852,5100,train,3.2143,5321330,1098.99
,4853,5100,train,3.4234,5322417,1098.99
,4854,5100,train,3.3256,5323505,1098.99
,4855,5100,train,3.2469,5324596,1098.99
,4856,5100,train,3.3977,5325703,1098.99
,4857,5100,train,3.3166,5326790,1098.99
,4858,5100,train,3.4064,5327881,1098.99
,4859,5100,train,3.3016,5328968,1098.98
,4860,5100,train,3.3553,5330079,1098.99
,4861,5100,train,3.2219,5331167,1098.98
,4862,5100,train,3.3409,5332259,1098.98
,4863,5100,train,3.3468,5333348,1098.98
,4864,5100,train,3.4672,5334455,1098.98
,4865,5100,train,3.2708,5335543,1098.98
,4866,5100,train,3.2756,5336631,1098.98
,4867,5100,train,3.0703,5337721,1098.97
,4868,5100,train,3.3472,5338825,1098.98
,4869,5100,train,3.2904,5339913,1098.97
,4870,5100,train,3.3264,5341001,1098.97
,4871,5100,train,3.1708,5342088,1098.97
,4872,5100,train,3.3115,5343199,1098.97
,4873,5100,train,3.3005,5344287,1098.97
,4874,5100,train,3.3041,5345377,1098.97
,4875,5100,train,3.1671,5346465,1098.97
,4875,5100,val,3.4027,5346466,1098.97
,4876,5100,train,3.3124,5347610,1098.97
,4877,5100,train,3.1360,5348697,1098.97
,4878,5100,train,3.1855,5349788,1098.97
,4879,5100,train,3.4341,5350879,1098.97
,4880,5100,train,3.3179,5351984,1098.97
,4881,5100,train,3.5939,5353071,1098.97
,4882,5100,train,3.4223,5354162,1098.97
,4883,5100,train,3.0810,5355247,1098.96
,4884,5100,train,3.3387,5356350,1098.96
,4885,5100,train,3.4654,5357439,1098.96
,4886,5100,train,3.4575,5358529,1098.96
,4887,5100,train,3.2732,5359619,1098.96
,4888,5100,train,3.3096,5360724,1098.96
,4889,5100,train,3.4022,5361813,1098.96
,4890,5100,train,3.5181,5362901,1098.96
,4891,5100,train,3.3066,5363989,1098.95
,4892,5100,train,3.2884,5365099,1098.96
,4893,5100,train,3.4905,5366188,1098.95
,4894,5100,train,3.5955,5367279,1098.95
,4895,5100,train,3.1974,5368369,1098.95
,4896,5100,train,3.3881,5369475,1098.95
,4897,5100,train,3.2817,5370565,1098.95
,4898,5100,train,3.4006,5371656,1098.95
,4899,5100,train,3.3362,5372745,1098.95
,4900,5100,train,3.1777,5373852,1098.95
,4901,5100,train,3.4745,5374943,1098.95
,4902,5100,train,3.2873,5376032,1098.94
,4903,5100,train,3.4508,5377123,1098.94
,4904,5100,train,3.3788,5378225,1098.94
,4905,5100,train,2.8924,5379316,1098.94
,4906,5100,train,3.2954,5380406,1098.94
,4907,5100,train,3.3627,5381493,1098.94
,4908,5100,train,3.4098,5382634,1098.95
,4909,5100,train,3.3633,5383720,1098.94
,4910,5100,train,3.4299,5384809,1098.94
,4911,5100,train,3.4015,5385904,1098.94
,4912,5100,train,3.4681,5387017,1098.94
,4913,5100,train,3.2903,5388106,1098.94
,4914,5100,train,3.5369,5389197,1098.94
,4915,5100,train,3.3232,5390286,1098.94
,4916,5100,train,3.1951,5391394,1098.94
,4917,5100,train,3.3937,5392485,1098.94
,4918,5100,train,3.2891,5393571,1098.93
,4919,5100,train,3.3850,5394662,1098.93
,4920,5100,train,3.2552,5395772,1098.94
,4921,5100,train,3.4140,5396864,1098.93
,4922,5100,train,3.4615,5397955,1098.93
,4923,5100,train,3.2974,5399043,1098.93
,4924,5100,train,3.2854,5400148,1098.93
,4925,5100,train,3.3255,5401243,1098.93
,4926,5100,train,3.1588,5402332,1098.93
,4927,5100,train,3.2779,5403418,1098.93
,4928,5100,train,3.3616,5404526,1098.93
,4929,5100,train,3.1787,5405612,1098.93
,4930,5100,train,3.3326,5406702,1098.92
,4931,5100,train,3.3536,5407792,1098.92
,4932,5100,train,3.3349,5408899,1098.92
,4933,5100,train,3.3271,5409989,1098.92
,4934,5100,train,3.1673,5411079,1098.92
,4935,5100,train,3.4045,5412169,1098.92
,4936,5100,train,2.9718,5413281,1098.92
,4937,5100,train,3.2575,5414368,1098.92
,4938,5100,train,3.2913,5415459,1098.92
,4939,5100,train,3.4029,5416546,1098.91
,4940,5100,train,3.2546,5417658,1098.92
,4941,5100,train,3.4372,5418745,1098.91
,4942,5100,train,3.3277,5419830,1098.91
,4943,5100,train,3.2541,5420923,1098.91
,4944,5100,train,3.2446,5422068,1098.92
,4945,5100,train,3.3918,5423154,1098.92
,4946,5100,train,3.3752,5424247,1098.92
,4947,5100,train,3.3128,5425339,1098.91
,4948,5100,train,3.3142,5426445,1098.92
,4949,5100,train,3.6772,5427529,1098.91
,4950,5100,train,3.3196,5428624,1098.91
,4951,5100,train,3.4454,5429712,1098.91
,4952,5100,train,3.3443,5430822,1098.91
,4953,5100,train,3.2607,5431908,1098.91
,4954,5100,train,3.1811,5433001,1098.91
,4955,5100,train,3.1754,5434094,1098.91
,4956,5100,train,3.1785,5435202,1098.91
,4957,5100,train,3.3650,5436390,1098.93
,4958,5100,train,3.3503,5437485,1098.93
,4959,5100,train,3.4028,5438574,1098.92
,4960,5100,train,3.3121,5439680,1098.93
,4961,5100,train,3.2900,5440767,1098.92
,4962,5100,train,3.3123,5441860,1098.92
,4963,5100,train,3.3221,5442949,1098.92
,4964,5100,train,3.3395,5444061,1098.92
,4965,5100,train,3.2961,5445147,1098.92
,4966,5100,train,3.4759,5446235,1098.92
,4967,5100,train,3.2319,5447324,1098.92
,4968,5100,train,3.3869,5448431,1098.92
,4969,5100,train,3.3201,5449526,1098.92
,4970,5100,train,3.2112,5450619,1098.92
,4971,5100,train,3.1777,5451707,1098.91
,4972,5100,train,3.2664,5452811,1098.91
,4973,5100,train,3.2639,5453902,1098.91
,4974,5100,train,3.2068,5454989,1098.91
,4975,5100,train,3.4442,5456082,1098.91
,4976,5100,train,3.2805,5457217,1098.92
,4977,5100,train,3.1901,5458304,1098.91
,4978,5100,train,3.3306,5459399,1098.91
,4979,5100,train,3.3314,5460490,1098.91
,4980,5100,train,3.1422,5461606,1098.91
,4981,5100,train,3.5029,5462693,1098.91
,4982,5100,train,3.4687,5463786,1098.91
,4983,5100,train,3.3336,5464876,1098.91
,4984,5100,train,3.4913,5465984,1098.91
,4985,5100,train,3.3900,5467071,1098.91
,4986,5100,train,3.3257,5468161,1098.91
,4987,5100,train,3.4571,5469248,1098.90
,4988,5100,train,3.4330,5470356,1098.91
,4989,5100,train,3.3095,5471443,1098.90
,4990,5100,train,3.2798,5472531,1098.90
,4991,5100,train,3.3051,5473623,1098.90
,4992,5100,train,3.3113,5474743,1098.90
,4993,5100,train,3.3377,5475831,1098.90
,4994,5100,train,3.3343,5476924,1098.90
,4995,5100,train,3.3866,5478010,1098.90
,4996,5100,train,3.3146,5479121,1098.90
,4997,5100,train,3.4037,5480208,1098.90
,4998,5100,train,3.2940,5481303,1098.90
,4999,5100,train,3.4027,5482389,1098.90
,5000,5100,train,3.2625,5483499,1098.90
,5000,5100,val,3.3949,5483500,1098.90
,5001,5100,train,3.2530,5484594,1098.90
,5002,5100,train,3.2088,5485681,1098.89
,5003,5100,train,3.2044,5486772,1098.89
,5004,5100,train,3.2677,5487920,1098.90
,5005,5100,train,3.3381,5489013,1098.90
,5006,5100,train,3.1232,5490108,1098.90
,5007,5100,train,3.3149,5491207,1098.90
,5008,5100,train,3.3251,5492312,1098.90
,5009,5100,train,3.2993,5493408,1098.90
,5010,5100,train,3.3403,5494498,1098.90
,5011,5100,train,3.3227,5495587,1098.90
,5012,5100,train,3.2979,5496690,1098.90
,5013,5100,train,3.5169,5497777,1098.90
,5014,5100,train,3.3534,5498869,1098.89
,5015,5100,train,3.3991,5499957,1098.89
,5016,5100,train,3.1507,5501071,1098.90
,5017,5100,train,3.3031,5502156,1098.89
,5018,5100,train,3.2472,5503250,1098.89
,5019,5100,train,3.3860,5504340,1098.89
,5020,5100,train,3.3098,5505447,1098.89
,5021,5100,train,3.2574,5506533,1098.89
,5022,5100,train,3.3290,5507617,1098.89
,5023,5100,train,3.3183,5508711,1098.89
,5024,5100,train,3.1756,5509821,1098.89
,5025,5100,train,3.2596,5510912,1098.89
,5026,5100,train,3.6259,5512004,1098.88
,5027,5100,train,3.2186,5513092,1098.88
,5028,5100,train,3.2254,5514207,1098.89
,5029,5100,train,3.3802,5515297,1098.88
,5030,5100,train,3.2837,5516387,1098.88
,5031,5100,train,3.1555,5517479,1098.88
,5032,5100,train,3.3047,5518586,1098.88
,5033,5100,train,3.3181,5519675,1098.88
,5034,5100,train,3.3539,5520760,1098.88
,5035,5100,train,3.2810,5521851,1098.88
,5036,5100,train,3.2172,5522958,1098.88
,5037,5100,train,3.3455,5524049,1098.88
,5038,5100,train,3.1668,5525136,1098.87
,5039,5100,train,3.3400,5526229,1098.87
,5040,5100,train,3.2106,5527374,1098.88
,5041,5100,train,3.3055,5528467,1098.88
,5042,5100,train,3.3197,5529560,1098.88
,5043,5100,train,3.1863,5530654,1098.88
,5044,5100,train,3.3300,5531764,1098.88
,5045,5100,train,3.3049,5532853,1098.88
,5046,5100,train,3.1413,5533945,1098.88
,5047,5100,train,3.4066,5535033,1098.87
,5048,5100,train,3.3806,5536136,1098.88
,5049,5100,train,3.3430,5537224,1098.87
,5050,5100,train,3.2992,5538313,1098.87
,5051,5100,train,3.4275,5539403,1098.87
,5052,5100,train,3.4057,5540508,1098.87
,5053,5100,train,3.3173,5541593,1098.87
,5054,5100,train,3.5652,5542683,1098.87
,5055,5100,train,3.2484,5543773,1098.86
,5056,5100,train,3.5619,5544884,1098.87
,5057,5100,train,3.3063,5545972,1098.87
,5058,5100,train,3.3930,5547062,1098.86
,5059,5100,train,3.4110,5548154,1098.86
,5060,5100,train,3.4321,5549270,1098.87
,5061,5100,train,3.2686,5550358,1098.86
,5062,5100,train,3.3342,5551452,1098.86
,5063,5100,train,3.2956,5552547,1098.86
,5064,5100,train,3.2116,5553655,1098.86
,5065,5100,train,3.3194,5554740,1098.86
,5066,5100,train,3.3204,5555832,1098.86
,5067,5100,train,3.3150,5556923,1098.86
,5068,5100,train,3.3813,5558031,1098.86
,5069,5100,train,3.6725,5559117,1098.86
,5070,5100,train,3.2933,5560207,1098.86
,5071,5100,train,3.2588,5561295,1098.85
,5072,5100,train,3.3020,5562404,1098.86
,5073,5100,train,3.3890,5563491,1098.85
,5074,5100,train,3.3473,5564584,1098.85
,5075,5100,train,3.3194,5565676,1098.85
,5076,5100,train,3.2650,5566826,1098.86
,5077,5100,train,3.2527,5567916,1098.86
,5078,5100,train,3.3735,5569010,1098.86
,5079,5100,train,3.2109,5570098,1098.86
,5080,5100,train,3.3586,5571210,1098.86
,5081,5100,train,3.4172,5572298,1098.86
,5082,5100,train,3.2690,5573390,1098.85
,5083,5100,train,3.3755,5574477,1098.85
,5084,5100,train,3.3376,5575589,1098.85
,5085,5100,train,3.3130,5576679,1098.85
,5086,5100,train,3.4036,5577770,1098.85
,5087,5100,train,3.2200,5578859,1098.85
,5088,5100,train,3.0428,5579967,1098.85
,5089,5100,train,3.3465,5581056,1098.85
,5090,5100,train,3.3542,5582148,1098.85
,5091,5100,train,3.3030,5583233,1098.85
,5092,5100,train,3.5768,5584341,1098.85
,5093,5100,train,3.4040,5585430,1098.85
,5094,5100,train,3.3820,5586521,1098.84
,5095,5100,train,3.3375,5587611,1098.84
,5096,5100,train,3.3872,5588715,1098.84
,5097,5100,train,3.2178,5589805,1098.84
,5098,5100,train,3.3700,5590894,1098.84
,5099,5100,train,3.1534,5591984,1098.84
,5100,5100,train,3.3261,5593089,1098.84
,5100,5100,val,3.3921,5593090,1098.84
