experiment,step,total_steps,split,loss,train_time_ms,step_avg_ms
,,,train,,,
,{step},{args.num_iterations},val,{val_loss,,
,{step},{args.num_iterations},val,{val_loss,,
,,,train,,,
,{step+1},{args.num_iterations},train,{train_loss.item(),,
,{step+1},{args.num_iterations},train,{train_loss.item(),,
,0,5100,val,15.9933,213,
,1,5100,train,15.9950,42938,
,2,5100,train,9.6403,44032,
,3,5100,train,8.6598,45127,
,4,5100,train,8.1290,46229,
,5,5100,train,7.7691,47329,
,6,5100,train,7.4167,48428,
,7,5100,train,7.3043,49535,
,8,5100,train,7.3143,50637,
,9,5100,train,7.1130,51738,
,10,5100,train,7.1243,52839,
,11,5100,train,6.8964,1107,
,12,5100,train,6.9507,2212,
,13,5100,train,6.8784,3319,1106.18
,14,5100,train,6.6194,4419,1104.74
,15,5100,train,6.7403,5527,1105.41
,16,5100,train,6.7363,6639,1106.56
,17,5100,train,6.5808,7745,1106.38
,18,5100,train,6.5301,8862,1107.75
,19,5100,train,6.4010,9970,1107.75
,20,5100,train,6.4378,11086,1108.56
,21,5100,train,6.5368,12205,1109.52
,22,5100,train,6.4889,13314,1109.47
,23,5100,train,6.1961,14418,1109.11
,24,5100,train,6.1622,15527,1109.06
,25,5100,train,6.2515,16638,1109.18
,26,5100,train,6.2195,17743,1108.92
,27,5100,train,6.3342,18849,1108.77
,28,5100,train,6.2044,19959,1108.85
,29,5100,train,6.1918,21067,1108.78
,30,5100,train,6.1081,22176,1108.81
,31,5100,train,6.1063,23280,1108.59
,32,5100,train,6.2127,24393,1108.80
,33,5100,train,6.1264,25501,1108.74
,34,5100,train,5.9943,26607,1108.64
,35,5100,train,5.9830,27720,1108.78
,36,5100,train,6.0497,28823,1108.56
,37,5100,train,5.7573,29935,1108.70
,38,5100,train,6.1108,31041,1108.60
,39,5100,train,6.0598,32155,1108.80
,40,5100,train,6.0355,33263,1108.78
,41,5100,train,5.8762,34376,1108.90
,42,5100,train,6.0710,35484,1108.87
,43,5100,train,5.9511,36596,1108.96
,44,5100,train,5.8305,37701,1108.84
,45,5100,train,5.7830,38809,1108.82
,46,5100,train,5.9252,39919,1108.86
,47,5100,train,5.8900,41033,1108.99
,48,5100,train,5.7522,42143,1109.02
,49,5100,train,5.7303,43253,1109.05
,50,5100,train,5.7403,44360,1109.00
,51,5100,train,5.7957,45460,1108.78
,52,5100,train,5.8062,46562,1108.63
,53,5100,train,5.9375,47666,1108.52
,54,5100,train,5.6235,48771,1108.43
,55,5100,train,5.6766,49884,1108.54
,56,5100,train,5.6939,50993,1108.54
,57,5100,train,5.7110,52101,1108.53
,58,5100,train,5.5080,53217,1108.68
,59,5100,train,5.6936,54330,1108.77
,60,5100,train,5.6848,55445,1108.90
,61,5100,train,5.6190,56551,1108.85
,62,5100,train,5.7735,57663,1108.91
,63,5100,train,5.5885,58767,1108.82
,64,5100,train,5.7051,59876,1108.82
,65,5100,train,5.5347,60980,1108.72
,66,5100,train,5.6470,62080,1108.57
,67,5100,train,5.5346,63181,1108.43
,68,5100,train,5.6686,64281,1108.30
,69,5100,train,5.5067,65385,1108.23
,70,5100,train,5.5519,66494,1108.23
,71,5100,train,5.6433,67598,1108.16
,72,5100,train,5.4240,68700,1108.06
,73,5100,train,5.5286,69801,1107.95
,74,5100,train,5.5428,70902,1107.84
,75,5100,train,5.4242,72007,1107.81
,76,5100,train,5.4194,73116,1107.81
,77,5100,train,5.4012,74219,1107.75
,78,5100,train,5.4816,75322,1107.67
,79,5100,train,5.3720,76423,1107.58
,80,5100,train,5.3896,77524,1107.48
,81,5100,train,5.4010,78625,1107.40
,82,5100,train,6.2025,79728,1107.33
,83,5100,train,5.3589,80837,1107.36
,84,5100,train,5.3359,81941,1107.31
,85,5100,train,5.3253,83043,1107.24
,86,5100,train,5.3656,84150,1107.24
,87,5100,train,5.2934,85258,1107.25
,88,5100,train,5.2429,86361,1107.20
,89,5100,train,5.0041,87462,1107.11
,90,5100,train,5.2061,88567,1107.09
,91,5100,train,5.2003,89674,1107.09
,92,5100,train,5.3656,90780,1107.07
,93,5100,train,5.1684,91883,1107.02
,94,5100,train,5.1516,92986,1106.97
,95,5100,train,5.3082,94097,1107.03
,96,5100,train,5.1437,95203,1107.01
,97,5100,train,5.1821,96313,1107.04
,98,5100,train,5.1283,97422,1107.07
,99,5100,train,5.1947,98527,1107.05
,100,5100,train,5.0039,99636,1107.07
,101,5100,train,5.2419,100746,1107.10
,102,5100,train,5.1995,101854,1107.11
,103,5100,train,5.2456,102962,1107.12
,104,5100,train,5.0359,104065,1107.07
,105,5100,train,5.1153,105168,1107.04
,106,5100,train,5.1555,106274,1107.02
,107,5100,train,5.2007,107379,1107.00
,108,5100,train,5.1317,108481,1106.95
,109,5100,train,5.0459,109583,1106.90
,110,5100,train,5.2657,110689,1106.89
,111,5100,train,5.0793,111796,1106.89
,112,5100,train,5.0406,112899,1106.86
,113,5100,train,5.2960,114000,1106.80
,114,5100,train,5.0413,115108,1106.80
,115,5100,train,4.9350,116216,1106.82
,116,5100,train,5.0103,117319,1106.78
,117,5100,train,5.0370,118419,1106.72
,118,5100,train,4.9420,119525,1106.72
,119,5100,train,5.0435,120635,1106.74
,120,5100,train,5.0326,121738,1106.71
,121,5100,train,5.0940,122840,1106.67
,122,5100,train,4.8135,123942,1106.63
,123,5100,train,4.9756,125041,1106.56
,124,5100,train,4.9577,126145,1106.53
,125,5100,train,4.9685,127253,1106.55
,125,5100,val,4.9766,127253,1106.55
,126,5100,train,4.9388,128360,1106.55
,127,5100,train,5.1889,129467,1106.56
,128,5100,train,4.9845,130577,1106.59
,129,5100,train,4.9004,131685,1106.59
,130,5100,train,4.7942,132795,1106.63
,131,5100,train,5.0508,133901,1106.62
,132,5100,train,4.9193,135011,1106.65
,133,5100,train,4.9006,136117,1106.64
,134,5100,train,4.9729,137223,1106.63
,135,5100,train,4.8053,138333,1106.66
,136,5100,train,4.9615,139437,1106.64
,137,5100,train,4.8185,140540,1106.61
,138,5100,train,4.8853,141641,1106.57
,139,5100,train,4.9247,142750,1106.59
,140,5100,train,4.9932,143851,1106.54
,141,5100,train,4.9532,144953,1106.51
,142,5100,train,4.9280,146052,1106.46
,143,5100,train,4.9327,147156,1106.44
,144,5100,train,4.7567,148261,1106.43
,145,5100,train,4.8836,149368,1106.43
,146,5100,train,4.7865,150471,1106.41
,147,5100,train,4.7734,151574,1106.38
,148,5100,train,4.8510,152675,1106.34
,149,5100,train,4.9486,153776,1106.31
,150,5100,train,4.9738,154885,1106.32
,151,5100,train,4.7248,155991,1106.32
,152,5100,train,4.7038,157094,1106.30
,153,5100,train,4.6308,158194,1106.25
,154,5100,train,4.8449,159294,1106.21
,155,5100,train,4.9070,160396,1106.18
,156,5100,train,4.8419,161500,1106.17
,157,5100,train,4.8147,162606,1106.16
,158,5100,train,4.7021,163714,1106.18
,159,5100,train,4.7371,164816,1106.15
,160,5100,train,4.7568,165926,1106.17
,161,5100,train,4.6741,167033,1106.18
,162,5100,train,4.7228,168139,1106.18
,163,5100,train,4.6508,169247,1106.19
,164,5100,train,4.6473,170353,1106.19
,165,5100,train,4.5998,171456,1106.17
,166,5100,train,4.8088,172566,1106.19
,167,5100,train,4.5544,173679,1106.24
,168,5100,train,4.5971,174792,1106.28
,169,5100,train,4.6863,175898,1106.28
,170,5100,train,4.6848,177012,1106.32
,171,5100,train,4.7025,178116,1106.31
,172,5100,train,4.9439,179241,1106.42
,173,5100,train,4.6108,180358,1106.49
,174,5100,train,4.6972,181475,1106.56
,175,5100,train,4.8667,182608,1106.71
,176,5100,train,4.7347,183720,1106.75
,177,5100,train,4.7491,184834,1106.79
,178,5100,train,4.8051,185937,1106.77
,179,5100,train,4.6379,187043,1106.77
,180,5100,train,4.7170,188152,1106.78
,181,5100,train,4.5847,189253,1106.74
,182,5100,train,4.7546,190352,1106.70
,183,5100,train,4.6264,191457,1106.69
,184,5100,train,4.6249,192565,1106.70
,185,5100,train,4.6749,193669,1106.68
,186,5100,train,4.6097,194772,1106.66
,187,5100,train,4.8743,195873,1106.62
,188,5100,train,4.6308,196977,1106.61
,189,5100,train,4.3270,198076,1106.57
,190,5100,train,4.4793,199175,1106.53
,191,5100,train,4.6049,200389,1107.12
,192,5100,train,4.5944,201492,1107.10
,193,5100,train,4.2257,202593,1107.07
,194,5100,train,4.7349,203697,1107.05
,195,5100,train,4.5020,204801,1107.03
,196,5100,train,4.6044,205904,1107.01
,197,5100,train,4.5493,207008,1106.99
,198,5100,train,4.6516,208112,1106.98
,199,5100,train,4.4733,209213,1106.95
,200,5100,train,4.7107,210313,1106.91
,201,5100,train,4.6203,211413,1106.87
,202,5100,train,4.5443,212512,1106.83
,203,5100,train,4.7936,213613,1106.80
,204,5100,train,4.6621,214715,1106.78
,205,5100,train,4.6874,215814,1106.74
,206,5100,train,4.3552,216916,1106.72
,207,5100,train,4.5955,218023,1106.72
,208,5100,train,4.6799,219139,1106.76
,209,5100,train,4.5162,220254,1106.80
,210,5100,train,4.5217,221364,1106.82
,211,5100,train,4.4420,222476,1106.84
,212,5100,train,4.4499,223583,1106.85
,213,5100,train,4.6331,224698,1106.89
,214,5100,train,4.5556,225799,1106.86
,215,5100,train,4.5035,226906,1106.86
,216,5100,train,4.4114,228012,1106.85
,217,5100,train,4.5357,229114,1106.83
,218,5100,train,4.6060,230218,1106.82
,219,5100,train,4.4599,231320,1106.80
,220,5100,train,4.4396,232422,1106.77
,221,5100,train,4.3928,233518,1106.72
,222,5100,train,4.3986,234614,1106.67
,223,5100,train,4.6267,235711,1106.62
,224,5100,train,4.4042,236813,1106.60
,225,5100,train,4.6065,237912,1106.57
,226,5100,train,4.3451,239013,1106.54
,227,5100,train,4.3829,240117,1106.53
,228,5100,train,4.4728,241222,1106.52
,229,5100,train,4.5088,242334,1106.55
,230,5100,train,4.4611,243446,1106.57
,231,5100,train,4.3944,244552,1106.57
,232,5100,train,4.4804,245653,1106.54
,233,5100,train,4.4524,246752,1106.51
,234,5100,train,4.3617,247853,1106.49
,235,5100,train,4.3825,248952,1106.45
,236,5100,train,4.4769,250054,1106.44
,237,5100,train,4.2152,251155,1106.41
,238,5100,train,4.4719,252259,1106.40
,239,5100,train,4.3875,253362,1106.38
,240,5100,train,4.2651,254461,1106.35
,241,5100,train,4.5001,255560,1106.32
,242,5100,train,4.2031,256659,1106.29
,243,5100,train,4.3893,257761,1106.27
,244,5100,train,4.4949,258857,1106.22
,245,5100,train,4.2408,259952,1106.18
,246,5100,train,4.2882,261050,1106.14
,247,5100,train,4.3213,262150,1106.12
,248,5100,train,4.4362,263249,1106.09
,249,5100,train,4.1617,264361,1106.11
,250,5100,train,4.3850,265469,1106.12
,250,5100,val,4.3365,265469,1106.12
,251,5100,train,4.2929,266573,1106.11
,252,5100,train,4.4601,267671,1106.08
,253,5100,train,4.3054,268773,1106.06
,254,5100,train,4.3225,269872,1106.03
,255,5100,train,4.3117,270971,1106.01
,256,5100,train,4.3646,272074,1105.99
,257,5100,train,4.2243,273176,1105.97
,258,5100,train,4.4870,274276,1105.95
,259,5100,train,4.2334,275375,1105.93
,260,5100,train,4.2214,276476,1105.90
,261,5100,train,4.5100,277575,1105.88
,262,5100,train,4.2779,278674,1105.85
,263,5100,train,4.3358,279774,1105.83
,264,5100,train,4.3199,280875,1105.81
,265,5100,train,4.1891,281975,1105.78
,266,5100,train,4.3649,283075,1105.76
,267,5100,train,4.2082,284174,1105.74
,268,5100,train,4.3171,285275,1105.72
,269,5100,train,4.3892,286375,1105.70
,270,5100,train,4.2395,287478,1105.69
,271,5100,train,4.2565,288577,1105.66
,272,5100,train,4.4105,289676,1105.64
,273,5100,train,4.2396,290776,1105.61
,274,5100,train,4.1914,291875,1105.59
,275,5100,train,4.2847,292975,1105.57
,276,5100,train,4.3785,294075,1105.54
,277,5100,train,4.1859,295173,1105.52
,278,5100,train,4.1970,296274,1105.50
,279,5100,train,4.1642,297375,1105.48
,280,5100,train,4.2435,298483,1105.49
,281,5100,train,4.4184,299591,1105.50
,282,5100,train,4.4120,300701,1105.52
,283,5100,train,4.2126,301812,1105.54
,284,5100,train,4.1213,302921,1105.55
,285,5100,train,4.2222,304032,1105.57
,286,5100,train,4.4097,305144,1105.59
,287,5100,train,4.2343,306260,1105.63
,288,5100,train,4.2422,307359,1105.61
,289,5100,train,4.1965,308457,1105.58
,290,5100,train,4.0500,309554,1105.55
,291,5100,train,4.3012,310654,1105.53
,292,5100,train,4.2965,311756,1105.52
,293,5100,train,4.2417,312857,1105.50
,294,5100,train,4.1344,313956,1105.48
,295,5100,train,4.2070,315055,1105.46
,296,5100,train,4.3460,316156,1105.44
,297,5100,train,4.3330,317256,1105.42
,298,5100,train,4.2906,318355,1105.40
,299,5100,train,4.1704,319456,1105.38
,300,5100,train,4.1800,320555,1105.36
,301,5100,train,4.2636,321655,1105.34
,302,5100,train,4.1684,322755,1105.32
,303,5100,train,4.1748,323855,1105.31
,304,5100,train,4.1176,324956,1105.29
,305,5100,train,4.0402,326057,1105.28
,306,5100,train,4.1942,327156,1105.26
,307,5100,train,4.3979,328256,1105.24
,308,5100,train,4.3151,329357,1105.22
,309,5100,train,4.1219,330456,1105.20
,310,5100,train,4.1855,331555,1105.18
,311,5100,train,4.1033,332655,1105.17
,312,5100,train,4.1437,333755,1105.15
,313,5100,train,4.1564,334856,1105.13
,314,5100,train,4.1198,335958,1105.12
,315,5100,train,4.1452,337063,1105.12
,316,5100,train,4.0146,338172,1105.14
,317,5100,train,4.1154,339278,1105.14
,318,5100,train,4.0931,340383,1105.14
,319,5100,train,4.1009,341484,1105.13
,320,5100,train,4.2503,342589,1105.13
,321,5100,train,4.1402,343699,1105.14
,322,5100,train,4.0997,344800,1105.13
,323,5100,train,4.1683,345902,1105.12
,324,5100,train,4.3626,347011,1105.13
,325,5100,train,4.2074,348119,1105.14
,326,5100,train,4.1574,349222,1105.13
,327,5100,train,4.1575,350327,1105.13
,328,5100,train,4.2283,351436,1105.15
,329,5100,train,4.0400,352540,1105.14
,330,5100,train,4.2181,353642,1105.13
,331,5100,train,4.1702,354749,1105.14
,332,5100,train,4.0896,355855,1105.14
,333,5100,train,4.1196,356955,1105.12
,334,5100,train,4.0643,358055,1105.11
,335,5100,train,4.0420,359155,1105.09
,336,5100,train,4.2633,360255,1105.08
,337,5100,train,4.5891,361355,1105.06
,338,5100,train,4.1779,362455,1105.05
,339,5100,train,4.2047,363556,1105.03
,340,5100,train,4.1346,364656,1105.02
,341,5100,train,4.2413,365754,1105.00
,342,5100,train,4.0980,366855,1104.98
,343,5100,train,4.5040,367955,1104.97
,344,5100,train,4.1692,369054,1104.95
,345,5100,train,4.0263,370156,1104.94
,346,5100,train,3.9621,371255,1104.93
,347,5100,train,4.1298,372359,1104.92
,348,5100,train,4.1273,373459,1104.91
,349,5100,train,4.1284,374560,1104.90
,350,5100,train,4.0559,375662,1104.89
,351,5100,train,3.9797,376760,1104.87
,352,5100,train,4.2838,377858,1104.85
,353,5100,train,3.9363,378959,1104.84
,354,5100,train,4.2186,380059,1104.82
,355,5100,train,4.2205,381157,1104.80
,356,5100,train,4.0281,382255,1104.78
,357,5100,train,4.0386,383354,1104.77
,358,5100,train,4.2264,384454,1104.75
,359,5100,train,3.9939,385555,1104.74
,360,5100,train,4.0904,386655,1104.73
,361,5100,train,4.0612,387753,1104.71
,362,5100,train,3.9287,388859,1104.71
,363,5100,train,4.1046,389962,1104.71
,364,5100,train,4.0579,391065,1104.70
,365,5100,train,4.0399,392170,1104.70
,366,5100,train,4.0828,393272,1104.70
,367,5100,train,3.9780,394381,1104.71
,368,5100,train,4.1306,395484,1104.70
,369,5100,train,4.0469,396583,1104.69
,370,5100,train,3.9465,397682,1104.67
,371,5100,train,4.1301,398782,1104.66
,372,5100,train,4.0378,399888,1104.66
,373,5100,train,4.2617,400994,1104.67
,374,5100,train,4.0832,402099,1104.67
,375,5100,train,4.1147,403203,1104.67
,375,5100,val,4.0559,403203,1104.67
,376,5100,train,4.3166,404304,1104.66
,377,5100,train,3.8912,405407,1104.65
,378,5100,train,4.1219,406507,1104.64
,379,5100,train,4.1237,407606,1104.62
,380,5100,train,4.0714,408707,1104.61
,381,5100,train,4.0026,409807,1104.60
,382,5100,train,4.0001,411005,1104.85
,383,5100,train,3.9938,412105,1104.84
,384,5100,train,4.1010,413205,1104.83
,385,5100,train,3.8855,414307,1104.82
,386,5100,train,4.0922,415403,1104.80
,387,5100,train,3.9959,416506,1104.79
,388,5100,train,4.1748,417607,1104.78
,389,5100,train,4.0341,418707,1104.77
,390,5100,train,4.0924,419806,1104.75
,391,5100,train,3.9473,420904,1104.74
,392,5100,train,4.0170,422004,1104.72
,393,5100,train,4.0320,423104,1104.71
,394,5100,train,4.0286,424205,1104.70
,395,5100,train,4.0213,425303,1104.68
,396,5100,train,3.9660,426402,1104.67
,397,5100,train,3.7983,427502,1104.66
,398,5100,train,4.0385,428603,1104.65
,399,5100,train,4.0081,429713,1104.66
,400,5100,train,3.9477,430810,1104.64
,401,5100,train,4.0468,431913,1104.64
,402,5100,train,3.9346,433011,1104.62
,403,5100,train,4.2012,434120,1104.63
,404,5100,train,4.1116,435227,1104.64
,405,5100,train,4.0723,436332,1104.64
,406,5100,train,4.0794,437432,1104.63
,407,5100,train,4.0373,438534,1104.62
,408,5100,train,3.9666,439638,1104.62
,409,5100,train,4.0316,440744,1104.62
,410,5100,train,3.9748,441848,1104.62
,411,5100,train,3.9942,442953,1104.62
,412,5100,train,3.9839,444060,1104.63
,413,5100,train,3.9823,445159,1104.61
,414,5100,train,4.0900,446256,1104.59
,415,5100,train,3.9346,447354,1104.58
,416,5100,train,4.0065,448451,1104.56
,417,5100,train,4.1103,449544,1104.53
,418,5100,train,3.8786,450645,1104.52
,419,5100,train,4.1527,451745,1104.51
,420,5100,train,4.2156,452844,1104.50
,421,5100,train,3.9739,453944,1104.49
,422,5100,train,4.1185,455042,1104.47
,423,5100,train,3.8180,456139,1104.45
,424,5100,train,3.9869,457243,1104.45
,425,5100,train,3.8651,458343,1104.44
,426,5100,train,4.0729,459440,1104.42
,427,5100,train,4.0497,460540,1104.41
,428,5100,train,3.9750,461634,1104.39
,429,5100,train,4.0776,462727,1104.36
,430,5100,train,3.9148,463827,1104.35
,431,5100,train,3.8492,464927,1104.34
,432,5100,train,4.0618,466026,1104.33
,433,5100,train,4.0773,467127,1104.32
,434,5100,train,4.0683,468227,1104.31
,435,5100,train,3.9633,469327,1104.30
,436,5100,train,4.0474,470428,1104.29
,437,5100,train,4.0592,471528,1104.28
,438,5100,train,4.0025,472629,1104.27
,439,5100,train,4.0660,473727,1104.26
,440,5100,train,3.9048,474827,1104.25
,441,5100,train,4.0126,475930,1104.25
,442,5100,train,3.9423,477031,1104.24
,443,5100,train,3.8361,478134,1104.23
,444,5100,train,3.9842,479238,1104.24
,445,5100,train,4.2239,480349,1104.25
,446,5100,train,3.8541,481450,1104.24
,447,5100,train,4.0400,482553,1104.24
,448,5100,train,4.0721,483648,1104.22
,449,5100,train,3.9164,484751,1104.22
,450,5100,train,3.8887,485852,1104.21
,451,5100,train,3.9456,486949,1104.19
,452,5100,train,4.2589,488048,1104.18
,453,5100,train,4.1550,489150,1104.18
,454,5100,train,4.0142,490252,1104.17
,455,5100,train,3.9107,491355,1104.17
,456,5100,train,4.0290,492452,1104.15
,457,5100,train,3.9808,493550,1104.14
,458,5100,train,3.9711,494646,1104.12
,459,5100,train,4.0565,495745,1104.11
,460,5100,train,3.8926,496843,1104.10
,461,5100,train,4.0013,497944,1104.09
,462,5100,train,3.9749,499045,1104.08
,463,5100,train,3.7955,500145,1104.07
,464,5100,train,3.9484,501246,1104.07
,465,5100,train,4.0499,502344,1104.05
,466,5100,train,3.9196,503445,1104.05
,467,5100,train,3.9317,504546,1104.04
,468,5100,train,3.9218,505644,1104.03
,469,5100,train,4.1179,506742,1104.01
,470,5100,train,3.9613,507837,1103.99
,471,5100,train,3.8225,508935,1103.98
,472,5100,train,4.0252,510031,1103.96
,473,5100,train,3.8843,511127,1103.95
,474,5100,train,4.0076,512225,1103.93
,475,5100,train,4.0691,513324,1103.92
,476,5100,train,4.2414,514421,1103.91
,477,5100,train,4.0313,515514,1103.88
,478,5100,train,3.9970,516607,1103.86
,479,5100,train,3.9382,517707,1103.85
,480,5100,train,3.8832,518803,1103.84
,481,5100,train,3.9348,519901,1103.82
,482,5100,train,4.0505,521001,1103.82
,483,5100,train,3.9643,522099,1103.80
,484,5100,train,4.0213,523190,1103.78
,485,5100,train,3.9794,524285,1103.76
,486,5100,train,3.8032,525386,1103.75
,487,5100,train,3.9470,526498,1103.77
,488,5100,train,3.9492,527603,1103.77
,489,5100,train,3.9538,528713,1103.78
,490,5100,train,4.1754,529817,1103.78
,491,5100,train,3.9125,530920,1103.78
,492,5100,train,3.8503,532022,1103.78
,493,5100,train,3.9881,533132,1103.79
,494,5100,train,3.7618,534231,1103.78
,495,5100,train,3.9332,535335,1103.78
,496,5100,train,4.1126,536430,1103.77
,497,5100,train,3.9429,537528,1103.75
,498,5100,train,3.9164,538634,1103.76
,499,5100,train,3.9118,539732,1103.75
,500,5100,train,4.0185,540830,1103.74
,500,5100,val,3.9209,540831,1103.74
,501,5100,train,3.9121,541932,1103.73
,502,5100,train,3.8415,543030,1103.72
,503,5100,train,3.9576,544125,1103.70
,504,5100,train,3.8184,545225,1103.69
,505,5100,train,4.2248,546321,1103.68
,506,5100,train,3.8941,547422,1103.67
,507,5100,train,3.9829,548521,1103.66
,508,5100,train,4.1615,549621,1103.66
,509,5100,train,3.8470,550725,1103.66
,510,5100,train,3.9446,551825,1103.65
,511,5100,train,3.9612,552925,1103.64
,512,5100,train,3.7732,554023,1103.63
,513,5100,train,3.7710,555121,1103.62
,514,5100,train,3.9975,556221,1103.61
,515,5100,train,4.1246,557320,1103.60
,516,5100,train,3.9872,558422,1103.60
,517,5100,train,3.8274,559523,1103.60
,518,5100,train,4.0006,560621,1103.58
,519,5100,train,3.7334,561722,1103.58
,520,5100,train,3.9977,562821,1103.57
,521,5100,train,3.8647,563921,1103.56
,522,5100,train,3.7547,565021,1103.56
,523,5100,train,4.0168,566126,1103.56
,524,5100,train,3.8108,567227,1103.55
,525,5100,train,3.8807,568333,1103.56
,526,5100,train,3.9001,569434,1103.55
,527,5100,train,4.1655,570540,1103.56
,528,5100,train,3.8917,571648,1103.57
,529,5100,train,3.8657,572751,1103.57
,530,5100,train,3.8729,573852,1103.56
,531,5100,train,3.9879,574955,1103.56
,532,5100,train,3.9420,576058,1103.56
,533,5100,train,3.9383,577165,1103.57
,534,5100,train,4.0168,578273,1103.57
,535,5100,train,3.9700,579377,1103.58
,536,5100,train,3.8585,580480,1103.57
,537,5100,train,3.9059,581584,1103.57
,538,5100,train,3.8202,582684,1103.57
,539,5100,train,3.8298,583784,1103.56
,540,5100,train,3.8965,584885,1103.56
,541,5100,train,3.8425,585983,1103.55
,542,5100,train,3.8529,587084,1103.54
,543,5100,train,3.9205,588184,1103.53
,544,5100,train,3.9034,589283,1103.53
,545,5100,train,3.9423,590383,1103.52
,546,5100,train,3.9739,591482,1103.51
,547,5100,train,3.8062,592583,1103.51
,548,5100,train,4.0554,593682,1103.50
,549,5100,train,3.5160,594783,1103.49
,550,5100,train,3.9718,595884,1103.49
,551,5100,train,3.9422,596984,1103.48
,552,5100,train,3.8596,598087,1103.48
,553,5100,train,3.9784,599186,1103.47
,554,5100,train,3.8878,600287,1103.47
,555,5100,train,3.8828,601386,1103.46
,556,5100,train,3.9908,602486,1103.45
,557,5100,train,3.9110,603586,1103.45
,558,5100,train,3.8266,604685,1103.44
,559,5100,train,3.9216,605784,1103.43
,560,5100,train,3.8193,606882,1103.42
,561,5100,train,3.8751,607982,1103.42
,562,5100,train,3.8780,609084,1103.41
,563,5100,train,3.7011,610186,1103.41
,564,5100,train,3.9378,611283,1103.40
,565,5100,train,3.8364,612388,1103.40
,566,5100,train,3.8527,613494,1103.41
,567,5100,train,3.9347,614592,1103.40
,568,5100,train,3.8882,615694,1103.39
,569,5100,train,4.1903,616793,1103.39
,570,5100,train,3.8864,617893,1103.38
,571,5100,train,3.8667,618993,1103.37
,572,5100,train,3.8334,620239,1103.63
,573,5100,train,3.7288,621342,1103.63
,574,5100,train,3.8055,622448,1103.63
,575,5100,train,3.9549,623550,1103.63
,576,5100,train,3.7648,624657,1103.63
,577,5100,train,3.8927,625770,1103.65
,578,5100,train,3.9510,626879,1103.66
,579,5100,train,3.8675,627988,1103.67
,580,5100,train,4.1387,629091,1103.67
,581,5100,train,3.8761,630192,1103.66
,582,5100,train,3.8878,631291,1103.66
,583,5100,train,3.8904,632391,1103.65
,584,5100,train,3.9075,633490,1103.64
,585,5100,train,3.8333,634590,1103.63
,586,5100,train,3.7852,635695,1103.64
,587,5100,train,3.8604,636798,1103.64
,588,5100,train,4.1666,637902,1103.64
,589,5100,train,3.9032,639001,1103.63
,590,5100,train,3.7627,640106,1103.63
,591,5100,train,3.8320,641209,1103.63
,592,5100,train,3.8113,642308,1103.62
,593,5100,train,3.7715,643406,1103.61
,594,5100,train,3.8943,644510,1103.61
,595,5100,train,3.6681,645606,1103.60
,596,5100,train,4.0958,646707,1103.60
,597,5100,train,3.9647,647808,1103.59
,598,5100,train,3.7450,648908,1103.59
,599,5100,train,3.8745,650010,1103.58
,600,5100,train,3.7958,651108,1103.57
,601,5100,train,3.8975,652211,1103.57
,602,5100,train,3.8530,653308,1103.56
,603,5100,train,3.8566,654424,1103.58
,604,5100,train,4.0675,655529,1103.58
,605,5100,train,3.8008,656627,1103.57
,606,5100,train,3.8599,657728,1103.57
,607,5100,train,3.7810,658824,1103.56
,608,5100,train,4.0482,659927,1103.56
,609,5100,train,3.8373,661040,1103.57
,610,5100,train,3.8556,662152,1103.59
,611,5100,train,4.0634,663257,1103.59
,612,5100,train,3.9558,664365,1103.60
,613,5100,train,3.8783,665470,1103.60
,614,5100,train,3.9516,666574,1103.60
,615,5100,train,3.8745,667676,1103.60
,616,5100,train,3.9061,668781,1103.60
,617,5100,train,3.8209,669882,1103.59
,618,5100,train,3.7677,670988,1103.60
,619,5100,train,3.9953,672094,1103.60
,620,5100,train,4.0258,673196,1103.60
,621,5100,train,3.7616,674313,1103.62
,622,5100,train,3.8527,675418,1103.62
,623,5100,train,3.8315,676525,1103.63
,624,5100,train,3.8836,677627,1103.63
,625,5100,train,3.8773,678729,1103.62
,625,5100,val,3.8310,678730,1103.63
,626,5100,train,3.8386,679836,1103.63
,627,5100,train,3.9436,680934,1103.62
,628,5100,train,3.8750,682033,1103.61
,629,5100,train,3.9501,683130,1103.60
,630,5100,train,3.8695,684229,1103.60
,631,5100,train,3.6596,685329,1103.59
,632,5100,train,3.7953,686428,1103.58
,633,5100,train,3.8831,687529,1103.58
,634,5100,train,3.8588,688635,1103.58
,635,5100,train,3.9527,689734,1103.57
,636,5100,train,3.7836,690830,1103.56
,637,5100,train,3.8694,691929,1103.56
,638,5100,train,3.6957,693030,1103.55
,639,5100,train,3.8028,694130,1103.55
,640,5100,train,3.9402,695235,1103.55
,641,5100,train,3.7999,696342,1103.55
,642,5100,train,3.8037,697444,1103.55
,643,5100,train,4.0347,698547,1103.55
,644,5100,train,3.8978,699652,1103.55
,645,5100,train,3.9494,700754,1103.55
,646,5100,train,3.7916,701863,1103.56
,647,5100,train,3.7656,702975,1103.57
,648,5100,train,3.8883,704085,1103.58
,649,5100,train,3.9138,705196,1103.59
,650,5100,train,3.8828,706301,1103.59
,651,5100,train,3.8453,707413,1103.61
,652,5100,train,3.8914,708517,1103.61
,653,5100,train,3.8440,709629,1103.62
,654,5100,train,3.8853,710732,1103.62
,655,5100,train,3.6835,711833,1103.62
,656,5100,train,3.9774,712945,1103.63
,657,5100,train,3.7596,714055,1103.64
,658,5100,train,3.8609,715157,1103.64
,659,5100,train,3.7970,716270,1103.65
,660,5100,train,3.8669,717370,1103.65
,661,5100,train,3.9393,718468,1103.64
,662,5100,train,3.8374,719569,1103.63
,663,5100,train,3.7585,720671,1103.63
,664,5100,train,3.9023,721770,1103.62
,665,5100,train,3.8111,722870,1103.62
,666,5100,train,3.7136,723969,1103.61
,667,5100,train,3.7428,725070,1103.61
,668,5100,train,3.8835,726169,1103.60
,669,5100,train,3.8687,727268,1103.59
,670,5100,train,4.0037,728369,1103.59
,671,5100,train,3.8940,729470,1103.59
,672,5100,train,3.8551,730569,1103.58
,673,5100,train,4.1153,731672,1103.58
,674,5100,train,3.9110,732774,1103.58
,675,5100,train,3.7249,733872,1103.57
,676,5100,train,3.8375,734974,1103.57
,677,5100,train,4.0807,736077,1103.56
,678,5100,train,3.8150,737188,1103.57
,679,5100,train,3.8606,738288,1103.57
,680,5100,train,3.8136,739389,1103.57
,681,5100,train,3.9812,740492,1103.56
,682,5100,train,3.7844,741591,1103.56
,683,5100,train,3.8009,742690,1103.55
,684,5100,train,3.6954,743791,1103.55
,685,5100,train,3.8759,744889,1103.54
,686,5100,train,3.7427,745991,1103.54
,687,5100,train,3.6955,747089,1103.53
,688,5100,train,3.8090,748188,1103.52
,689,5100,train,3.7656,749308,1103.55
,690,5100,train,3.8295,750417,1103.55
,691,5100,train,3.8538,751523,1103.56
,692,5100,train,3.6840,752635,1103.57
,693,5100,train,3.8828,753746,1103.58
,694,5100,train,3.7234,754858,1103.59
,695,5100,train,3.6652,755965,1103.60
,696,5100,train,3.8498,757074,1103.61
,697,5100,train,3.9791,758180,1103.61
,698,5100,train,3.7860,759285,1103.61
,699,5100,train,3.8472,760393,1103.62
,700,5100,train,4.0312,761502,1103.63
,701,5100,train,3.7989,762612,1103.64
,702,5100,train,3.9069,763720,1103.64
,703,5100,train,3.7004,764825,1103.64
,704,5100,train,3.8311,765927,1103.64
,705,5100,train,3.8734,767030,1103.64
,706,5100,train,3.6760,768129,1103.63
,707,5100,train,3.8431,769228,1103.63
,708,5100,train,3.9117,770330,1103.62
,709,5100,train,3.6919,771432,1103.62
,710,5100,train,3.8890,772537,1103.62
,711,5100,train,3.6424,773643,1103.63
,712,5100,train,3.7719,774745,1103.63
,713,5100,train,3.7674,775850,1103.63
,714,5100,train,3.6944,776949,1103.62
,715,5100,train,3.8612,778050,1103.62
,716,5100,train,3.6570,779152,1103.61
,717,5100,train,3.7566,780256,1103.61
,718,5100,train,3.8562,781357,1103.61
,719,5100,train,3.6624,782457,1103.61
,720,5100,train,3.7172,783559,1103.60
,721,5100,train,4.1124,784662,1103.60
,722,5100,train,3.6679,785766,1103.60
,723,5100,train,3.8803,786868,1103.60
,724,5100,train,3.7219,787970,1103.60
,725,5100,train,3.7946,789069,1103.59
,726,5100,train,3.9366,790169,1103.59
,727,5100,train,3.7539,791270,1103.58
,728,5100,train,3.8026,792369,1103.58
,729,5100,train,3.7260,793469,1103.57
,730,5100,train,3.7591,794571,1103.57
,731,5100,train,3.9561,795670,1103.56
,732,5100,train,3.8737,796773,1103.56
,733,5100,train,3.6813,797881,1103.57
,734,5100,train,3.9715,798990,1103.58
,735,5100,train,3.7150,800100,1103.59
,736,5100,train,3.6664,801210,1103.59
,737,5100,train,3.7985,802319,1103.60
,738,5100,train,4.0719,803427,1103.61
,739,5100,train,3.7102,804535,1103.61
,740,5100,train,3.9256,805645,1103.62
,741,5100,train,3.7990,806750,1103.63
,742,5100,train,3.7277,807856,1103.63
,743,5100,train,3.7523,808968,1103.64
,744,5100,train,3.5512,810077,1103.65
,745,5100,train,3.8825,811191,1103.66
,746,5100,train,3.8201,812290,1103.66
,747,5100,train,3.7599,813390,1103.65
,748,5100,train,3.8295,814490,1103.64
,749,5100,train,3.7295,815590,1103.64
,750,5100,train,3.6712,816690,1103.64
,750,5100,val,3.7737,816691,1103.64
,751,5100,train,3.6951,817799,1103.64
,752,5100,train,3.8017,818901,1103.64
,753,5100,train,3.7503,820017,1103.66
,754,5100,train,3.7914,821121,1103.66
,755,5100,train,3.7391,822227,1103.66
,756,5100,train,4.1128,823327,1103.66
,757,5100,train,3.8625,824427,1103.65
,758,5100,train,3.7694,825532,1103.65
,759,5100,train,3.7986,826632,1103.65
,760,5100,train,3.7648,827731,1103.64
,761,5100,train,3.6498,828833,1103.64
,762,5100,train,3.7030,829938,1103.64
,763,5100,train,3.7650,831174,1103.82
,764,5100,train,3.8701,832278,1103.82
,765,5100,train,3.7594,833381,1103.82
,766,5100,train,3.7926,834485,1103.82
,767,5100,train,3.7428,835586,1103.81
,768,5100,train,3.7845,836693,1103.82
,769,5100,train,3.9570,837800,1103.82
,770,5100,train,3.8558,838909,1103.83
,771,5100,train,3.7689,840017,1103.83
,772,5100,train,3.5698,841121,1103.83
,773,5100,train,3.8187,842234,1103.85
,774,5100,train,3.6584,843342,1103.85
,775,5100,train,3.7183,844452,1103.86
,776,5100,train,4.1081,845561,1103.87
,777,5100,train,3.6487,846672,1103.88
,778,5100,train,3.7621,847780,1103.88
,779,5100,train,3.8622,848893,1103.89
,780,5100,train,3.8501,850001,1103.90
,781,5100,train,3.7506,851109,1103.90
,782,5100,train,3.7408,852208,1103.90
,783,5100,train,3.5946,853309,1103.89
,784,5100,train,3.7129,854413,1103.89
,785,5100,train,3.7078,855518,1103.89
,786,5100,train,3.6515,856624,1103.90
,787,5100,train,3.7261,857725,1103.89
,788,5100,train,3.8379,858826,1103.89
,789,5100,train,3.7238,859927,1103.89
,790,5100,train,3.7044,861030,1103.88
,791,5100,train,3.7574,862131,1103.88
,792,5100,train,3.7183,863229,1103.87
,793,5100,train,3.9824,864328,1103.87
,794,5100,train,3.9576,865428,1103.86
,795,5100,train,3.6700,866526,1103.86
,796,5100,train,3.7479,867625,1103.85
,797,5100,train,3.7598,868726,1103.84
,798,5100,train,4.1733,869828,1103.84
,799,5100,train,3.8981,870930,1103.84
,800,5100,train,3.9268,872033,1103.84
,801,5100,train,3.8784,873135,1103.84
,802,5100,train,3.6846,874242,1103.84
,803,5100,train,4.0036,875346,1103.84
,804,5100,train,3.7916,876447,1103.84
,805,5100,train,3.7470,877547,1103.83
,806,5100,train,3.7632,878646,1103.83
,807,5100,train,3.8180,879746,1103.82
,808,5100,train,3.6682,880846,1103.82
,809,5100,train,3.6504,881948,1103.81
,810,5100,train,3.8029,883047,1103.81
,811,5100,train,4.1697,884157,1103.82
,812,5100,train,3.7059,885267,1103.82
,813,5100,train,3.8132,886371,1103.82
,814,5100,train,3.8304,887473,1103.82
,815,5100,train,3.7511,888579,1103.82
,816,5100,train,3.9734,889689,1103.83
,817,5100,train,3.7362,890793,1103.83
,818,5100,train,3.7209,891897,1103.83
,819,5100,train,3.7225,893004,1103.84
,820,5100,train,3.7585,894109,1103.84
,821,5100,train,3.7584,895213,1103.84
,822,5100,train,3.8337,896325,1103.85
,823,5100,train,3.7860,897435,1103.86
,824,5100,train,3.7512,898531,1103.85
,825,5100,train,3.7311,899628,1103.84
,826,5100,train,3.7913,900727,1103.83
,827,5100,train,3.7264,901827,1103.83
,828,5100,train,3.8175,902926,1103.82
,829,5100,train,3.7125,904028,1103.82
,830,5100,train,3.7484,905128,1103.81
,831,5100,train,3.6763,906226,1103.81
,832,5100,train,3.8068,907327,1103.80
,833,5100,train,4.0057,908427,1103.80
,834,5100,train,3.7875,909527,1103.80
,835,5100,train,3.8788,910630,1103.79
,836,5100,train,3.7362,911729,1103.79
,837,5100,train,3.6632,912831,1103.79
,838,5100,train,3.6954,913930,1103.78
,839,5100,train,3.8098,915032,1103.78
,840,5100,train,3.6934,916132,1103.77
,841,5100,train,3.7823,917233,1103.77
,842,5100,train,3.8206,918333,1103.77
,843,5100,train,3.7695,919442,1103.77
,844,5100,train,3.5863,920546,1103.77
,845,5100,train,3.8467,921648,1103.77
,846,5100,train,3.7464,922749,1103.77
,847,5100,train,3.7172,923851,1103.77
,848,5100,train,3.7692,924953,1103.76
,849,5100,train,3.7977,926053,1103.76
,850,5100,train,3.8732,927150,1103.75
,851,5100,train,3.7708,928250,1103.75
,852,5100,train,4.0623,929351,1103.74
,853,5100,train,3.7509,930461,1103.75
,854,5100,train,3.7277,931576,1103.76
,855,5100,train,3.7462,932689,1103.77
,856,5100,train,3.7442,933800,1103.78
,857,5100,train,3.7025,934910,1103.79
,858,5100,train,3.7564,936016,1103.79
,859,5100,train,3.7960,937124,1103.80
,860,5100,train,3.5054,938230,1103.80
,861,5100,train,3.6259,939334,1103.80
,862,5100,train,3.7433,940436,1103.80
,863,5100,train,3.5671,941545,1103.80
,864,5100,train,3.6166,942650,1103.81
,865,5100,train,3.6996,943762,1103.82
,866,5100,train,3.8988,944869,1103.82
,867,5100,train,3.6580,945968,1103.81
,868,5100,train,3.6976,947066,1103.81
,869,5100,train,3.8697,948166,1103.80
,870,5100,train,3.7056,949269,1103.80
,871,5100,train,3.8271,950371,1103.80
,872,5100,train,3.9003,951467,1103.79
,873,5100,train,3.7021,952571,1103.79
,874,5100,train,3.7517,953670,1103.78
,875,5100,train,3.7840,954771,1103.78
,875,5100,val,3.7277,954771,1103.78
,876,5100,train,3.7063,955874,1103.78
,877,5100,train,3.7690,956978,1103.78
,878,5100,train,3.5750,958086,1103.79
,879,5100,train,3.7205,959189,1103.78
,880,5100,train,3.7893,960290,1103.78
,881,5100,train,3.5716,961390,1103.78
,882,5100,train,3.6810,962490,1103.77
,883,5100,train,3.8371,963593,1103.77
,884,5100,train,3.7563,964693,1103.77
,885,5100,train,3.6461,965791,1103.76
,886,5100,train,3.7064,966892,1103.76
,887,5100,train,3.6445,967993,1103.75
,888,5100,train,3.7498,969092,1103.75
,889,5100,train,3.9216,970196,1103.75
,890,5100,train,3.6914,971310,1103.76
,891,5100,train,3.6179,972416,1103.76
,892,5100,train,3.5009,973523,1103.77
,893,5100,train,3.5917,974630,1103.77
,894,5100,train,3.9187,975736,1103.77
,895,5100,train,3.7295,976842,1103.78
,896,5100,train,3.7321,977952,1103.78
,897,5100,train,3.6651,979058,1103.79
,898,5100,train,3.7259,980162,1103.79
,899,5100,train,3.7567,981266,1103.79
,900,5100,train,3.7089,982374,1103.79
,901,5100,train,3.6574,983483,1103.80
,902,5100,train,3.7008,984589,1103.80
,903,5100,train,3.6946,985692,1103.80
,904,5100,train,4.1602,986792,1103.79
,905,5100,train,3.6911,987892,1103.79
,906,5100,train,3.7576,988992,1103.79
,907,5100,train,3.6082,990092,1103.78
,908,5100,train,3.7173,991195,1103.78
,909,5100,train,3.8231,992292,1103.77
,910,5100,train,3.7377,993392,1103.77
,911,5100,train,3.8216,994492,1103.77
,912,5100,train,3.6752,995593,1103.76
,913,5100,train,3.6352,996693,1103.76
,914,5100,train,3.6488,997793,1103.75
,915,5100,train,3.7681,998893,1103.75
,916,5100,train,3.7656,999993,1103.75
,917,5100,train,3.6405,1001092,1103.74
,918,5100,train,3.8077,1002191,1103.73
,919,5100,train,3.6496,1003293,1103.73
,920,5100,train,3.6506,1004394,1103.73
,921,5100,train,3.5612,1005491,1103.72
,922,5100,train,3.7785,1006593,1103.72
,923,5100,train,3.6063,1007694,1103.72
,924,5100,train,3.6778,1008796,1103.72
,925,5100,train,3.6479,1009893,1103.71
,926,5100,train,3.6284,1010991,1103.70
,927,5100,train,3.7132,1012096,1103.70
,928,5100,train,3.6256,1013201,1103.71
,929,5100,train,3.5778,1014308,1103.71
,930,5100,train,3.7590,1015412,1103.71
,931,5100,train,3.8057,1016520,1103.71
,932,5100,train,3.8225,1017635,1103.73
,933,5100,train,3.8042,1018743,1103.73
,934,5100,train,3.9936,1019856,1103.74
,935,5100,train,3.6133,1020964,1103.74
,936,5100,train,3.8896,1022072,1103.75
,937,5100,train,3.6158,1023180,1103.75
,938,5100,train,3.9286,1024286,1103.76
,939,5100,train,3.8108,1025399,1103.77
,940,5100,train,3.6845,1026503,1103.77
,941,5100,train,3.6883,1027612,1103.77
,942,5100,train,3.6295,1028724,1103.78
,943,5100,train,4.2837,1029840,1103.79
,944,5100,train,3.6135,1030946,1103.80
,945,5100,train,3.9949,1032049,1103.80
,946,5100,train,3.6776,1033151,1103.79
,947,5100,train,3.9177,1034253,1103.79
,948,5100,train,3.6328,1035353,1103.79
,949,5100,train,4.0208,1036450,1103.78
,950,5100,train,3.7115,1037551,1103.78
,951,5100,train,3.6607,1038651,1103.77
,952,5100,train,3.5925,1039750,1103.77
,953,5100,train,3.7373,1040850,1103.76
,954,5100,train,3.6731,1042154,1103.98
,955,5100,train,3.6848,1043254,1103.97
,956,5100,train,3.7983,1044352,1103.97
,957,5100,train,3.7830,1045453,1103.96
,958,5100,train,3.9154,1046552,1103.96
,959,5100,train,3.6473,1047651,1103.95
,960,5100,train,3.9703,1048752,1103.95
,961,5100,train,3.7037,1049850,1103.94
,962,5100,train,3.6628,1050951,1103.94
,963,5100,train,3.5733,1052052,1103.94
,964,5100,train,3.6037,1053153,1103.93
,965,5100,train,3.6792,1054257,1103.93
,966,5100,train,3.6755,1055358,1103.93
,967,5100,train,3.8240,1056462,1103.93
,968,5100,train,3.7414,1057569,1103.93
,969,5100,train,3.8234,1058672,1103.93
,970,5100,train,3.7601,1059775,1103.93
,971,5100,train,3.8935,1060875,1103.93
,972,5100,train,3.6591,1061974,1103.92
,973,5100,train,3.9193,1063084,1103.93
,974,5100,train,3.6723,1064190,1103.93
,975,5100,train,3.7789,1065298,1103.94
,976,5100,train,3.6873,1066401,1103.94
,977,5100,train,3.6101,1067507,1103.94
,978,5100,train,3.7283,1068621,1103.95
,979,5100,train,3.6813,1069729,1103.95
,980,5100,train,3.6633,1070839,1103.96
,981,5100,train,3.6915,1071942,1103.96
,982,5100,train,3.7315,1073049,1103.96
,983,5100,train,3.7513,1074158,1103.97
,984,5100,train,3.7154,1075260,1103.96
,985,5100,train,3.7609,1076355,1103.95
,986,5100,train,3.7318,1077454,1103.95
,987,5100,train,3.9022,1078553,1103.94
,988,5100,train,3.5566,1079653,1103.94
,989,5100,train,3.7047,1080753,1103.94
,990,5100,train,3.6486,1081853,1103.93
,991,5100,train,3.6253,1082951,1103.93
,992,5100,train,3.7719,1084053,1103.92
,993,5100,train,3.6565,1085154,1103.92
,994,5100,train,3.6841,1086251,1103.91
,995,5100,train,3.7618,1087356,1103.91
,996,5100,train,3.5986,1088459,1103.91
,997,5100,train,3.4944,1089558,1103.91
,998,5100,train,3.8426,1090658,1103.90
,999,5100,train,3.7283,1091759,1103.90
,1000,5100,train,3.7016,1092859,1103.90
,1000,5100,val,3.6872,1092859,1103.90
,1001,5100,train,3.6597,1093970,1103.90
,1002,5100,train,3.5632,1095071,1103.90
,1003,5100,train,3.6212,1096173,1103.90
,1004,5100,train,3.6161,1097275,1103.90
,1005,5100,train,3.8002,1098378,1103.90
,1006,5100,train,3.8210,1099481,1103.90
,1007,5100,train,3.7998,1100596,1103.91
,1008,5100,train,3.7384,1101719,1103.93
,1009,5100,train,3.7202,1102826,1103.93
,1010,5100,train,3.5463,1103938,1103.94
,1011,5100,train,3.7718,1105045,1103.94
,1012,5100,train,3.6934,1106150,1103.94
,1013,5100,train,3.7815,1107254,1103.94
,1014,5100,train,3.7904,1108363,1103.95
,1015,5100,train,3.7131,1109475,1103.96
,1016,5100,train,3.6651,1110575,1103.95
,1017,5100,train,3.8781,1111690,1103.96
,1018,5100,train,3.8338,1112793,1103.96
,1019,5100,train,3.6326,1113895,1103.96
,1020,5100,train,3.7872,1115001,1103.96
,1021,5100,train,3.7276,1116097,1103.95
,1022,5100,train,3.5651,1117196,1103.95
,1023,5100,train,3.6556,1118294,1103.94
,1024,5100,train,3.7037,1119391,1103.94
,1025,5100,train,3.4391,1120502,1103.94
,1026,5100,train,3.6782,1121608,1103.94
,1027,5100,train,3.5667,1122711,1103.94
,1028,5100,train,3.6707,1123810,1103.94
,1029,5100,train,3.6209,1124911,1103.94
,1030,5100,train,3.9205,1126019,1103.94
,1031,5100,train,3.6367,1127125,1103.94
,1032,5100,train,3.6085,1128231,1103.94
,1033,5100,train,3.6573,1129333,1103.94
,1034,5100,train,3.7882,1130433,1103.94
,1035,5100,train,3.7119,1131534,1103.94
,1036,5100,train,3.5960,1132634,1103.93
,1037,5100,train,3.7309,1133730,1103.92
,1038,5100,train,3.7325,1134831,1103.92
,1039,5100,train,3.8307,1135931,1103.92
,1040,5100,train,3.6174,1137034,1103.92
,1041,5100,train,3.7386,1138137,1103.92
,1042,5100,train,3.9042,1139241,1103.92
,1043,5100,train,3.7790,1140344,1103.91
,1044,5100,train,3.5000,1141443,1103.91
,1045,5100,train,3.7537,1142545,1103.91
,1046,5100,train,3.6469,1143646,1103.91
,1047,5100,train,3.5224,1144748,1103.90
,1048,5100,train,3.6555,1145848,1103.90
,1049,5100,train,3.7295,1146953,1103.90
,1050,5100,train,3.5828,1148060,1103.90
,1051,5100,train,3.6647,1149163,1103.90
,1052,5100,train,3.7292,1150273,1103.91
,1053,5100,train,3.5701,1151376,1103.91
,1054,5100,train,3.5729,1152488,1103.92
,1055,5100,train,3.7231,1153595,1103.92
,1056,5100,train,3.7576,1154703,1103.92
,1057,5100,train,3.5908,1155816,1103.93
,1058,5100,train,3.7643,1156924,1103.94
,1059,5100,train,3.6871,1158030,1103.94
,1060,5100,train,3.6524,1159134,1103.94
,1061,5100,train,3.8279,1160235,1103.93
,1062,5100,train,3.7238,1161332,1103.93
,1063,5100,train,3.5919,1162431,1103.92
,1064,5100,train,3.7076,1163530,1103.92
,1065,5100,train,3.6667,1164630,1103.91
,1066,5100,train,3.6185,1165730,1103.91
,1067,5100,train,3.7009,1166830,1103.91
,1068,5100,train,3.6437,1167930,1103.90
,1069,5100,train,3.7734,1169030,1103.90
,1070,5100,train,3.7478,1170131,1103.90
,1071,5100,train,3.7319,1171228,1103.89
,1072,5100,train,3.6926,1172328,1103.89
,1073,5100,train,3.7262,1173428,1103.88
,1074,5100,train,3.5886,1174528,1103.88
,1075,5100,train,3.6243,1175631,1103.88
,1076,5100,train,3.7537,1176730,1103.87
,1077,5100,train,3.6252,1177830,1103.87
,1078,5100,train,3.7049,1178930,1103.87
,1079,5100,train,3.7924,1180030,1103.86
,1080,5100,train,3.5856,1181130,1103.86
,1081,5100,train,3.7976,1182229,1103.86
,1082,5100,train,3.7009,1183329,1103.85
,1083,5100,train,3.7047,1184429,1103.85
,1084,5100,train,3.6693,1185530,1103.85
,1085,5100,train,3.8705,1186630,1103.84
,1086,5100,train,3.7769,1187730,1103.84
,1087,5100,train,3.6780,1188830,1103.83
,1088,5100,train,3.6976,1189931,1103.83
,1089,5100,train,3.6970,1191030,1103.83
,1090,5100,train,3.7790,1192133,1103.83
,1091,5100,train,3.7264,1193238,1103.83
,1092,5100,train,3.6201,1194345,1103.83
,1093,5100,train,3.6546,1195450,1103.83
,1094,5100,train,3.8907,1196558,1103.84
,1095,5100,train,3.6318,1197669,1103.84
,1096,5100,train,3.3684,1198774,1103.84
,1097,5100,train,3.7340,1199891,1103.86
,1098,5100,train,3.5252,1200996,1103.86
,1099,5100,train,3.7927,1202100,1103.86
,1100,5100,train,3.7915,1203207,1103.86
,1101,5100,train,3.6966,1204310,1103.86
,1102,5100,train,3.7595,1205417,1103.86
,1103,5100,train,3.7511,1206526,1103.87
,1104,5100,train,3.7411,1207636,1103.87
,1105,5100,train,3.6215,1208735,1103.87
,1106,5100,train,3.6248,1209838,1103.87
,1107,5100,train,3.7554,1210943,1103.87
,1108,5100,train,3.6062,1212044,1103.87
,1109,5100,train,3.7867,1213147,1103.86
,1110,5100,train,3.6261,1214249,1103.86
,1111,5100,train,3.7269,1215349,1103.86
,1112,5100,train,3.6037,1216448,1103.86
,1113,5100,train,3.6845,1217548,1103.85
,1114,5100,train,3.4860,1218650,1103.85
,1115,5100,train,3.5325,1219750,1103.85
,1116,5100,train,3.8417,1220850,1103.84
,1117,5100,train,3.6431,1221951,1103.84
,1118,5100,train,3.6587,1223050,1103.84
,1119,5100,train,3.6024,1224151,1103.83
,1120,5100,train,3.6540,1225250,1103.83
,1121,5100,train,3.6709,1226351,1103.83
,1122,5100,train,3.6414,1227457,1103.83
,1123,5100,train,3.8550,1228564,1103.83
,1124,5100,train,3.7643,1229668,1103.83
,1125,5100,train,3.5699,1230770,1103.83
,1125,5100,val,3.6568,1230770,1103.83
,1126,5100,train,3.5840,1231875,1103.83
,1127,5100,train,3.6807,1232984,1103.83
,1128,5100,train,3.6336,1234093,1103.84
,1129,5100,train,3.4811,1235198,1103.84
,1130,5100,train,3.6114,1236303,1103.84
,1131,5100,train,3.6319,1237408,1103.84
,1132,5100,train,3.6256,1238516,1103.85
,1133,5100,train,3.7468,1239626,1103.85
,1134,5100,train,3.7134,1240737,1103.86
,1135,5100,train,3.6218,1241849,1103.87
,1136,5100,train,3.9645,1242958,1103.87
,1137,5100,train,3.5616,1244064,1103.87
,1138,5100,train,3.9650,1245174,1103.88
,1139,5100,train,3.7390,1246284,1103.88
,1140,5100,train,4.4210,1247386,1103.88
,1141,5100,train,3.6094,1248489,1103.88
,1142,5100,train,3.4675,1249594,1103.88
,1143,5100,train,3.6702,1250695,1103.88
,1144,5100,train,3.7985,1251914,1103.98
,1145,5100,train,3.6976,1253020,1103.98
,1146,5100,train,3.6051,1254120,1103.98
,1147,5100,train,3.7076,1255220,1103.98
,1148,5100,train,3.8357,1256318,1103.97
,1149,5100,train,3.8032,1257417,1103.97
,1150,5100,train,3.7217,1258517,1103.96
,1151,5100,train,3.7406,1259618,1103.96
,1152,5100,train,3.5886,1260717,1103.96
,1153,5100,train,3.6035,1261819,1103.95
,1154,5100,train,3.5751,1262920,1103.95
,1155,5100,train,3.7315,1264016,1103.94
,1156,5100,train,3.6870,1265120,1103.94
,1157,5100,train,3.7586,1266221,1103.94
,1158,5100,train,3.6066,1267316,1103.93
,1159,5100,train,3.7777,1268417,1103.93
,1160,5100,train,3.7348,1269518,1103.93
,1161,5100,train,3.5552,1270619,1103.93
,1162,5100,train,3.5809,1271717,1103.92
,1163,5100,train,3.5673,1272818,1103.92
,1164,5100,train,3.3897,1273919,1103.92
,1165,5100,train,3.6861,1275018,1103.91
,1166,5100,train,3.6539,1276122,1103.91
,1167,5100,train,3.5225,1277222,1103.91
,1168,5100,train,3.5172,1278321,1103.90
,1169,5100,train,3.6209,1279428,1103.91
,1170,5100,train,3.6300,1280545,1103.92
,1171,5100,train,3.9569,1281644,1103.91
,1172,5100,train,3.6333,1282754,1103.92
,1173,5100,train,3.6523,1283861,1103.92
,1174,5100,train,3.5601,1284966,1103.92
,1175,5100,train,3.6514,1286073,1103.93
,1176,5100,train,3.7904,1287181,1103.93
,1177,5100,train,3.6248,1288296,1103.94
,1178,5100,train,3.6467,1289405,1103.94
,1179,5100,train,3.6950,1290506,1103.94
,1180,5100,train,3.6811,1291608,1103.94
,1181,5100,train,3.7411,1292710,1103.94
,1182,5100,train,3.6468,1293804,1103.93
,1183,5100,train,3.6670,1294907,1103.93
,1184,5100,train,3.5960,1296016,1103.93
,1185,5100,train,3.6483,1297117,1103.93
,1186,5100,train,3.5792,1298220,1103.93
,1187,5100,train,3.7453,1299317,1103.92
,1188,5100,train,3.8086,1300417,1103.92
,1189,5100,train,3.6026,1301519,1103.92
,1190,5100,train,3.6591,1302618,1103.91
,1191,5100,train,3.6832,1303717,1103.91
,1192,5100,train,3.5207,1304817,1103.91
,1193,5100,train,3.7032,1305916,1103.90
,1194,5100,train,3.8399,1307018,1103.90
,1195,5100,train,3.6489,1308117,1103.90
,1196,5100,train,3.5318,1309215,1103.89
,1197,5100,train,3.8205,1310317,1103.89
,1198,5100,train,3.6214,1311416,1103.89
,1199,5100,train,3.6336,1312515,1103.88
,1200,5100,train,3.5256,1313616,1103.88
,1201,5100,train,3.5386,1314714,1103.87
,1202,5100,train,3.6026,1315815,1103.87
,1203,5100,train,3.6763,1316915,1103.87
,1204,5100,train,3.7598,1318013,1103.86
,1205,5100,train,3.8258,1319109,1103.86
,1206,5100,train,3.6658,1320203,1103.85
,1207,5100,train,3.5950,1321313,1103.85
,1208,5100,train,3.6734,1322418,1103.85
,1209,5100,train,3.7250,1323527,1103.86
,1210,5100,train,3.7735,1324640,1103.87
,1211,5100,train,3.6533,1325747,1103.87
,1212,5100,train,3.5091,1326857,1103.87
,1213,5100,train,3.5605,1327964,1103.88
,1214,5100,train,3.6570,1329080,1103.89
,1215,5100,train,3.6724,1330189,1103.89
,1216,5100,train,3.7012,1331297,1103.89
,1217,5100,train,3.5886,1332402,1103.90
,1218,5100,train,3.6510,1333508,1103.90
,1219,5100,train,3.5952,1334616,1103.90
,1220,5100,train,3.5908,1335723,1103.90
,1221,5100,train,3.6866,1336823,1103.90
,1222,5100,train,3.5341,1337924,1103.90
,1223,5100,train,3.7454,1339028,1103.90
,1224,5100,train,3.7714,1340135,1103.90
,1225,5100,train,3.7081,1341236,1103.90
,1226,5100,train,3.5502,1342339,1103.90
,1227,5100,train,3.5458,1343436,1103.89
,1228,5100,train,3.6213,1344537,1103.89
,1229,5100,train,3.6034,1345636,1103.88
,1230,5100,train,3.5421,1346735,1103.88
,1231,5100,train,3.7125,1347836,1103.88
,1232,5100,train,3.6324,1348934,1103.87
,1233,5100,train,3.6903,1350037,1103.87
,1234,5100,train,3.8469,1351141,1103.87
,1235,5100,train,3.7495,1352239,1103.87
,1236,5100,train,3.6852,1353337,1103.86
,1237,5100,train,3.8406,1354437,1103.86
,1238,5100,train,3.5968,1355539,1103.86
,1239,5100,train,3.5633,1356638,1103.86
,1240,5100,train,3.5179,1357742,1103.86
,1241,5100,train,3.5905,1358843,1103.85
,1242,5100,train,3.6018,1359940,1103.85
,1243,5100,train,3.6456,1361043,1103.85
,1244,5100,train,3.6952,1362139,1103.84
,1245,5100,train,3.5647,1363238,1103.84
,1246,5100,train,3.6747,1364339,1103.83
,1247,5100,train,3.6754,1365442,1103.83
,1248,5100,train,3.6802,1366543,1103.83
,1249,5100,train,3.5042,1367641,1103.83
,1250,5100,train,3.6468,1368741,1103.82
,1250,5100,val,3.6273,1368741,1103.82
,1251,5100,train,3.7075,1369851,1103.83
,1252,5100,train,3.6762,1370961,1103.83
,1253,5100,train,3.5793,1372069,1103.84
,1254,5100,train,3.7758,1373185,1103.85
,1255,5100,train,3.6512,1374297,1103.85
,1256,5100,train,3.5773,1375400,1103.85
,1257,5100,train,3.7075,1376501,1103.85
,1258,5100,train,3.7682,1377603,1103.85
,1259,5100,train,3.5831,1378709,1103.85
,1260,5100,train,3.6110,1379814,1103.85
,1261,5100,train,3.6708,1380916,1103.85
,1262,5100,train,3.6109,1382014,1103.85
,1263,5100,train,3.4709,1383114,1103.84
,1264,5100,train,3.5754,1384213,1103.84
,1265,5100,train,3.6519,1385316,1103.84
,1266,5100,train,3.4828,1386414,1103.83
,1267,5100,train,3.7031,1387514,1103.83
,1268,5100,train,3.6906,1388612,1103.83
,1269,5100,train,3.6973,1389712,1103.82
,1270,5100,train,3.6384,1390815,1103.82
,1271,5100,train,3.6771,1391912,1103.82
,1272,5100,train,3.5306,1393013,1103.81
,1273,5100,train,3.3762,1394115,1103.81
,1274,5100,train,3.6644,1395216,1103.81
,1275,5100,train,3.6171,1396312,1103.80
,1276,5100,train,3.6742,1397414,1103.80
,1277,5100,train,3.6165,1398512,1103.80
,1278,5100,train,3.7146,1399611,1103.79
,1279,5100,train,3.7399,1400710,1103.79
,1280,5100,train,3.6973,1401810,1103.79
,1281,5100,train,3.6872,1402910,1103.78
,1282,5100,train,3.5218,1404010,1103.78
,1283,5100,train,3.6361,1405112,1103.78
,1284,5100,train,3.7057,1406214,1103.78
,1285,5100,train,3.7408,1407316,1103.78
,1286,5100,train,3.6169,1408423,1103.78
,1287,5100,train,3.6564,1409538,1103.79
,1288,5100,train,3.6309,1410657,1103.80
,1289,5100,train,3.6121,1411767,1103.81
,1290,5100,train,3.7421,1412881,1103.81
,1291,5100,train,3.5803,1413996,1103.82
,1292,5100,train,3.6646,1415101,1103.82
,1293,5100,train,3.7242,1416215,1103.83
,1294,5100,train,3.6585,1417322,1103.83
,1295,5100,train,3.7605,1418432,1103.84
,1296,5100,train,3.7840,1419538,1103.84
,1297,5100,train,3.7486,1420645,1103.84
,1298,5100,train,3.5534,1421750,1103.84
,1299,5100,train,3.6308,1422854,1103.84
,1300,5100,train,3.5291,1423953,1103.84
,1301,5100,train,3.6065,1425052,1103.84
,1302,5100,train,3.6669,1426150,1103.83
,1303,5100,train,3.6769,1427251,1103.83
,1304,5100,train,3.6882,1428351,1103.83
,1305,5100,train,3.8425,1429449,1103.82
,1306,5100,train,3.6121,1430550,1103.82
,1307,5100,train,3.8158,1431649,1103.82
,1308,5100,train,3.5444,1432748,1103.81
,1309,5100,train,3.7402,1433852,1103.81
,1310,5100,train,3.7303,1434952,1103.81
,1311,5100,train,3.5930,1436048,1103.80
,1312,5100,train,3.5632,1437154,1103.80
,1313,5100,train,3.5777,1438255,1103.80
,1314,5100,train,3.5615,1439354,1103.80
,1315,5100,train,3.6828,1440453,1103.80
,1316,5100,train,3.6282,1441553,1103.79
,1317,5100,train,3.3424,1442654,1103.79
,1318,5100,train,3.5741,1443755,1103.79
,1319,5100,train,3.6520,1444856,1103.79
,1320,5100,train,3.6758,1445959,1103.79
,1321,5100,train,3.5774,1447059,1103.78
,1322,5100,train,3.6953,1448161,1103.78
,1323,5100,train,3.7551,1449265,1103.78
,1324,5100,train,3.6409,1450373,1103.78
,1325,5100,train,3.5869,1451490,1103.79
,1326,5100,train,3.6189,1452594,1103.79
,1327,5100,train,3.7123,1453695,1103.79
,1328,5100,train,3.7625,1454809,1103.80
,1329,5100,train,3.5257,1455919,1103.81
,1330,5100,train,3.4416,1457026,1103.81
,1331,5100,train,3.7521,1458137,1103.81
,1332,5100,train,3.6016,1459244,1103.82
,1333,5100,train,3.7243,1460352,1103.82
,1334,5100,train,3.5643,1461459,1103.82
,1335,5100,train,3.6939,1462778,1103.98
,1336,5100,train,3.6691,1463883,1103.98
,1337,5100,train,3.5623,1464994,1103.99
,1338,5100,train,3.6314,1466099,1103.99
,1339,5100,train,3.6585,1467198,1103.99
,1340,5100,train,3.6477,1468297,1103.98
,1341,5100,train,3.5762,1469400,1103.98
,1342,5100,train,3.5996,1470500,1103.98
,1343,5100,train,3.7607,1471604,1103.98
,1344,5100,train,3.5169,1472709,1103.98
,1345,5100,train,3.5987,1473814,1103.98
,1346,5100,train,3.8024,1474915,1103.98
,1347,5100,train,3.6505,1476015,1103.97
,1348,5100,train,3.6828,1477114,1103.97
,1349,5100,train,3.5999,1478214,1103.97
,1350,5100,train,3.8794,1479314,1103.97
,1351,5100,train,3.6215,1480412,1103.96
,1352,5100,train,3.4317,1481513,1103.96
,1353,5100,train,3.5654,1482616,1103.96
,1354,5100,train,3.5564,1483714,1103.95
,1355,5100,train,3.6324,1484813,1103.95
,1356,5100,train,3.7116,1485915,1103.95
,1357,5100,train,3.6322,1487014,1103.94
,1358,5100,train,3.7104,1488114,1103.94
,1359,5100,train,3.5422,1489216,1103.94
,1360,5100,train,3.5582,1490315,1103.94
,1361,5100,train,4.6459,1491415,1103.93
,1362,5100,train,3.5821,1492516,1103.93
,1363,5100,train,3.5744,1493614,1103.93
,1364,5100,train,3.5698,1494714,1103.92
,1365,5100,train,3.4459,1495813,1103.92
,1366,5100,train,3.6623,1496913,1103.92
,1367,5100,train,3.3534,1498015,1103.92
,1368,5100,train,3.6533,1499124,1103.92
,1369,5100,train,3.7001,1500235,1103.93
,1370,5100,train,3.6752,1501342,1103.93
,1371,5100,train,3.7305,1502457,1103.94
,1372,5100,train,3.9475,1503560,1103.94
,1373,5100,train,3.6005,1504669,1103.94
,1374,5100,train,3.7161,1505779,1103.94
,1375,5100,train,4.1845,1506885,1103.95
,1375,5100,val,3.6066,1506886,1103.95
,1376,5100,train,3.5978,1508000,1103.95
,1377,5100,train,3.6215,1509108,1103.96
,1378,5100,train,3.5634,1510213,1103.96
,1379,5100,train,3.6937,1511315,1103.96
,1380,5100,train,3.6932,1512425,1103.96
,1381,5100,train,3.6017,1513532,1103.96
,1382,5100,train,3.8967,1514641,1103.97
,1383,5100,train,3.5927,1515752,1103.97
,1384,5100,train,3.6919,1516851,1103.97
,1385,5100,train,3.6110,1517949,1103.96
,1386,5100,train,3.7690,1519049,1103.96
,1387,5100,train,3.4469,1520148,1103.96
,1388,5100,train,3.5828,1521247,1103.95
,1389,5100,train,3.5220,1522346,1103.95
,1390,5100,train,3.6624,1523445,1103.95
,1391,5100,train,3.6947,1524544,1103.94
,1392,5100,train,3.6729,1525647,1103.94
,1393,5100,train,3.6293,1526747,1103.94
,1394,5100,train,3.7169,1527845,1103.93
,1395,5100,train,3.6415,1528947,1103.93
,1396,5100,train,3.5408,1530052,1103.93
,1397,5100,train,3.7424,1531161,1103.94
,1398,5100,train,3.5444,1532264,1103.94
,1399,5100,train,3.5981,1533367,1103.94
,1400,5100,train,3.7881,1534468,1103.93
,1401,5100,train,3.5459,1535568,1103.93
,1402,5100,train,3.5304,1536668,1103.93
,1403,5100,train,3.5555,1537767,1103.92
,1404,5100,train,3.8122,1538867,1103.92
,1405,5100,train,3.5001,1539971,1103.92
,1406,5100,train,3.4920,1541071,1103.92
,1407,5100,train,3.6905,1542180,1103.92
,1408,5100,train,3.7897,1543285,1103.92
,1409,5100,train,3.4558,1544386,1103.92
,1410,5100,train,3.6287,1545486,1103.92
,1411,5100,train,3.7434,1546587,1103.92
,1412,5100,train,3.7713,1547688,1103.91
,1413,5100,train,3.6890,1548787,1103.91
,1414,5100,train,3.4431,1549896,1103.91
,1415,5100,train,3.5169,1551011,1103.92
,1416,5100,train,3.6752,1552115,1103.92
,1417,5100,train,3.6031,1553224,1103.93
,1418,5100,train,3.4713,1554337,1103.93
,1419,5100,train,3.6523,1555446,1103.94
,1420,5100,train,3.5721,1556555,1103.94
,1421,5100,train,3.5534,1557665,1103.94
,1422,5100,train,3.5882,1558773,1103.95
,1423,5100,train,3.8586,1559885,1103.95
,1424,5100,train,3.8147,1560988,1103.95
,1425,5100,train,3.4983,1562086,1103.95
,1426,5100,train,3.5693,1563187,1103.95
,1427,5100,train,3.4662,1564285,1103.94
,1428,5100,train,3.6627,1565386,1103.94
,1429,5100,train,3.6593,1566485,1103.94
,1430,5100,train,3.7349,1567587,1103.93
,1431,5100,train,3.5396,1568687,1103.93
,1432,5100,train,3.4469,1569786,1103.93
,1433,5100,train,3.6704,1570890,1103.93
,1434,5100,train,3.5972,1571989,1103.92
,1435,5100,train,3.5429,1573088,1103.92
,1436,5100,train,3.6397,1574189,1103.92
,1437,5100,train,3.5452,1575289,1103.92
,1438,5100,train,3.5668,1576388,1103.91
,1439,5100,train,3.6278,1577488,1103.91
,1440,5100,train,3.7181,1578589,1103.91
,1441,5100,train,3.6908,1579688,1103.90
,1442,5100,train,3.6233,1580790,1103.90
,1443,5100,train,3.5015,1581886,1103.90
,1444,5100,train,3.4869,1582987,1103.90
,1445,5100,train,3.5999,1584090,1103.90
,1446,5100,train,3.5601,1585187,1103.89
,1447,5100,train,3.6379,1586292,1103.89
,1448,5100,train,3.6079,1587396,1103.89
,1449,5100,train,3.6908,1588501,1103.89
,1450,5100,train,3.5523,1589603,1103.89
,1451,5100,train,3.5456,1590706,1103.89
,1452,5100,train,3.6131,1591806,1103.89
,1453,5100,train,3.6012,1592907,1103.89
,1454,5100,train,3.5989,1594017,1103.89
,1455,5100,train,3.3686,1595126,1103.89
,1456,5100,train,3.5765,1596232,1103.90
,1457,5100,train,3.5459,1597344,1103.90
,1458,5100,train,3.6295,1598450,1103.90
,1459,5100,train,3.6116,1599558,1103.90
,1460,5100,train,3.6466,1600670,1103.91
,1461,5100,train,3.6201,1601778,1103.91
,1462,5100,train,3.3459,1602888,1103.92
,1463,5100,train,3.6136,1603994,1103.92
,1464,5100,train,3.6145,1605100,1103.92
,1465,5100,train,3.6031,1606208,1103.92
,1466,5100,train,3.6468,1607316,1103.93
,1467,5100,train,3.9870,1608422,1103.93
,1468,5100,train,3.5869,1609535,1103.93
,1469,5100,train,3.6823,1610634,1103.93
,1470,5100,train,3.5770,1611749,1103.94
,1471,5100,train,3.5655,1612874,1103.95
,1472,5100,train,3.5716,1613984,1103.96
,1473,5100,train,3.6701,1615092,1103.96
,1474,5100,train,3.5893,1616198,1103.96
,1475,5100,train,3.6002,1617308,1103.96
,1476,5100,train,3.7324,1618409,1103.96
,1477,5100,train,3.5742,1619510,1103.96
,1478,5100,train,3.4343,1620610,1103.96
,1479,5100,train,3.5679,1621709,1103.95
,1480,5100,train,3.6239,1622808,1103.95
,1481,5100,train,3.5531,1623907,1103.95
,1482,5100,train,3.5396,1625008,1103.95
,1483,5100,train,3.6444,1626107,1103.94
,1484,5100,train,3.3860,1627208,1103.94
,1485,5100,train,3.6684,1628309,1103.94
,1486,5100,train,3.5514,1629411,1103.94
,1487,5100,train,3.5449,1630507,1103.93
,1488,5100,train,3.5105,1631607,1103.93
,1489,5100,train,3.5671,1632708,1103.93
,1490,5100,train,3.4442,1633810,1103.93
,1491,5100,train,3.6096,1634913,1103.92
,1492,5100,train,3.5185,1636009,1103.92
,1493,5100,train,3.4605,1637111,1103.92
,1494,5100,train,3.4752,1638209,1103.91
,1495,5100,train,3.5623,1639309,1103.91
,1496,5100,train,3.4897,1640409,1103.91
,1497,5100,train,3.5773,1641513,1103.91
,1498,5100,train,3.5121,1642619,1103.91
,1499,5100,train,3.4239,1643722,1103.91
,1500,5100,train,3.4748,1644825,1103.91
,1500,5100,val,3.5806,1644825,1103.91
,1501,5100,train,3.6393,1645939,1103.92
,1502,5100,train,3.5696,1647046,1103.92
,1503,5100,train,3.5664,1648159,1103.92
,1504,5100,train,3.6348,1649272,1103.93
,1505,5100,train,3.5473,1650375,1103.93
,1506,5100,train,3.5364,1651475,1103.93
,1507,5100,train,3.5380,1652584,1103.93
,1508,5100,train,3.6157,1653692,1103.93
,1509,5100,train,3.6086,1654798,1103.93
,1510,5100,train,3.5836,1655906,1103.94
,1511,5100,train,3.6133,1657006,1103.94
,1512,5100,train,3.5506,1658110,1103.93
,1513,5100,train,3.6942,1659212,1103.93
,1514,5100,train,3.5527,1660312,1103.93
,1515,5100,train,3.5814,1661413,1103.93
,1516,5100,train,3.5348,1662517,1103.93
,1517,5100,train,3.4870,1663624,1103.93
,1518,5100,train,3.6912,1664727,1103.93
,1519,5100,train,3.6730,1665832,1103.93
,1520,5100,train,3.6492,1666933,1103.93
,1521,5100,train,3.5413,1668028,1103.92
,1522,5100,train,3.7113,1669130,1103.92
,1523,5100,train,3.4991,1670230,1103.92
,1524,5100,train,3.5865,1671330,1103.92
,1525,5100,train,3.5778,1672569,1104.01
,1526,5100,train,3.5645,1673667,1104.00
,1527,5100,train,3.5311,1674767,1104.00
,1528,5100,train,3.7299,1675868,1104.00
,1529,5100,train,3.5771,1676967,1103.99
,1530,5100,train,3.6062,1678067,1103.99
,1531,5100,train,3.5844,1679167,1103.99
,1532,5100,train,3.6005,1680268,1103.99
,1533,5100,train,3.5429,1681368,1103.98
,1534,5100,train,3.5891,1682467,1103.98
,1535,5100,train,3.5597,1683568,1103.98
,1536,5100,train,3.6590,1684669,1103.98
,1537,5100,train,3.5491,1685770,1103.98
,1538,5100,train,3.6493,1686869,1103.97
,1539,5100,train,3.5013,1687968,1103.97
,1540,5100,train,3.7968,1689077,1103.97
,1541,5100,train,3.4545,1690188,1103.98
,1542,5100,train,3.5819,1691292,1103.98
,1543,5100,train,3.5840,1692398,1103.98
,1544,5100,train,3.4657,1693509,1103.98
,1545,5100,train,3.5567,1694614,1103.98
,1546,5100,train,3.7387,1695726,1103.99
,1547,5100,train,3.4616,1696837,1103.99
,1548,5100,train,3.5782,1697940,1103.99
,1549,5100,train,3.5721,1699048,1103.99
,1550,5100,train,3.8304,1700153,1104.00
,1551,5100,train,3.5197,1701253,1103.99
,1552,5100,train,3.6682,1702360,1104.00
,1553,5100,train,3.6372,1703464,1104.00
,1554,5100,train,3.6360,1704574,1104.00
,1555,5100,train,3.7123,1705678,1104.00
,1556,5100,train,3.4802,1706786,1104.00
,1557,5100,train,3.6298,1707894,1104.00
,1558,5100,train,3.5775,1709008,1104.01
,1559,5100,train,3.6179,1710114,1104.01
,1560,5100,train,3.6857,1711225,1104.02
,1561,5100,train,3.6009,1712334,1104.02
,1562,5100,train,3.3612,1713440,1104.02
,1563,5100,train,3.4023,1714546,1104.02
,1564,5100,train,3.8044,1715653,1104.02
,1565,5100,train,3.5280,1716749,1104.02
,1566,5100,train,3.5865,1717849,1104.02
,1567,5100,train,3.5967,1718950,1104.01
,1568,5100,train,3.6050,1720050,1104.01
,1569,5100,train,3.5938,1721149,1104.01
,1570,5100,train,3.5353,1722253,1104.01
,1571,5100,train,3.4685,1723356,1104.01
,1572,5100,train,3.5582,1724454,1104.00
,1573,5100,train,3.6402,1725554,1104.00
,1574,5100,train,3.5625,1726654,1104.00
,1575,5100,train,3.5994,1727750,1103.99
,1576,5100,train,3.5259,1728849,1103.99
,1577,5100,train,3.5358,1729952,1103.99
,1578,5100,train,3.6646,1731052,1103.99
,1579,5100,train,3.7067,1732150,1103.98
,1580,5100,train,3.6050,1733250,1103.98
,1581,5100,train,3.9384,1734350,1103.98
,1582,5100,train,3.6231,1735451,1103.98
,1583,5100,train,3.7593,1736549,1103.97
,1584,5100,train,3.5424,1737648,1103.97
,1585,5100,train,3.5819,1738748,1103.97
,1586,5100,train,3.7383,1739849,1103.97
,1587,5100,train,3.4992,1740950,1103.96
,1588,5100,train,3.5377,1742050,1103.96
,1589,5100,train,3.6358,1743152,1103.96
,1590,5100,train,3.5138,1744251,1103.96
,1591,5100,train,3.4963,1745352,1103.95
,1592,5100,train,3.4949,1746452,1103.95
,1593,5100,train,3.6109,1747554,1103.95
,1594,5100,train,3.5035,1748662,1103.95
,1595,5100,train,3.2526,1749777,1103.96
,1596,5100,train,3.5048,1750878,1103.96
,1597,5100,train,3.5011,1751993,1103.97
,1598,5100,train,3.6569,1753095,1103.96
,1599,5100,train,3.5473,1754205,1103.97
,1600,5100,train,3.5883,1755313,1103.97
,1601,5100,train,3.5899,1756420,1103.97
,1602,5100,train,3.4480,1757532,1103.98
,1603,5100,train,3.5282,1758634,1103.98
,1604,5100,train,3.5242,1759738,1103.98
,1605,5100,train,3.5898,1760841,1103.98
,1606,5100,train,3.5824,1761945,1103.98
,1607,5100,train,3.4045,1763050,1103.98
,1608,5100,train,3.5526,1764151,1103.97
,1609,5100,train,3.6697,1765249,1103.97
,1610,5100,train,3.5539,1766346,1103.97
,1611,5100,train,3.7029,1767446,1103.96
,1612,5100,train,3.4461,1768547,1103.96
,1613,5100,train,3.5024,1769650,1103.96
,1614,5100,train,3.5836,1770749,1103.96
,1615,5100,train,3.5296,1771849,1103.96
,1616,5100,train,3.5519,1772953,1103.96
,1617,5100,train,3.5093,1774050,1103.95
,1618,5100,train,3.4740,1775153,1103.95
,1619,5100,train,3.5806,1776255,1103.95
,1620,5100,train,3.4719,1777358,1103.95
,1621,5100,train,3.5688,1778459,1103.95
,1622,5100,train,3.4438,1779563,1103.95
,1623,5100,train,3.6797,1780666,1103.95
,1624,5100,train,3.4303,1781768,1103.95
,1625,5100,train,3.5528,1782869,1103.94
,1625,5100,val,3.5665,1782869,1103.94
,1626,5100,train,3.4739,1783976,1103.95
,1627,5100,train,3.4569,1785080,1103.95
,1628,5100,train,3.5272,1786183,1103.94
,1629,5100,train,3.2792,1787295,1103.95
,1630,5100,train,3.6268,1788399,1103.95
,1631,5100,train,3.6218,1789508,1103.95
,1632,5100,train,3.4348,1790615,1103.95
,1633,5100,train,3.5087,1791724,1103.96
,1634,5100,train,3.6646,1792850,1103.97
,1635,5100,train,3.7258,1793959,1103.97
,1636,5100,train,3.5627,1795071,1103.98
,1637,5100,train,3.4892,1796176,1103.98
,1638,5100,train,3.6028,1797285,1103.98
,1639,5100,train,3.3790,1798396,1103.99
,1640,5100,train,3.6964,1799504,1103.99
,1641,5100,train,3.5268,1800611,1103.99
,1642,5100,train,3.7827,1801712,1103.99
,1643,5100,train,3.4101,1802816,1103.99
,1644,5100,train,3.4308,1803918,1103.99
,1645,5100,train,3.4790,1805028,1103.99
,1646,5100,train,3.5465,1806132,1103.99
,1647,5100,train,3.4576,1807231,1103.99
,1648,5100,train,3.6692,1808333,1103.99
,1649,5100,train,3.4982,1809432,1103.99
,1650,5100,train,3.5222,1810533,1103.98
,1651,5100,train,3.4501,1811634,1103.98
,1652,5100,train,3.5436,1812734,1103.98
,1653,5100,train,3.7593,1813835,1103.98
,1654,5100,train,3.6119,1814939,1103.98
,1655,5100,train,3.4002,1816037,1103.97
,1656,5100,train,3.5178,1817138,1103.97
,1657,5100,train,3.5560,1818234,1103.97
,1658,5100,train,3.5167,1819334,1103.96
,1659,5100,train,3.5919,1820432,1103.96
,1660,5100,train,3.5233,1821533,1103.96
,1661,5100,train,3.6619,1822635,1103.96
,1662,5100,train,3.6051,1823736,1103.96
,1663,5100,train,3.6725,1824835,1103.95
,1664,5100,train,3.5670,1825936,1103.95
,1665,5100,train,3.5246,1827032,1103.95
,1666,5100,train,3.6686,1828131,1103.94
,1667,5100,train,3.4325,1829232,1103.94
,1668,5100,train,3.5414,1830333,1103.94
,1669,5100,train,3.5365,1831433,1103.94
,1670,5100,train,3.5477,1832536,1103.94
,1671,5100,train,3.4587,1833642,1103.94
,1672,5100,train,3.6168,1834749,1103.94
,1673,5100,train,3.4814,1835861,1103.95
,1674,5100,train,3.5632,1836970,1103.95
,1675,5100,train,3.5342,1838081,1103.95
,1676,5100,train,3.7492,1839192,1103.96
,1677,5100,train,3.5532,1840294,1103.96
,1678,5100,train,3.4436,1841396,1103.95
,1679,5100,train,3.5919,1842502,1103.96
,1680,5100,train,3.5158,1843610,1103.96
,1681,5100,train,3.6571,1844715,1103.96
,1682,5100,train,3.7419,1845817,1103.96
,1683,5100,train,3.6677,1846914,1103.95
,1684,5100,train,3.5171,1848016,1103.95
,1685,5100,train,3.5847,1849114,1103.95
,1686,5100,train,3.5288,1850211,1103.94
,1687,5100,train,3.5346,1851315,1103.94
,1688,5100,train,3.4646,1852413,1103.94
,1689,5100,train,3.6200,1853513,1103.94
,1690,5100,train,3.5613,1854613,1103.94
,1691,5100,train,3.6053,1855729,1103.94
,1692,5100,train,3.5012,1856834,1103.94
,1693,5100,train,3.7082,1857936,1103.94
,1694,5100,train,3.5464,1859036,1103.94
,1695,5100,train,3.3860,1860132,1103.94
,1696,5100,train,3.5074,1861230,1103.93
,1697,5100,train,3.5391,1862330,1103.93
,1698,5100,train,3.5593,1863431,1103.93
,1699,5100,train,3.5855,1864534,1103.93
,1700,5100,train,3.5611,1865635,1103.93
,1701,5100,train,3.5779,1866736,1103.92
,1702,5100,train,3.6158,1867840,1103.92
,1703,5100,train,3.5323,1868942,1103.92
,1704,5100,train,3.5495,1870049,1103.93
,1705,5100,train,3.7759,1871154,1103.93
,1706,5100,train,3.6254,1872256,1103.92
,1707,5100,train,3.5353,1873360,1103.92
,1708,5100,train,3.5349,1874467,1103.93
,1709,5100,train,3.6197,1875570,1103.93
,1710,5100,train,3.5922,1876673,1103.93
,1711,5100,train,3.6347,1877774,1103.92
,1712,5100,train,3.4116,1878882,1103.93
,1713,5100,train,3.4663,1879998,1103.93
,1714,5100,train,3.6063,1881106,1103.94
,1715,5100,train,3.3949,1882222,1103.94
,1716,5100,train,3.5484,1883529,1104.06
,1717,5100,train,3.6049,1884640,1104.07
,1718,5100,train,3.6159,1885755,1104.07
,1719,5100,train,3.4471,1886858,1104.07
,1720,5100,train,3.7208,1887957,1104.07
,1721,5100,train,3.4274,1889065,1104.07
,1722,5100,train,3.4220,1890171,1104.07
,1723,5100,train,3.5861,1891276,1104.07
,1724,5100,train,3.5673,1892378,1104.07
,1725,5100,train,3.5199,1893476,1104.07
,1726,5100,train,3.6248,1894577,1104.07
,1727,5100,train,3.5056,1895679,1104.06
,1728,5100,train,3.5881,1896779,1104.06
,1729,5100,train,3.5847,1897880,1104.06
,1730,5100,train,3.5272,1898980,1104.06
,1731,5100,train,3.5419,1900076,1104.05
,1732,5100,train,3.6003,1901176,1104.05
,1733,5100,train,3.7059,1902275,1104.05
,1734,5100,train,3.6034,1903375,1104.05
,1735,5100,train,3.5211,1904475,1104.04
,1736,5100,train,3.6195,1905574,1104.04
,1737,5100,train,3.6254,1906673,1104.04
,1738,5100,train,3.5263,1907775,1104.04
,1739,5100,train,3.4159,1908875,1104.03
,1740,5100,train,3.6131,1909975,1104.03
,1741,5100,train,3.7695,1911076,1104.03
,1742,5100,train,3.4805,1912176,1104.03
,1743,5100,train,3.6146,1913276,1104.03
,1744,5100,train,3.4882,1914376,1104.02
,1745,5100,train,3.5364,1915475,1104.02
,1746,5100,train,3.5461,1916575,1104.02
,1747,5100,train,3.4463,1917674,1104.02
,1748,5100,train,3.4075,1918776,1104.01
,1749,5100,train,3.4478,1919873,1104.01
,1750,5100,train,3.5601,1920970,1104.01
,1750,5100,val,3.5457,1920971,1104.01
,1751,5100,train,3.5391,1922079,1104.01
,1752,5100,train,3.7905,1923184,1104.01
,1753,5100,train,3.5601,1924294,1104.01
,1754,5100,train,3.5625,1925403,1104.02
,1755,5100,train,3.5581,1926509,1104.02
,1756,5100,train,3.5980,1927611,1104.02
,1757,5100,train,3.5559,1928708,1104.01
,1758,5100,train,3.6023,1929813,1104.01
,1759,5100,train,3.5976,1930921,1104.01
,1760,5100,train,3.5466,1932025,1104.01
,1761,5100,train,3.6034,1933129,1104.01
,1762,5100,train,3.6136,1934227,1104.01
,1763,5100,train,3.6528,1935328,1104.01
,1764,5100,train,3.5843,1936426,1104.01
,1765,5100,train,3.5714,1937524,1104.00
,1766,5100,train,3.7523,1938624,1104.00
,1767,5100,train,3.5981,1939720,1104.00
,1768,5100,train,3.5281,1940823,1103.99
,1769,5100,train,3.5534,1941922,1103.99
,1770,5100,train,3.4939,1943028,1103.99
,1771,5100,train,3.5821,1944126,1103.99
,1772,5100,train,3.4600,1945224,1103.99
,1773,5100,train,3.4799,1946324,1103.98
,1774,5100,train,3.5854,1947423,1103.98
,1775,5100,train,3.5807,1948525,1103.98
,1776,5100,train,3.5285,1949623,1103.98
,1777,5100,train,3.5525,1950723,1103.97
,1778,5100,train,3.5243,1951823,1103.97
,1779,5100,train,3.5380,1952925,1103.97
,1780,5100,train,3.5095,1954029,1103.97
,1781,5100,train,3.5687,1955128,1103.97
,1782,5100,train,3.5708,1956230,1103.97
,1783,5100,train,3.6336,1957325,1103.96
,1784,5100,train,3.3551,1958423,1103.96
,1785,5100,train,3.4644,1959523,1103.96
,1786,5100,train,3.5169,1960624,1103.96
,1787,5100,train,3.6184,1961725,1103.95
,1788,5100,train,3.4198,1962826,1103.95
,1789,5100,train,3.5648,1963926,1103.95
,1790,5100,train,3.5690,1965033,1103.95
,1791,5100,train,3.5146,1966139,1103.95
,1792,5100,train,3.4985,1967245,1103.95
,1793,5100,train,3.5936,1968350,1103.95
,1794,5100,train,3.5261,1969456,1103.96
,1795,5100,train,3.3714,1970565,1103.96
,1796,5100,train,3.5142,1971673,1103.96
,1797,5100,train,3.4784,1972780,1103.96
,1798,5100,train,3.6047,1973888,1103.96
,1799,5100,train,3.4035,1974986,1103.96
,1800,5100,train,3.5771,1976085,1103.96
,1801,5100,train,3.5026,1977185,1103.96
,1802,5100,train,3.5487,1978287,1103.95
,1803,5100,train,3.5757,1979386,1103.95
,1804,5100,train,3.4856,1980488,1103.95
,1805,5100,train,3.5658,1981589,1103.95
,1806,5100,train,3.5432,1982687,1103.95
,1807,5100,train,3.5395,1983786,1103.94
,1808,5100,train,3.5407,1984887,1103.94
,1809,5100,train,3.6152,1985983,1103.94
,1810,5100,train,3.5500,1987084,1103.94
,1811,5100,train,3.4209,1988185,1103.93
,1812,5100,train,3.4989,1989284,1103.93
,1813,5100,train,3.6021,1990385,1103.93
,1814,5100,train,3.5504,1991486,1103.93
,1815,5100,train,3.4836,1992584,1103.92
,1816,5100,train,3.3767,1993685,1103.92
,1817,5100,train,3.4942,1994784,1103.92
,1818,5100,train,3.5578,1995882,1103.92
,1819,5100,train,3.6193,1996982,1103.92
,1820,5100,train,3.5670,1998085,1103.91
,1821,5100,train,3.4866,1999184,1103.91
,1822,5100,train,3.4847,2000281,1103.91
,1823,5100,train,3.6413,2001383,1103.91
,1824,5100,train,3.4754,2002483,1103.90
,1825,5100,train,3.6790,2003585,1103.90
,1826,5100,train,3.5830,2004684,1103.90
,1827,5100,train,3.5349,2005783,1103.90
,1828,5100,train,3.5974,2006887,1103.90
,1829,5100,train,3.5797,2007991,1103.90
,1830,5100,train,3.5084,2009090,1103.90
,1831,5100,train,3.5528,2010191,1103.89
,1832,5100,train,3.6004,2011291,1103.89
,1833,5100,train,3.6110,2012397,1103.89
,1834,5100,train,3.4417,2013506,1103.90
,1835,5100,train,3.5419,2014609,1103.90
,1836,5100,train,3.4301,2015715,1103.90
,1837,5100,train,3.5923,2016825,1103.90
,1838,5100,train,3.6523,2017923,1103.90
,1839,5100,train,3.6583,2019023,1103.89
,1840,5100,train,3.5621,2020122,1103.89
,1841,5100,train,3.5772,2021220,1103.89
,1842,5100,train,3.5407,2022322,1103.89
,1843,5100,train,3.6058,2023426,1103.89
,1844,5100,train,3.4812,2024521,1103.88
,1845,5100,train,3.4780,2025620,1103.88
,1846,5100,train,3.5516,2026722,1103.88
,1847,5100,train,3.5383,2027822,1103.88
,1848,5100,train,3.6357,2028922,1103.88
,1849,5100,train,3.6633,2030021,1103.87
,1850,5100,train,3.9606,2031121,1103.87
,1851,5100,train,3.4653,2032224,1103.87
,1852,5100,train,3.6735,2033324,1103.87
,1853,5100,train,3.6169,2034425,1103.87
,1854,5100,train,3.5070,2035524,1103.86
,1855,5100,train,3.5593,2036623,1103.86
,1856,5100,train,3.5877,2037722,1103.86
,1857,5100,train,3.5243,2038825,1103.86
,1858,5100,train,3.5116,2039926,1103.86
,1859,5100,train,3.5064,2041025,1103.85
,1860,5100,train,3.5664,2042125,1103.85
,1861,5100,train,3.4972,2043224,1103.85
,1862,5100,train,3.5600,2044324,1103.85
,1863,5100,train,3.6639,2045424,1103.84
,1864,5100,train,3.5778,2046523,1103.84
,1865,5100,train,3.6336,2047625,1103.84
,1866,5100,train,3.5274,2048725,1103.84
,1867,5100,train,3.4619,2049824,1103.84
,1868,5100,train,3.4023,2050934,1103.84
,1869,5100,train,3.4217,2052036,1103.84
,1870,5100,train,3.3797,2053146,1103.84
,1871,5100,train,3.4959,2054251,1103.84
,1872,5100,train,3.3564,2055360,1103.85
,1873,5100,train,3.3898,2056472,1103.85
,1874,5100,train,3.5584,2057575,1103.85
,1875,5100,train,3.5176,2058689,1103.85
,1875,5100,val,3.5318,2058690,1103.86
,1876,5100,train,3.6207,2059797,1103.86
,1877,5100,train,3.5232,2060903,1103.86
,1878,5100,train,3.5369,2062008,1103.86
,1879,5100,train,3.6443,2063113,1103.86
,1880,5100,train,3.4437,2064212,1103.86
,1881,5100,train,3.5965,2065312,1103.85
,1882,5100,train,3.5280,2066411,1103.85
,1883,5100,train,3.4844,2067513,1103.85
,1884,5100,train,3.5075,2068615,1103.85
,1885,5100,train,3.5697,2069714,1103.85
,1886,5100,train,3.5974,2070813,1103.84
,1887,5100,train,3.5408,2071913,1103.84
,1888,5100,train,3.4986,2073014,1103.84
,1889,5100,train,3.5100,2074115,1103.84
,1890,5100,train,3.4724,2075217,1103.84
,1891,5100,train,3.5363,2076316,1103.84
,1892,5100,train,3.4778,2077414,1103.83
,1893,5100,train,3.4466,2078516,1103.83
,1894,5100,train,3.5267,2079612,1103.83
,1895,5100,train,3.4536,2080712,1103.83
,1896,5100,train,3.4943,2081814,1103.82
,1897,5100,train,3.4909,2082915,1103.82
,1898,5100,train,3.6144,2084019,1103.82
,1899,5100,train,3.4891,2085125,1103.82
,1900,5100,train,3.4496,2086236,1103.83
,1901,5100,train,3.4867,2087345,1103.83
,1902,5100,train,3.4405,2088456,1103.84
,1903,5100,train,3.7759,2089564,1103.84
,1904,5100,train,3.4384,2090672,1103.84
,1905,5100,train,3.6726,2091782,1103.84
,1906,5100,train,4.2905,2092895,1103.85
,1907,5100,train,3.4279,2094187,1103.95
,1908,5100,train,3.5126,2095298,1103.95
,1909,5100,train,3.5026,2096408,1103.95
,1910,5100,train,3.4328,2097518,1103.96
,1911,5100,train,3.4984,2098620,1103.96
,1912,5100,train,3.4789,2099720,1103.95
,1913,5100,train,3.4278,2100826,1103.95
,1914,5100,train,3.6546,2101936,1103.96
,1915,5100,train,3.5498,2103041,1103.96
,1916,5100,train,4.3306,2104150,1103.96
,1917,5100,train,3.7790,2105257,1103.96
,1918,5100,train,3.5814,2106363,1103.96
,1919,5100,train,3.4822,2107463,1103.96
,1920,5100,train,3.5492,2108573,1103.96
,1921,5100,train,3.4933,2109680,1103.97
,1922,5100,train,3.4632,2110788,1103.97
,1923,5100,train,3.4585,2111890,1103.97
,1924,5100,train,3.6217,2112994,1103.97
,1925,5100,train,3.4522,2114093,1103.96
,1926,5100,train,3.5371,2115191,1103.96
,1927,5100,train,3.5767,2116291,1103.96
,1928,5100,train,3.5131,2117393,1103.96
,1929,5100,train,3.4348,2118492,1103.96
,1930,5100,train,3.6057,2119591,1103.95
,1931,5100,train,3.5350,2120692,1103.95
,1932,5100,train,3.5255,2121794,1103.95
,1933,5100,train,3.5114,2122895,1103.95
,1934,5100,train,3.5073,2123993,1103.95
,1935,5100,train,3.5937,2125097,1103.95
,1936,5100,train,3.4864,2126193,1103.94
,1937,5100,train,3.5530,2127292,1103.94
,1938,5100,train,3.4725,2128394,1103.94
,1939,5100,train,3.5025,2129493,1103.94
,1940,5100,train,3.4835,2130593,1103.93
,1941,5100,train,3.5457,2131693,1103.93
,1942,5100,train,3.5215,2132795,1103.93
,1943,5100,train,3.4314,2133894,1103.93
,1944,5100,train,3.6444,2134992,1103.93
,1945,5100,train,3.5066,2136091,1103.92
,1946,5100,train,3.3577,2137193,1103.92
,1947,5100,train,3.6061,2138293,1103.92
,1948,5100,train,3.4969,2139391,1103.92
,1949,5100,train,3.4866,2140493,1103.92
,1950,5100,train,3.6379,2141593,1103.91
,1951,5100,train,3.5502,2142691,1103.91
,1952,5100,train,3.6532,2143802,1103.91
,1953,5100,train,3.5603,2144911,1103.92
,1954,5100,train,3.6113,2146019,1103.92
,1955,5100,train,3.5510,2147128,1103.92
,1956,5100,train,3.7111,2148252,1103.93
,1957,5100,train,3.6027,2149363,1103.94
,1958,5100,train,3.8955,2150479,1103.94
,1959,5100,train,3.5505,2151589,1103.95
,1960,5100,train,3.5554,2152695,1103.95
,1961,5100,train,3.6076,2153795,1103.94
,1962,5100,train,3.4830,2154906,1103.95
,1963,5100,train,3.5180,2156009,1103.95
,1964,5100,train,3.4924,2157113,1103.95
,1965,5100,train,3.5968,2158218,1103.95
,1966,5100,train,3.5178,2159331,1103.95
,1967,5100,train,3.4431,2160436,1103.95
,1968,5100,train,3.4987,2161536,1103.95
,1969,5100,train,3.5275,2162635,1103.95
,1970,5100,train,3.4299,2163734,1103.95
,1971,5100,train,3.4427,2164837,1103.95
,1972,5100,train,3.4708,2165934,1103.94
,1973,5100,train,3.6022,2167034,1103.94
,1974,5100,train,3.4207,2168136,1103.94
,1975,5100,train,3.5401,2169238,1103.94
,1976,5100,train,3.4975,2170334,1103.93
,1977,5100,train,3.5247,2171436,1103.93
,1978,5100,train,3.5716,2172535,1103.93
,1979,5100,train,3.6416,2173639,1103.93
,1980,5100,train,3.9883,2174738,1103.93
,1981,5100,train,3.5035,2175835,1103.92
,1982,5100,train,3.7141,2176936,1103.92
,1983,5100,train,3.5096,2178037,1103.92
,1984,5100,train,3.5136,2179140,1103.92
,1985,5100,train,3.5803,2180241,1103.92
,1986,5100,train,3.6647,2181337,1103.92
,1987,5100,train,3.5320,2182435,1103.91
,1988,5100,train,3.4750,2183535,1103.91
,1989,5100,train,3.4600,2184636,1103.91
,1990,5100,train,3.4687,2185730,1103.90
,1991,5100,train,3.5633,2186833,1103.90
,1992,5100,train,3.6108,2187936,1103.90
,1993,5100,train,3.3949,2189043,1103.90
,1994,5100,train,3.6979,2190151,1103.91
,1995,5100,train,3.5519,2191261,1103.91
,1996,5100,train,3.5847,2192370,1103.91
,1997,5100,train,3.4789,2193480,1103.92
,1998,5100,train,3.7158,2194584,1103.92
,1999,5100,train,3.4452,2195705,1103.92
,2000,5100,train,3.4504,2196807,1103.92
,2000,5100,val,3.5187,2196807,1103.92
,2001,5100,train,3.6302,2197917,1103.93
,2002,5100,train,3.5559,2199021,1103.93
,2003,5100,train,3.5891,2200119,1103.92
,2004,5100,train,3.6000,2201216,1103.92
,2005,5100,train,3.5803,2202317,1103.92
,2006,5100,train,3.4582,2203416,1103.92
,2007,5100,train,3.4369,2204520,1103.92
,2008,5100,train,3.6059,2205627,1103.92
,2009,5100,train,3.4358,2206729,1103.92
,2010,5100,train,3.7303,2207831,1103.92
,2011,5100,train,3.5923,2208937,1103.92
,2012,5100,train,3.4512,2210044,1103.92
,2013,5100,train,3.5343,2211154,1103.92
,2014,5100,train,3.4646,2212257,1103.92
,2015,5100,train,3.5795,2213366,1103.92
,2016,5100,train,3.4566,2214478,1103.93
,2017,5100,train,3.5592,2215581,1103.93
,2018,5100,train,3.5042,2216686,1103.93
,2019,5100,train,3.4781,2217795,1103.93
,2020,5100,train,3.4904,2218894,1103.93
,2021,5100,train,3.6153,2219993,1103.93
,2022,5100,train,3.5605,2221092,1103.92
,2023,5100,train,3.4656,2222192,1103.92
,2024,5100,train,3.6405,2223293,1103.92
,2025,5100,train,3.4900,2224391,1103.92
,2026,5100,train,3.5783,2225493,1103.92
,2027,5100,train,3.5412,2226590,1103.91
,2028,5100,train,3.4738,2227695,1103.91
,2029,5100,train,3.5784,2228796,1103.91
,2030,5100,train,3.5173,2229888,1103.90
,2031,5100,train,3.2845,2230987,1103.90
,2032,5100,train,3.5038,2232098,1103.91
,2033,5100,train,3.5271,2233206,1103.91
,2034,5100,train,3.4381,2234316,1103.91
,2035,5100,train,3.4630,2235421,1103.91
,2036,5100,train,3.5419,2236537,1103.92
,2037,5100,train,3.5339,2237642,1103.92
,2038,5100,train,3.4150,2238748,1103.92
,2039,5100,train,3.4497,2239859,1103.92
,2040,5100,train,3.5534,2240958,1103.92
,2041,5100,train,3.5740,2242057,1103.92
,2042,5100,train,3.5214,2243151,1103.91
,2043,5100,train,3.8013,2244256,1103.91
,2044,5100,train,3.5417,2245358,1103.91
,2045,5100,train,3.5928,2246453,1103.91
,2046,5100,train,3.4738,2247556,1103.91
,2047,5100,train,4.0205,2248655,1103.91
,2048,5100,train,3.4687,2249753,1103.90
,2049,5100,train,3.3683,2250852,1103.90
,2050,5100,train,3.5330,2251951,1103.90
,2051,5100,train,3.5710,2253051,1103.90
,2052,5100,train,3.5483,2254153,1103.89
,2053,5100,train,3.5435,2255265,1103.90
,2054,5100,train,3.6045,2256373,1103.90
,2055,5100,train,3.4442,2257481,1103.90
,2056,5100,train,3.4364,2258590,1103.91
,2057,5100,train,3.4436,2259698,1103.91
,2058,5100,train,3.5100,2260807,1103.91
,2059,5100,train,3.5780,2261919,1103.91
,2060,5100,train,3.5338,2263025,1103.91
,2061,5100,train,3.4972,2264131,1103.92
,2062,5100,train,3.5376,2265234,1103.91
,2063,5100,train,3.5071,2266333,1103.91
,2064,5100,train,3.4414,2267432,1103.91
,2065,5100,train,3.5540,2268535,1103.91
,2066,5100,train,3.7743,2269651,1103.92
,2067,5100,train,3.4302,2270755,1103.92
,2068,5100,train,3.4832,2271852,1103.91
,2069,5100,train,3.4613,2272951,1103.91
,2070,5100,train,3.3888,2274052,1103.91
,2071,5100,train,3.5048,2275153,1103.91
,2072,5100,train,3.4485,2276252,1103.91
,2073,5100,train,3.5749,2277355,1103.90
,2074,5100,train,3.5263,2278459,1103.90
,2075,5100,train,3.4639,2279564,1103.90
,2076,5100,train,3.7088,2280673,1103.91
,2077,5100,train,3.7333,2281776,1103.91
,2078,5100,train,3.5163,2282885,1103.91
,2079,5100,train,3.4202,2283997,1103.91
,2080,5100,train,3.5950,2285124,1103.92
,2081,5100,train,3.4115,2286230,1103.93
,2082,5100,train,3.5307,2287331,1103.92
,2083,5100,train,3.4469,2288434,1103.92
,2084,5100,train,3.5496,2289544,1103.93
,2085,5100,train,3.5484,2290649,1103.93
,2086,5100,train,3.3549,2291751,1103.93
,2087,5100,train,3.3801,2292851,1103.92
,2088,5100,train,3.5286,2293953,1103.92
,2089,5100,train,3.4614,2295051,1103.92
,2090,5100,train,3.5779,2296154,1103.92
,2091,5100,train,3.4742,2297252,1103.92
,2092,5100,train,3.3811,2298354,1103.92
,2093,5100,train,3.1254,2299454,1103.91
,2094,5100,train,3.3670,2300553,1103.91
,2095,5100,train,3.3660,2301653,1103.91
,2096,5100,train,3.4726,2302751,1103.91
,2097,5100,train,3.5359,2303966,1103.96
,2098,5100,train,3.3531,2305066,1103.96
,2099,5100,train,3.6310,2306174,1103.96
,2100,5100,train,3.6728,2307272,1103.96
,2101,5100,train,3.4520,2308371,1103.96
,2102,5100,train,3.4971,2309470,1103.95
,2103,5100,train,3.5167,2310570,1103.95
,2104,5100,train,3.4091,2311668,1103.95
,2105,5100,train,3.6039,2312772,1103.95
,2106,5100,train,3.4951,2313873,1103.95
,2107,5100,train,3.8475,2314972,1103.94
,2108,5100,train,3.4538,2316073,1103.94
,2109,5100,train,3.3032,2317170,1103.94
,2110,5100,train,3.5839,2318271,1103.94
,2111,5100,train,3.3849,2319374,1103.94
,2112,5100,train,3.6953,2320480,1103.94
,2113,5100,train,3.2821,2321588,1103.94
,2114,5100,train,3.5522,2322693,1103.94
,2115,5100,train,3.4719,2323802,1103.94
,2116,5100,train,3.3659,2324911,1103.95
,2117,5100,train,3.4987,2326018,1103.95
,2118,5100,train,3.5052,2327120,1103.95
,2119,5100,train,3.4118,2328230,1103.95
,2120,5100,train,3.4484,2329335,1103.95
,2121,5100,train,3.3246,2330433,1103.95
,2122,5100,train,3.6363,2331531,1103.94
,2123,5100,train,3.5234,2332632,1103.94
,2124,5100,train,3.5992,2333732,1103.94
,2125,5100,train,3.3643,2334832,1103.94
,2125,5100,val,3.5060,2334833,1103.94
,2126,5100,train,3.4718,2335944,1103.94
,2127,5100,train,3.5391,2337050,1103.94
,2128,5100,train,3.5192,2338164,1103.95
,2129,5100,train,3.5263,2339267,1103.95
,2130,5100,train,3.5398,2340371,1103.95
,2131,5100,train,3.6177,2341484,1103.95
,2132,5100,train,3.6400,2342585,1103.95
,2133,5100,train,3.5241,2343684,1103.95
,2134,5100,train,3.5214,2344786,1103.95
,2135,5100,train,3.5641,2345894,1103.95
,2136,5100,train,3.3172,2346998,1103.95
,2137,5100,train,3.5540,2348100,1103.95
,2138,5100,train,3.5750,2349202,1103.95
,2139,5100,train,3.5861,2350308,1103.95
,2140,5100,train,3.5280,2351416,1103.95
,2141,5100,train,3.7684,2352522,1103.95
,2142,5100,train,3.5506,2353624,1103.95
,2143,5100,train,3.4961,2354726,1103.95
,2144,5100,train,3.6172,2355831,1103.95
,2145,5100,train,3.4028,2356946,1103.96
,2146,5100,train,3.5059,2358056,1103.96
,2147,5100,train,3.4100,2359167,1103.96
,2148,5100,train,3.5059,2360299,1103.97
,2149,5100,train,3.4111,2361410,1103.98
,2150,5100,train,3.4504,2362525,1103.98
,2151,5100,train,3.5693,2363638,1103.99
,2152,5100,train,3.4469,2364744,1103.99
,2153,5100,train,3.4525,2365846,1103.99
,2154,5100,train,3.4274,2366949,1103.99
,2155,5100,train,3.4606,2368054,1103.99
,2156,5100,train,3.4616,2369161,1103.99
,2157,5100,train,3.4670,2370262,1103.99
,2158,5100,train,3.5600,2371366,1103.99
,2159,5100,train,3.5887,2372468,1103.99
,2160,5100,train,3.4322,2373564,1103.98
,2161,5100,train,3.5725,2374664,1103.98
,2162,5100,train,3.5485,2375763,1103.98
,2163,5100,train,3.3330,2376863,1103.98
,2164,5100,train,3.5870,2377963,1103.98
,2165,5100,train,3.3573,2379078,1103.98
,2166,5100,train,3.4591,2380194,1103.99
,2167,5100,train,3.4663,2381307,1103.99
,2168,5100,train,3.6876,2382418,1103.99
,2169,5100,train,3.5152,2383531,1104.00
,2170,5100,train,3.4185,2384640,1104.00
,2171,5100,train,3.4526,2385747,1104.00
,2172,5100,train,3.4577,2386850,1104.00
,2173,5100,train,3.4380,2387981,1104.01
,2174,5100,train,3.6271,2389090,1104.02
,2175,5100,train,3.5650,2390194,1104.02
,2176,5100,train,3.5647,2391308,1104.02
,2177,5100,train,3.6036,2392419,1104.02
,2178,5100,train,3.6927,2393530,1104.03
,2179,5100,train,3.5090,2394642,1104.03
,2180,5100,train,3.5179,2395745,1104.03
,2181,5100,train,3.5686,2396853,1104.03
,2182,5100,train,3.4958,2397953,1104.03
,2183,5100,train,3.4187,2399051,1104.03
,2184,5100,train,3.5979,2400154,1104.03
,2185,5100,train,3.5386,2401251,1104.02
,2186,5100,train,3.4489,2402350,1104.02
,2187,5100,train,3.4791,2403446,1104.02
,2188,5100,train,3.4731,2404547,1104.02
,2189,5100,train,3.5844,2405647,1104.01
,2190,5100,train,3.4646,2406749,1104.01
,2191,5100,train,3.4926,2407850,1104.01
,2192,5100,train,3.4549,2408956,1104.01
,2193,5100,train,3.5377,2410054,1104.01
,2194,5100,train,3.5397,2411160,1104.01
,2195,5100,train,3.6013,2412265,1104.01
,2196,5100,train,3.4309,2413364,1104.01
,2197,5100,train,3.6687,2414465,1104.01
,2198,5100,train,3.5114,2415566,1104.01
,2199,5100,train,3.5370,2416666,1104.00
,2200,5100,train,3.3682,2417765,1104.00
,2201,5100,train,3.4433,2418868,1104.00
,2202,5100,train,3.2448,2419970,1104.00
,2203,5100,train,3.6265,2421068,1104.00
,2204,5100,train,3.5011,2422170,1104.00
,2205,5100,train,3.4487,2423271,1104.00
,2206,5100,train,3.3667,2424373,1104.00
,2207,5100,train,3.4485,2425478,1104.00
,2208,5100,train,3.4070,2426582,1104.00
,2209,5100,train,3.5497,2427681,1103.99
,2210,5100,train,3.4818,2428784,1103.99
,2211,5100,train,3.3170,2429889,1103.99
,2212,5100,train,3.4745,2430989,1103.99
,2213,5100,train,3.3892,2432086,1103.99
,2214,5100,train,3.4237,2433183,1103.98
,2215,5100,train,3.6416,2434282,1103.98
,2216,5100,train,3.5496,2435384,1103.98
,2217,5100,train,3.5832,2436483,1103.98
,2218,5100,train,3.4859,2437587,1103.98
,2219,5100,train,3.5703,2438685,1103.98
,2220,5100,train,3.5082,2439785,1103.98
,2221,5100,train,3.6708,2440895,1103.98
,2222,5100,train,3.5319,2442003,1103.98
,2223,5100,train,3.3977,2443112,1103.98
,2224,5100,train,3.5833,2444222,1103.98
,2225,5100,train,3.4494,2445327,1103.99
,2226,5100,train,3.3280,2446432,1103.99
,2227,5100,train,3.6656,2447538,1103.99
,2228,5100,train,3.4191,2448645,1103.99
,2229,5100,train,3.4827,2449751,1103.99
,2230,5100,train,3.7977,2450852,1103.99
,2231,5100,train,3.5510,2451952,1103.99
,2232,5100,train,3.5866,2453058,1103.99
,2233,5100,train,3.4320,2454160,1103.99
,2234,5100,train,3.5318,2455264,1103.99
,2235,5100,train,3.4564,2456364,1103.98
,2236,5100,train,3.5306,2457465,1103.98
,2237,5100,train,3.6657,2458566,1103.98
,2238,5100,train,3.5008,2459665,1103.98
,2239,5100,train,3.4344,2460764,1103.98
,2240,5100,train,3.4780,2461867,1103.98
,2241,5100,train,3.3910,2462973,1103.98
,2242,5100,train,3.5054,2464078,1103.98
,2243,5100,train,3.4773,2465190,1103.98
,2244,5100,train,3.4586,2466295,1103.98
,2245,5100,train,3.4517,2467402,1103.98
,2246,5100,train,3.4235,2468509,1103.98
,2247,5100,train,3.5672,2469619,1103.99
,2248,5100,train,3.2584,2470720,1103.99
,2249,5100,train,3.4923,2471821,1103.98
,2250,5100,train,3.5289,2472925,1103.98
,2250,5100,val,3.4945,2472926,1103.98
,2251,5100,train,3.4946,2474027,1103.98
,2252,5100,train,3.7853,2475130,1103.98
,2253,5100,train,3.4307,2476230,1103.98
,2254,5100,train,3.2884,2477342,1103.98
,2255,5100,train,3.5791,2478454,1103.99
,2256,5100,train,4.2681,2479562,1103.99
,2257,5100,train,3.2778,2480673,1103.99
,2258,5100,train,3.4867,2481786,1104.00
,2259,5100,train,3.5369,2482893,1104.00
,2260,5100,train,3.5008,2484001,1104.00
,2261,5100,train,3.5102,2485112,1104.00
,2262,5100,train,3.5376,2486215,1104.00
,2263,5100,train,3.3259,2487318,1104.00
,2264,5100,train,3.4034,2488433,1104.01
,2265,5100,train,3.4950,2489542,1104.01
,2266,5100,train,3.3544,2490652,1104.01
,2267,5100,train,3.7113,2491758,1104.01
,2268,5100,train,3.4387,2492868,1104.02
,2269,5100,train,3.3975,2493973,1104.02
,2270,5100,train,3.5047,2495082,1104.02
,2271,5100,train,3.5126,2496187,1104.02
,2272,5100,train,3.5730,2497287,1104.02
,2273,5100,train,3.5270,2498390,1104.02
,2274,5100,train,3.4136,2499488,1104.01
,2275,5100,train,3.3824,2500593,1104.01
,2276,5100,train,3.8088,2501707,1104.02
,2277,5100,train,3.4144,2502815,1104.02
,2278,5100,train,3.5300,2503926,1104.02
,2279,5100,train,3.4465,2505028,1104.02
,2280,5100,train,3.6052,2506133,1104.02
,2281,5100,train,3.5101,2507236,1104.02
,2282,5100,train,3.4843,2508345,1104.03
,2283,5100,train,3.5032,2509449,1104.03
,2284,5100,train,3.5275,2510556,1104.03
,2285,5100,train,3.4778,2511665,1104.03
,2286,5100,train,3.5316,2512770,1104.03
,2287,5100,train,3.4942,2513873,1104.03
,2288,5100,train,3.4195,2515110,1104.09
,2289,5100,train,3.4675,2516218,1104.09
,2290,5100,train,3.6221,2517322,1104.09
,2291,5100,train,3.4757,2518426,1104.09
,2292,5100,train,3.5331,2519528,1104.09
,2293,5100,train,3.4104,2520628,1104.09
,2294,5100,train,3.5864,2521729,1104.08
,2295,5100,train,3.5439,2522827,1104.08
,2296,5100,train,3.5535,2523927,1104.08
,2297,5100,train,3.5660,2525025,1104.08
,2298,5100,train,3.4108,2526125,1104.08
,2299,5100,train,3.5413,2527223,1104.07
,2300,5100,train,3.4344,2528323,1104.07
,2301,5100,train,3.4892,2529422,1104.07
,2302,5100,train,3.5047,2530523,1104.07
,2303,5100,train,3.4402,2531624,1104.07
,2304,5100,train,3.5396,2532725,1104.06
,2305,5100,train,3.5334,2533842,1104.07
,2306,5100,train,3.5506,2534959,1104.08
,2307,5100,train,3.5157,2536083,1104.09
,2308,5100,train,3.6439,2537203,1104.09
,2309,5100,train,3.4913,2538328,1104.10
,2310,5100,train,3.3712,2539436,1104.10
,2311,5100,train,3.4658,2540548,1104.11
,2312,5100,train,3.4891,2541652,1104.11
,2313,5100,train,3.5499,2542767,1104.11
,2314,5100,train,3.4742,2543884,1104.12
,2315,5100,train,3.5126,2544994,1104.12
,2316,5100,train,3.4830,2546120,1104.13
,2317,5100,train,3.5744,2547244,1104.14
,2318,5100,train,3.3945,2548370,1104.15
,2319,5100,train,3.4119,2549491,1104.15
,2320,5100,train,3.5768,2550608,1104.16
,2321,5100,train,3.5165,2551723,1104.16
,2322,5100,train,3.3646,2552836,1104.17
,2323,5100,train,3.4181,2553947,1104.17
,2324,5100,train,3.3956,2555052,1104.17
,2325,5100,train,3.4701,2556147,1104.17
,2326,5100,train,3.5286,2557244,1104.16
,2327,5100,train,3.4267,2558342,1104.16
,2328,5100,train,3.5087,2559443,1104.16
,2329,5100,train,3.2360,2560543,1104.16
,2330,5100,train,3.3327,2561644,1104.16
,2331,5100,train,3.4837,2562742,1104.15
,2332,5100,train,3.4193,2563843,1104.15
,2333,5100,train,3.5925,2564943,1104.15
,2334,5100,train,3.5892,2566042,1104.15
,2335,5100,train,3.5110,2567142,1104.15
,2336,5100,train,3.4582,2568244,1104.15
,2337,5100,train,3.4168,2569344,1104.14
,2338,5100,train,3.6648,2570443,1104.14
,2339,5100,train,3.6191,2571549,1104.14
,2340,5100,train,3.5307,2572651,1104.14
,2341,5100,train,3.4885,2573753,1104.14
,2342,5100,train,3.4310,2574857,1104.14
,2343,5100,train,3.4856,2575954,1104.14
,2344,5100,train,3.6368,2577061,1104.14
,2345,5100,train,3.4262,2578167,1104.14
,2346,5100,train,3.5099,2579269,1104.14
,2347,5100,train,3.4524,2580373,1104.14
,2348,5100,train,3.4971,2581479,1104.14
,2349,5100,train,3.3347,2582588,1104.14
,2350,5100,train,3.6660,2583692,1104.14
,2351,5100,train,3.4888,2584798,1104.14
,2352,5100,train,3.4406,2585903,1104.14
,2353,5100,train,3.4733,2587025,1104.15
,2354,5100,train,3.5167,2588144,1104.16
,2355,5100,train,3.4758,2589269,1104.17
,2356,5100,train,3.3144,2590390,1104.17
,2357,5100,train,3.5842,2591515,1104.18
,2358,5100,train,3.5020,2592637,1104.19
,2359,5100,train,3.2864,2593769,1104.20
,2360,5100,train,3.4850,2594893,1104.21
,2361,5100,train,3.6240,2596018,1104.22
,2362,5100,train,3.4488,2597134,1104.22
,2363,5100,train,3.5237,2598242,1104.23
,2364,5100,train,3.4747,2599348,1104.23
,2365,5100,train,3.5656,2600450,1104.23
,2366,5100,train,3.4760,2601552,1104.22
,2367,5100,train,3.5958,2602649,1104.22
,2368,5100,train,3.2726,2603748,1104.22
,2369,5100,train,3.3897,2604859,1104.22
,2370,5100,train,3.4117,2605956,1104.22
,2371,5100,train,3.5738,2607063,1104.22
,2372,5100,train,3.3735,2608168,1104.22
,2373,5100,train,3.5519,2609268,1104.22
,2374,5100,train,3.2792,2610368,1104.22
,2375,5100,train,3.4428,2611472,1104.22
,2375,5100,val,3.4853,2611472,1104.22
,2376,5100,train,3.3934,2612582,1104.22
,2377,5100,train,3.5029,2613688,1104.22
,2378,5100,train,3.6339,2614790,1104.22
,2379,5100,train,3.4463,2615894,1104.22
,2380,5100,train,3.4687,2616998,1104.22
,2381,5100,train,3.4462,2618103,1104.22
,2382,5100,train,3.6141,2619207,1104.22
,2383,5100,train,3.3693,2620309,1104.22
,2384,5100,train,3.5606,2621411,1104.22
,2385,5100,train,3.6696,2622511,1104.22
,2386,5100,train,3.4663,2623609,1104.21
,2387,5100,train,3.4006,2624730,1104.22
,2388,5100,train,3.4423,2625848,1104.23
,2389,5100,train,3.4676,2626967,1104.23
,2390,5100,train,3.4058,2628087,1104.24
,2391,5100,train,3.5021,2629209,1104.25
,2392,5100,train,3.4358,2630337,1104.26
,2393,5100,train,3.5187,2631465,1104.27
,2394,5100,train,3.4055,2632583,1104.27
,2395,5100,train,3.2991,2633707,1104.28
,2396,5100,train,3.2946,2634824,1104.28
,2397,5100,train,3.4563,2635928,1104.28
,2398,5100,train,3.4006,2637027,1104.28
,2399,5100,train,3.6046,2638124,1104.28
,2400,5100,train,4.1012,2639222,1104.28
,2401,5100,train,3.6700,2640320,1104.27
,2402,5100,train,3.4842,2641423,1104.27
,2403,5100,train,3.4150,2642520,1104.27
,2404,5100,train,3.3931,2643622,1104.27
,2405,5100,train,3.3957,2644722,1104.27
,2406,5100,train,3.4316,2645822,1104.27
,2407,5100,train,3.5193,2646923,1104.26
,2408,5100,train,3.5230,2648023,1104.26
,2409,5100,train,3.4290,2649124,1104.26
,2410,5100,train,3.4089,2650223,1104.26
,2411,5100,train,3.4513,2651322,1104.26
,2412,5100,train,3.4197,2652422,1104.26
,2413,5100,train,3.4593,2653522,1104.25
,2414,5100,train,3.3753,2654622,1104.25
,2415,5100,train,3.3637,2655721,1104.25
,2416,5100,train,3.4145,2656821,1104.25
,2417,5100,train,3.3438,2657921,1104.25
,2418,5100,train,3.5676,2659022,1104.24
,2419,5100,train,3.3884,2660122,1104.24
,2420,5100,train,3.4345,2661223,1104.24
,2421,5100,train,3.5523,2662321,1104.24
,2422,5100,train,3.5481,2663422,1104.24
,2423,5100,train,3.3704,2664520,1104.24
,2424,5100,train,3.4562,2665621,1104.23
,2425,5100,train,3.3810,2666720,1104.23
,2426,5100,train,3.5461,2667821,1104.23
,2427,5100,train,3.4575,2668933,1104.23
,2428,5100,train,3.5479,2670047,1104.24
,2429,5100,train,3.4906,2671159,1104.24
,2430,5100,train,3.5205,2672272,1104.24
,2431,5100,train,3.4218,2673386,1104.25
,2432,5100,train,3.3858,2674499,1104.25
,2433,5100,train,3.3287,2675612,1104.26
,2434,5100,train,3.4600,2676720,1104.26
,2435,5100,train,3.4996,2677820,1104.26
,2436,5100,train,3.3418,2678922,1104.25
,2437,5100,train,3.6467,2680021,1104.25
,2438,5100,train,3.5168,2681121,1104.25
,2439,5100,train,3.4373,2682220,1104.25
,2440,5100,train,3.5083,2683318,1104.25
,2441,5100,train,3.4400,2684416,1104.24
,2442,5100,train,3.4593,2685517,1104.24
,2443,5100,train,3.3104,2686619,1104.24
,2444,5100,train,3.5332,2687722,1104.24
,2445,5100,train,3.4610,2688823,1104.24
,2446,5100,train,3.4723,2689923,1104.24
,2447,5100,train,3.5094,2691024,1104.24
,2448,5100,train,3.5511,2692127,1104.24
,2449,5100,train,3.3734,2693228,1104.23
,2450,5100,train,3.4350,2694329,1104.23
,2451,5100,train,3.5669,2695428,1104.23
,2452,5100,train,3.5336,2696529,1104.23
,2453,5100,train,3.3536,2697633,1104.23
,2454,5100,train,3.4749,2698738,1104.23
,2455,5100,train,3.4379,2699842,1104.23
,2456,5100,train,3.5108,2700946,1104.23
,2457,5100,train,3.5676,2702047,1104.23
,2458,5100,train,3.5235,2703148,1104.23
,2459,5100,train,3.6098,2704249,1104.23
,2460,5100,train,3.5276,2705357,1104.23
,2461,5100,train,3.4024,2706461,1104.23
,2462,5100,train,3.4725,2707565,1104.23
,2463,5100,train,3.5167,2708664,1104.23
,2464,5100,train,3.5558,2709786,1104.23
,2465,5100,train,3.5659,2710904,1104.24
,2466,5100,train,3.3900,2712022,1104.24
,2467,5100,train,3.4427,2713142,1104.25
,2468,5100,train,3.4756,2714263,1104.26
,2469,5100,train,3.4312,2715384,1104.26
,2470,5100,train,3.4429,2716506,1104.27
,2471,5100,train,3.6027,2717625,1104.28
,2472,5100,train,3.5393,2718769,1104.29
,2473,5100,train,3.3818,2719917,1104.31
,2474,5100,train,3.4422,2721023,1104.31
,2475,5100,train,3.4628,2722127,1104.31
,2476,5100,train,3.4647,2723227,1104.31
,2477,5100,train,3.4714,2724330,1104.31
,2478,5100,train,3.4738,2725431,1104.31
,2479,5100,train,3.6114,2726730,1104.39
,2480,5100,train,3.3982,2727830,1104.38
,2481,5100,train,3.4178,2728928,1104.38
,2482,5100,train,3.4971,2730028,1104.38
,2483,5100,train,3.5002,2731128,1104.38
,2484,5100,train,3.6057,2732226,1104.38
,2485,5100,train,3.5002,2733326,1104.37
,2486,5100,train,3.4529,2734425,1104.37
,2487,5100,train,3.5280,2735528,1104.37
,2488,5100,train,3.4707,2736636,1104.37
,2489,5100,train,3.3594,2737736,1104.37
,2490,5100,train,3.4880,2738839,1104.37
,2491,5100,train,3.5764,2739945,1104.37
,2492,5100,train,3.5531,2741047,1104.37
,2493,5100,train,3.5237,2742146,1104.37
,2494,5100,train,3.4812,2743247,1104.37
,2495,5100,train,3.4599,2744346,1104.36
,2496,5100,train,3.4983,2745448,1104.36
,2497,5100,train,3.5541,2746551,1104.36
,2498,5100,train,3.4097,2747649,1104.36
,2499,5100,train,3.4814,2748748,1104.36
,2500,5100,train,3.4551,2749846,1104.36
,2500,5100,val,3.4780,2749846,1104.36
,2501,5100,train,3.5575,2750966,1104.36
,2502,5100,train,3.4342,2752082,1104.37
,2503,5100,train,3.4502,2753195,1104.37
,2504,5100,train,3.5011,2754315,1104.38
,2505,5100,train,3.5039,2755438,1104.38
,2506,5100,train,3.4754,2756561,1104.39
,2507,5100,train,3.4898,2757691,1104.40
,2508,5100,train,3.5419,2758813,1104.41
,2509,5100,train,3.5041,2759934,1104.42
,2510,5100,train,3.3945,2761041,1104.42
,2511,5100,train,3.4284,2762141,1104.41
,2512,5100,train,3.6891,2763240,1104.41
,2513,5100,train,3.5000,2764346,1104.41
,2514,5100,train,3.5046,2765452,1104.41
,2515,5100,train,3.7184,2766558,1104.41
,2516,5100,train,3.4510,2767657,1104.41
,2517,5100,train,3.3720,2768762,1104.41
,2518,5100,train,3.4470,2769874,1104.42
,2519,5100,train,3.3729,2770975,1104.41
,2520,5100,train,3.4631,2772077,1104.41
,2521,5100,train,3.4973,2773177,1104.41
,2522,5100,train,3.4320,2774277,1104.41
,2523,5100,train,3.4616,2775379,1104.41
,2524,5100,train,3.6121,2776477,1104.41
,2525,5100,train,3.3538,2777576,1104.40
,2526,5100,train,3.4217,2778678,1104.40
,2527,5100,train,3.4061,2779777,1104.40
,2528,5100,train,3.5028,2780876,1104.40
,2529,5100,train,3.4625,2781979,1104.40
,2530,5100,train,3.4802,2783084,1104.40
,2531,5100,train,3.3821,2784189,1104.40
,2532,5100,train,3.3970,2785295,1104.40
,2533,5100,train,3.5480,2786396,1104.40
,2534,5100,train,3.4028,2787496,1104.40
,2535,5100,train,3.7350,2788601,1104.40
,2536,5100,train,3.4295,2789705,1104.40
,2537,5100,train,3.3859,2790812,1104.40
,2538,5100,train,3.4108,2791916,1104.40
,2539,5100,train,3.4868,2793017,1104.40
,2540,5100,train,3.3075,2794129,1104.40
,2541,5100,train,3.3174,2795258,1104.41
,2542,5100,train,3.5205,2796384,1104.42
,2543,5100,train,3.1341,2797521,1104.43
,2544,5100,train,3.3342,2798640,1104.44
,2545,5100,train,3.4613,2799768,1104.44
,2546,5100,train,3.5322,2800892,1104.45
,2547,5100,train,3.6843,2802012,1104.46
,2548,5100,train,3.4931,2803134,1104.47
,2549,5100,train,3.6091,2804251,1104.47
,2550,5100,train,3.4570,2805356,1104.47
,2551,5100,train,3.4748,2806458,1104.47
,2552,5100,train,3.5115,2807558,1104.47
,2553,5100,train,3.4570,2808657,1104.47
,2554,5100,train,3.5406,2809756,1104.46
,2555,5100,train,3.3203,2810858,1104.46
,2556,5100,train,3.5099,2811956,1104.46
,2557,5100,train,3.4273,2813056,1104.46
,2558,5100,train,3.4210,2814157,1104.46
,2559,5100,train,3.4549,2815258,1104.46
,2560,5100,train,3.3905,2816362,1104.46
,2561,5100,train,3.5928,2817467,1104.46
,2562,5100,train,3.7793,2818568,1104.45
,2563,5100,train,3.7296,2819670,1104.45
,2564,5100,train,3.3897,2820774,1104.45
,2565,5100,train,3.5468,2821874,1104.45
,2566,5100,train,3.4812,2822974,1104.45
,2567,5100,train,3.4219,2824074,1104.45
,2568,5100,train,3.2486,2825175,1104.45
,2569,5100,train,3.3516,2826275,1104.45
,2570,5100,train,3.4326,2827376,1104.44
,2571,5100,train,3.5469,2828475,1104.44
,2572,5100,train,3.3840,2829572,1104.44
,2573,5100,train,3.5130,2830676,1104.44
,2574,5100,train,3.4947,2831776,1104.44
,2575,5100,train,3.3551,2832876,1104.44
,2576,5100,train,3.3844,2833975,1104.43
,2577,5100,train,3.4867,2835075,1104.43
,2578,5100,train,3.4637,2836176,1104.43
,2579,5100,train,3.6169,2837275,1104.43
,2580,5100,train,3.3207,2838390,1104.43
,2581,5100,train,3.5031,2839509,1104.44
,2582,5100,train,3.4204,2840630,1104.44
,2583,5100,train,3.4496,2841752,1104.45
,2584,5100,train,3.4952,2842872,1104.46
,2585,5100,train,3.4670,2843993,1104.46
,2586,5100,train,3.3516,2845114,1104.47
,2587,5100,train,3.3763,2846233,1104.48
,2588,5100,train,3.3641,2847352,1104.48
,2589,5100,train,3.3868,2848471,1104.49
,2590,5100,train,3.4532,2849576,1104.49
,2591,5100,train,3.3296,2850677,1104.49
,2592,5100,train,3.5072,2851774,1104.48
,2593,5100,train,3.5086,2852872,1104.48
,2594,5100,train,3.5275,2853975,1104.48
,2595,5100,train,3.4122,2855075,1104.48
,2596,5100,train,3.6558,2856175,1104.48
,2597,5100,train,3.3994,2857275,1104.47
,2598,5100,train,3.5349,2858376,1104.47
,2599,5100,train,3.4665,2859476,1104.47
,2600,5100,train,3.4960,2860575,1104.47
,2601,5100,train,3.3494,2861676,1104.47
,2602,5100,train,3.5056,2862776,1104.47
,2603,5100,train,3.3990,2863877,1104.46
,2604,5100,train,3.5077,2864976,1104.46
,2605,5100,train,3.4216,2866076,1104.46
,2606,5100,train,3.3921,2867177,1104.46
,2607,5100,train,3.3286,2868277,1104.46
,2608,5100,train,3.4759,2869376,1104.46
,2609,5100,train,3.3724,2870475,1104.45
,2610,5100,train,3.4592,2871576,1104.45
,2611,5100,train,3.4828,2872678,1104.45
,2612,5100,train,3.5361,2873780,1104.45
,2613,5100,train,3.5488,2874881,1104.45
,2614,5100,train,3.3925,2875987,1104.45
,2615,5100,train,3.3507,2877088,1104.45
,2616,5100,train,3.4147,2878194,1104.45
,2617,5100,train,3.3170,2879295,1104.45
,2618,5100,train,3.4608,2880397,1104.45
,2619,5100,train,3.4220,2881517,1104.45
,2620,5100,train,3.5161,2882633,1104.46
,2621,5100,train,3.4497,2883752,1104.46
,2622,5100,train,3.4178,2884875,1104.47
,2623,5100,train,3.6994,2885995,1104.48
,2624,5100,train,3.5933,2887116,1104.48
,2625,5100,train,3.3364,2888236,1104.49
,2625,5100,val,3.4731,2888237,1104.49
,2626,5100,train,3.5814,2889345,1104.49
,2627,5100,train,3.5669,2890445,1104.49
,2628,5100,train,3.5096,2891550,1104.49
,2629,5100,train,3.5558,2892655,1104.49
,2630,5100,train,3.3921,2893758,1104.49
,2631,5100,train,3.5220,2894859,1104.49
,2632,5100,train,3.7311,2895958,1104.48
,2633,5100,train,3.4782,2897058,1104.48
,2634,5100,train,3.5653,2898157,1104.48
,2635,5100,train,3.4923,2899258,1104.48
,2636,5100,train,3.4221,2900360,1104.48
,2637,5100,train,3.6258,2901457,1104.48
,2638,5100,train,3.6386,2902558,1104.47
,2639,5100,train,3.3932,2903659,1104.47
,2640,5100,train,3.3813,2904759,1104.47
,2641,5100,train,3.5382,2905862,1104.47
,2642,5100,train,3.5966,2906961,1104.47
,2643,5100,train,3.4957,2908061,1104.47
,2644,5100,train,3.7142,2909162,1104.47
,2645,5100,train,3.5034,2910260,1104.46
,2646,5100,train,3.4308,2911362,1104.46
,2647,5100,train,3.4366,2912462,1104.46
,2648,5100,train,3.5186,2913559,1104.46
,2649,5100,train,3.4134,2914659,1104.46
,2650,5100,train,3.4900,2915757,1104.45
,2651,5100,train,3.5564,2916876,1104.46
,2652,5100,train,3.5542,2917996,1104.46
,2653,5100,train,3.5787,2919115,1104.47
,2654,5100,train,3.3720,2920234,1104.48
,2655,5100,train,3.2752,2921357,1104.48
,2656,5100,train,3.4701,2922476,1104.49
,2657,5100,train,3.5955,2923594,1104.49
,2658,5100,train,3.4221,2924715,1104.50
,2659,5100,train,3.5500,2925838,1104.51
,2660,5100,train,3.4442,2926951,1104.51
,2661,5100,train,3.5990,2928054,1104.51
,2662,5100,train,3.4157,2929163,1104.51
,2663,5100,train,3.4294,2930263,1104.51
,2664,5100,train,3.4460,2931367,1104.51
,2665,5100,train,3.4376,2932470,1104.51
,2666,5100,train,3.3944,2933573,1104.51
,2667,5100,train,3.6012,2934679,1104.51
,2668,5100,train,3.6219,2935781,1104.51
,2669,5100,train,3.3561,2937007,1104.55
,2670,5100,train,3.4352,2938108,1104.55
,2671,5100,train,3.5092,2939213,1104.55
,2672,5100,train,3.4084,2940319,1104.55
,2673,5100,train,3.4276,2941421,1104.55
,2674,5100,train,3.3970,2942525,1104.55
,2675,5100,train,3.4437,2943627,1104.55
,2676,5100,train,3.4494,2944731,1104.55
,2677,5100,train,3.4676,2945838,1104.55
,2678,5100,train,3.3648,2946940,1104.55
,2679,5100,train,3.5979,2948041,1104.55
,2680,5100,train,3.5456,2949142,1104.55
,2681,5100,train,3.3799,2950243,1104.55
,2682,5100,train,3.4132,2951338,1104.54
,2683,5100,train,3.4404,2952436,1104.54
,2684,5100,train,3.6618,2953536,1104.54
,2685,5100,train,3.4814,2954637,1104.54
,2686,5100,train,3.4634,2955738,1104.54
,2687,5100,train,3.5379,2956839,1104.53
,2688,5100,train,3.3461,2957939,1104.53
,2689,5100,train,3.4902,2959069,1104.54
,2690,5100,train,3.4412,2960183,1104.55
,2691,5100,train,3.4896,2961292,1104.55
,2692,5100,train,3.5557,2962414,1104.55
,2693,5100,train,3.4347,2963538,1104.56
,2694,5100,train,3.6460,2964657,1104.57
,2695,5100,train,3.5272,2965777,1104.57
,2696,5100,train,3.3346,2966900,1104.58
,2697,5100,train,3.6234,2968018,1104.58
,2698,5100,train,3.3766,2969136,1104.59
,2699,5100,train,3.5427,2970271,1104.60
,2700,5100,train,3.5148,2971381,1104.60
,2701,5100,train,3.4945,2972485,1104.60
,2702,5100,train,3.4679,2973586,1104.60
,2703,5100,train,3.5444,2974688,1104.60
,2704,5100,train,3.3831,2975788,1104.60
,2705,5100,train,3.4499,2976894,1104.60
,2706,5100,train,3.4431,2977996,1104.60
,2707,5100,train,3.3882,2979098,1104.60
,2708,5100,train,3.6272,2980199,1104.60
,2709,5100,train,3.4259,2981298,1104.59
,2710,5100,train,3.4133,2982398,1104.59
,2711,5100,train,3.4661,2983499,1104.59
,2712,5100,train,3.5600,2984599,1104.59
,2713,5100,train,3.5003,2985698,1104.59
,2714,5100,train,3.4257,2986798,1104.59
,2715,5100,train,3.7465,2987898,1104.58
,2716,5100,train,3.4274,2988999,1104.58
,2717,5100,train,3.5591,2990101,1104.58
,2718,5100,train,3.4248,2991200,1104.58
,2719,5100,train,3.4657,2992300,1104.58
,2720,5100,train,3.3409,2993400,1104.58
,2721,5100,train,3.5399,2994499,1104.57
,2722,5100,train,3.5896,2995600,1104.57
,2723,5100,train,3.3646,2996701,1104.57
,2724,5100,train,3.4486,2997802,1104.57
,2725,5100,train,3.4031,2998903,1104.57
,2726,5100,train,3.5295,3000004,1104.57
,2727,5100,train,3.6402,3001100,1104.56
,2728,5100,train,3.5325,3002200,1104.56
,2729,5100,train,3.5059,3003298,1104.56
,2730,5100,train,3.3604,3004416,1104.56
,2731,5100,train,3.4984,3005535,1104.57
,2732,5100,train,3.6061,3006654,1104.58
,2733,5100,train,3.3221,3007778,1104.58
,2734,5100,train,3.4044,3008899,1104.59
,2735,5100,train,3.3782,3010017,1104.59
,2736,5100,train,3.3692,3011138,1104.60
,2737,5100,train,3.5032,3012258,1104.61
,2738,5100,train,3.4004,3013378,1104.61
,2739,5100,train,3.3418,3014500,1104.62
,2740,5100,train,3.4590,3015608,1104.62
,2741,5100,train,3.4705,3016713,1104.62
,2742,5100,train,3.4687,3017819,1104.62
,2743,5100,train,3.4692,3018920,1104.62
,2744,5100,train,3.6193,3020019,1104.62
,2745,5100,train,3.3157,3021119,1104.61
,2746,5100,train,3.3886,3022221,1104.61
,2747,5100,train,3.3075,3023322,1104.61
,2748,5100,train,3.5136,3024424,1104.61
,2749,5100,train,3.4903,3025528,1104.61
,2750,5100,train,3.6677,3026632,1104.61
,2750,5100,val,3.4626,3026632,1104.61
,2751,5100,train,3.4798,3027738,1104.61
,2752,5100,train,3.3713,3028841,1104.61
,2753,5100,train,3.4213,3029941,1104.61
,2754,5100,train,3.4712,3031054,1104.61
,2755,5100,train,3.7924,3032153,1104.61
,2756,5100,train,3.6073,3033256,1104.61
,2757,5100,train,3.5164,3034362,1104.61
,2758,5100,train,3.3981,3035466,1104.61
,2759,5100,train,3.4760,3036566,1104.61
,2760,5100,train,3.5086,3037666,1104.61
,2761,5100,train,3.4422,3038767,1104.60
,2762,5100,train,3.4605,3039867,1104.60
,2763,5100,train,3.5203,3040983,1104.61
,2764,5100,train,3.4262,3042104,1104.61
,2765,5100,train,3.6137,3043229,1104.62
,2766,5100,train,3.4814,3044351,1104.63
,2767,5100,train,3.4051,3045473,1104.63
,2768,5100,train,3.3796,3046597,1104.64
,2769,5100,train,3.4861,3047713,1104.64
,2770,5100,train,3.3719,3048837,1104.65
,2771,5100,train,3.7004,3049958,1104.66
,2772,5100,train,3.5284,3051079,1104.66
,2773,5100,train,3.3960,3052183,1104.66
,2774,5100,train,3.4966,3053285,1104.66
,2775,5100,train,3.5693,3054387,1104.66
,2776,5100,train,3.2916,3055488,1104.66
,2777,5100,train,3.4098,3056588,1104.66
,2778,5100,train,3.4398,3057695,1104.66
,2779,5100,train,3.4034,3058805,1104.66
,2780,5100,train,3.3870,3059904,1104.66
,2781,5100,train,3.4728,3061001,1104.66
,2782,5100,train,3.3672,3062114,1104.66
,2783,5100,train,3.3770,3063211,1104.66
,2784,5100,train,3.4120,3064306,1104.65
,2785,5100,train,3.3066,3065407,1104.65
,2786,5100,train,3.4321,3066507,1104.65
,2787,5100,train,3.2857,3067608,1104.65
,2788,5100,train,3.5630,3068706,1104.65
,2789,5100,train,3.5095,3069807,1104.64
,2790,5100,train,3.4503,3070910,1104.64
,2791,5100,train,3.5185,3072006,1104.64
,2792,5100,train,3.4430,3073106,1104.64
,2793,5100,train,3.4087,3074203,1104.64
,2794,5100,train,3.8108,3075301,1104.63
,2795,5100,train,3.4347,3076402,1104.63
,2796,5100,train,3.2087,3077502,1104.63
,2797,5100,train,3.5415,3078601,1104.63
,2798,5100,train,3.4467,3079702,1104.63
,2799,5100,train,3.5056,3080801,1104.63
,2800,5100,train,3.6130,3081900,1104.62
,2801,5100,train,3.4942,3082999,1104.62
,2802,5100,train,3.4721,3084114,1104.63
,2803,5100,train,3.4514,3085244,1104.63
,2804,5100,train,3.6351,3086368,1104.64
,2805,5100,train,3.5094,3087487,1104.65
,2806,5100,train,3.3672,3088609,1104.65
,2807,5100,train,3.3850,3089737,1104.66
,2808,5100,train,3.4981,3090871,1104.67
,2809,5100,train,3.2991,3091993,1104.68
,2810,5100,train,3.4856,3093114,1104.68
,2811,5100,train,3.6225,3094241,1104.69
,2812,5100,train,3.4684,3095346,1104.69
,2813,5100,train,3.4246,3096446,1104.69
,2814,5100,train,3.4406,3097548,1104.69
,2815,5100,train,3.4912,3098655,1104.69
,2816,5100,train,3.5655,3099764,1104.69
,2817,5100,train,3.5315,3100868,1104.69
,2818,5100,train,3.4409,3101965,1104.69
,2819,5100,train,3.3053,3103065,1104.69
,2820,5100,train,3.3958,3104164,1104.68
,2821,5100,train,3.4530,3105263,1104.68
,2822,5100,train,3.3419,3106370,1104.68
,2823,5100,train,4.0974,3107472,1104.68
,2824,5100,train,3.2384,3108573,1104.68
,2825,5100,train,3.5842,3109671,1104.68
,2826,5100,train,3.3611,3110769,1104.68
,2827,5100,train,3.5180,3111869,1104.67
,2828,5100,train,3.4417,3112969,1104.67
,2829,5100,train,3.4920,3114067,1104.67
,2830,5100,train,3.5859,3115164,1104.67
,2831,5100,train,3.4353,3116263,1104.67
,2832,5100,train,3.3978,3117362,1104.66
,2833,5100,train,3.2699,3118463,1104.66
,2834,5100,train,3.4576,3119562,1104.66
,2835,5100,train,3.6027,3120662,1104.66
,2836,5100,train,3.6406,3121761,1104.66
,2837,5100,train,3.4857,3122862,1104.66
,2838,5100,train,3.5079,3123962,1104.65
,2839,5100,train,3.4189,3125061,1104.65
,2840,5100,train,3.4764,3126161,1104.65
,2841,5100,train,3.6005,3127263,1104.65
,2842,5100,train,3.3639,3128377,1104.65
,2843,5100,train,3.2649,3129496,1104.66
,2844,5100,train,3.4981,3130604,1104.66
,2845,5100,train,3.7025,3131716,1104.66
,2846,5100,train,3.2511,3132837,1104.67
,2847,5100,train,3.5768,3133955,1104.67
,2848,5100,train,3.4049,3135074,1104.68
,2849,5100,train,3.4451,3136188,1104.68
,2850,5100,train,3.3880,3137287,1104.68
,2851,5100,train,3.5405,3138384,1104.68
,2852,5100,train,3.4772,3139481,1104.67
,2853,5100,train,3.5419,3140582,1104.67
,2854,5100,train,3.5825,3141682,1104.67
,2855,5100,train,3.4797,3142785,1104.67
,2856,5100,train,3.3777,3143882,1104.67
,2857,5100,train,3.6899,3144980,1104.66
,2858,5100,train,3.4862,3146083,1104.66
,2859,5100,train,3.5655,3147181,1104.66
,2860,5100,train,3.4271,3148393,1104.70
,2861,5100,train,3.5964,3149494,1104.70
,2862,5100,train,3.4046,3150595,1104.70
,2863,5100,train,3.3683,3151690,1104.69
,2864,5100,train,3.3990,3152786,1104.69
,2865,5100,train,3.5061,3153883,1104.69
,2866,5100,train,3.2814,3154985,1104.69
,2867,5100,train,3.6038,3156081,1104.68
,2868,5100,train,3.3876,3157180,1104.68
,2869,5100,train,3.4997,3158278,1104.68
,2870,5100,train,3.4537,3159374,1104.68
,2871,5100,train,3.4788,3160467,1104.67
,2872,5100,train,3.5084,3161562,1104.67
,2873,5100,train,3.5297,3162663,1104.67
,2874,5100,train,3.4044,3163760,1104.66
,2875,5100,train,3.4950,3164855,1104.66
,2875,5100,val,3.4566,3164856,1104.66
,2876,5100,train,3.4389,3165992,1104.67
,2877,5100,train,3.5747,3167109,1104.68
,2878,5100,train,3.5713,3168222,1104.68
,2879,5100,train,3.3689,3169337,1104.68
,2880,5100,train,3.4765,3170455,1104.69
,2881,5100,train,3.5231,3171570,1104.69
,2882,5100,train,3.4637,3172670,1104.69
,2883,5100,train,3.3526,3173767,1104.69
,2884,5100,train,3.6074,3174868,1104.69
,2885,5100,train,3.4488,3175963,1104.68
,2886,5100,train,3.4711,3177063,1104.68
,2887,5100,train,3.4957,3178161,1104.68
,2888,5100,train,3.3210,3179262,1104.68
,2889,5100,train,3.5650,3180361,1104.68
,2890,5100,train,3.5756,3181460,1104.67
,2891,5100,train,3.3005,3182557,1104.67
,2892,5100,train,3.4243,3183655,1104.67
,2893,5100,train,3.3936,3184751,1104.67
,2894,5100,train,3.3162,3185850,1104.66
,2895,5100,train,3.1191,3186944,1104.66
,2896,5100,train,3.4315,3188044,1104.66
,2897,5100,train,3.4255,3189143,1104.66
,2898,5100,train,3.2719,3190244,1104.66
,2899,5100,train,3.4584,3191342,1104.65
,2900,5100,train,3.4559,3192443,1104.65
,2901,5100,train,3.3901,3193543,1104.65
,2902,5100,train,3.4291,3194644,1104.65
,2903,5100,train,3.4183,3195744,1104.65
,2904,5100,train,3.4851,3196845,1104.65
,2905,5100,train,3.3035,3197944,1104.64
,2906,5100,train,3.3225,3199043,1104.64
,2907,5100,train,3.5140,3200145,1104.64
,2908,5100,train,3.4215,3201244,1104.64
,2909,5100,train,3.4317,3202343,1104.64
,2910,5100,train,3.5961,3203441,1104.63
,2911,5100,train,3.5229,3204541,1104.63
,2912,5100,train,3.5383,3205656,1104.64
,2913,5100,train,3.4404,3206773,1104.64
,2914,5100,train,3.6685,3207883,1104.64
,2915,5100,train,3.5579,3209000,1104.65
,2916,5100,train,3.1800,3210116,1104.65
,2917,5100,train,3.5497,3211225,1104.65
,2918,5100,train,3.6014,3212337,1104.66
,2919,5100,train,3.4029,3213449,1104.66
,2920,5100,train,3.6601,3214547,1104.66
,2921,5100,train,3.4988,3215644,1104.65
,2922,5100,train,3.2569,3216744,1104.65
,2923,5100,train,3.6077,3217843,1104.65
,2924,5100,train,3.2186,3218943,1104.65
,2925,5100,train,3.3212,3220041,1104.65
,2926,5100,train,3.6234,3221142,1104.64
,2927,5100,train,3.4131,3222241,1104.64
,2928,5100,train,3.4392,3223344,1104.64
,2929,5100,train,3.4833,3224446,1104.64
,2930,5100,train,3.5890,3225543,1104.64
,2931,5100,train,3.4865,3226642,1104.64
,2932,5100,train,3.4554,3227740,1104.63
,2933,5100,train,3.5015,3228843,1104.63
,2934,5100,train,3.4893,3229942,1104.63
,2935,5100,train,3.4498,3231043,1104.63
,2936,5100,train,3.4106,3232142,1104.63
,2937,5100,train,3.4274,3233242,1104.63
,2938,5100,train,3.5341,3234344,1104.63
,2939,5100,train,3.3941,3235444,1104.62
,2940,5100,train,3.3547,3236545,1104.62
,2941,5100,train,3.6489,3237644,1104.62
,2942,5100,train,3.4505,3238743,1104.62
,2943,5100,train,3.4802,3239842,1104.62
,2944,5100,train,3.5893,3240944,1104.62
,2945,5100,train,3.1886,3242042,1104.61
,2946,5100,train,3.4113,3243143,1104.61
,2947,5100,train,3.3230,3244245,1104.61
,2948,5100,train,3.5128,3245344,1104.61
,2949,5100,train,3.4757,3246443,1104.61
,2950,5100,train,3.4451,3247560,1104.61
,2951,5100,train,3.3514,3248675,1104.62
,2952,5100,train,3.4042,3249782,1104.62
,2953,5100,train,3.5540,3250898,1104.62
,2954,5100,train,3.4832,3252012,1104.62
,2955,5100,train,3.4540,3253121,1104.63
,2956,5100,train,3.2925,3254236,1104.63
,2957,5100,train,3.3761,3255346,1104.63
,2958,5100,train,3.4214,3256444,1104.63
,2959,5100,train,3.4288,3257546,1104.63
,2960,5100,train,3.6050,3258646,1104.63
,2961,5100,train,3.5247,3259744,1104.62
,2962,5100,train,3.4170,3260842,1104.62
,2963,5100,train,3.3483,3261942,1104.62
,2964,5100,train,3.3412,3263042,1104.62
,2965,5100,train,3.5548,3264143,1104.62
,2966,5100,train,3.4390,3265242,1104.62
,2967,5100,train,3.3780,3266343,1104.61
,2968,5100,train,3.4522,3267443,1104.61
,2969,5100,train,3.3832,3268542,1104.61
,2970,5100,train,3.4300,3269642,1104.61
,2971,5100,train,3.4374,3270742,1104.61
,2972,5100,train,3.4161,3271842,1104.61
,2973,5100,train,3.4365,3272944,1104.60
,2974,5100,train,3.3874,3274044,1104.60
,2975,5100,train,3.4402,3275144,1104.60
,2976,5100,train,3.3590,3276244,1104.60
,2977,5100,train,3.4473,3277343,1104.60
,2978,5100,train,3.5059,3278444,1104.60
,2979,5100,train,3.4089,3279544,1104.60
,2980,5100,train,3.2273,3280644,1104.59
,2981,5100,train,3.5537,3281743,1104.59
,2982,5100,train,3.4222,3282843,1104.59
,2983,5100,train,3.4243,3283941,1104.59
,2984,5100,train,3.4290,3285044,1104.59
,2985,5100,train,3.4840,3286144,1104.59
,2986,5100,train,3.4308,3287245,1104.58
,2987,5100,train,3.3895,3288358,1104.59
,2988,5100,train,3.3453,3289473,1104.59
,2989,5100,train,3.7212,3290579,1104.59
,2990,5100,train,3.4492,3291695,1104.60
,2991,5100,train,3.4349,3292808,1104.60
,2992,5100,train,3.5074,3293922,1104.60
,2993,5100,train,3.4205,3295037,1104.61
,2994,5100,train,3.3138,3296148,1104.61
,2995,5100,train,3.2757,3297253,1104.61
,2996,5100,train,3.3512,3298350,1104.60
,2997,5100,train,3.4431,3299446,1104.60
,2998,5100,train,3.4821,3300545,1104.60
,2999,5100,train,3.6014,3301644,1104.60
,3000,5100,train,3.4430,3302745,1104.60
,3000,5100,val,3.4487,3302745,1104.60
,3001,5100,train,3.5421,3303844,1104.60
,3002,5100,train,3.3023,3304950,1104.60
,3003,5100,train,3.4679,3306050,1104.59
,3004,5100,train,3.4321,3307151,1104.59
,3005,5100,train,3.6220,3308250,1104.59
,3006,5100,train,3.1556,3309352,1104.59
,3007,5100,train,3.4836,3310453,1104.59
,3008,5100,train,3.4814,3311553,1104.59
,3009,5100,train,3.4549,3312653,1104.59
,3010,5100,train,3.3195,3313752,1104.58
,3011,5100,train,3.4274,3314852,1104.58
,3012,5100,train,3.5083,3315953,1104.58
,3013,5100,train,3.3824,3317052,1104.58
,3014,5100,train,3.4613,3318152,1104.58
,3015,5100,train,3.5320,3319253,1104.58
,3016,5100,train,3.5149,3320352,1104.57
,3017,5100,train,3.5740,3321453,1104.57
,3018,5100,train,3.3022,3322564,1104.58
,3019,5100,train,3.4581,3323683,1104.58
,3020,5100,train,3.5955,3324793,1104.58
,3021,5100,train,3.3546,3325912,1104.59
,3022,5100,train,3.3804,3327029,1104.59
,3023,5100,train,3.4498,3328143,1104.59
,3024,5100,train,3.4770,3329262,1104.60
,3025,5100,train,3.4839,3330373,1104.60
,3026,5100,train,3.4053,3331473,1104.60
,3027,5100,train,3.5864,3332572,1104.60
,3028,5100,train,3.5903,3333672,1104.60
,3029,5100,train,3.3530,3334774,1104.60
,3030,5100,train,3.4256,3335873,1104.59
,3031,5100,train,3.3846,3336974,1104.59
,3032,5100,train,3.4100,3338069,1104.59
,3033,5100,train,3.3431,3339167,1104.59
,3034,5100,train,3.5781,3340269,1104.59
,3035,5100,train,3.5416,3341362,1104.58
,3036,5100,train,3.4049,3342458,1104.58
,3037,5100,train,3.4411,3343553,1104.58
,3038,5100,train,3.6222,3344649,1104.57
,3039,5100,train,3.4645,3345745,1104.57
,3040,5100,train,3.3492,3346842,1104.57
,3041,5100,train,3.4531,3347934,1104.56
,3042,5100,train,3.4110,3349035,1104.56
,3043,5100,train,3.4942,3350134,1104.56
,3044,5100,train,3.3776,3351234,1104.56
,3045,5100,train,3.4477,3352334,1104.56
,3046,5100,train,3.6427,3353433,1104.56
,3047,5100,train,3.3679,3354533,1104.55
,3048,5100,train,3.5312,3355634,1104.55
,3049,5100,train,3.4939,3356734,1104.55
,3050,5100,train,3.4646,3357940,1104.59
,3051,5100,train,3.3604,3359037,1104.58
,3052,5100,train,3.4101,3360134,1104.58
,3053,5100,train,3.3919,3361234,1104.58
,3054,5100,train,3.4659,3362332,1104.58
,3055,5100,train,3.4838,3363440,1104.58
,3056,5100,train,3.4611,3364553,1104.58
,3057,5100,train,3.5779,3365668,1104.58
,3058,5100,train,3.2404,3366779,1104.59
,3059,5100,train,3.0781,3367890,1104.59
,3060,5100,train,3.4721,3369006,1104.59
,3061,5100,train,3.4108,3370125,1104.60
,3062,5100,train,3.4023,3371240,1104.60
,3063,5100,train,3.4831,3372350,1104.60
,3064,5100,train,3.3739,3373451,1104.60
,3065,5100,train,3.5097,3374552,1104.60
,3066,5100,train,3.5269,3375655,1104.60
,3067,5100,train,3.4632,3376754,1104.60
,3068,5100,train,3.4232,3377854,1104.60
,3069,5100,train,3.4056,3378952,1104.59
,3070,5100,train,3.5164,3380050,1104.59
,3071,5100,train,3.4858,3381149,1104.59
,3072,5100,train,3.3873,3382243,1104.59
,3073,5100,train,3.3711,3383337,1104.58
,3074,5100,train,3.4472,3384435,1104.58
,3075,5100,train,3.4331,3385533,1104.58
,3076,5100,train,3.4039,3386633,1104.58
,3077,5100,train,3.4170,3387732,1104.58
,3078,5100,train,3.5480,3388831,1104.57
,3079,5100,train,3.3873,3389930,1104.57
,3080,5100,train,3.2386,3391033,1104.57
,3081,5100,train,3.4492,3392132,1104.57
,3082,5100,train,3.4836,3393233,1104.57
,3083,5100,train,3.3053,3394334,1104.57
,3084,5100,train,3.4556,3395434,1104.57
,3085,5100,train,3.3731,3396532,1104.56
,3086,5100,train,3.3928,3397633,1104.56
,3087,5100,train,3.4720,3398732,1104.56
,3088,5100,train,3.4201,3399832,1104.56
,3089,5100,train,3.3830,3400934,1104.56
,3090,5100,train,3.9215,3402032,1104.56
,3091,5100,train,3.3962,3403134,1104.56
,3092,5100,train,3.4853,3404231,1104.55
,3093,5100,train,3.3981,3405333,1104.55
,3094,5100,train,3.3742,3406445,1104.55
,3095,5100,train,3.4280,3407554,1104.56
,3096,5100,train,3.6412,3408665,1104.56
,3097,5100,train,3.3572,3409779,1104.56
,3098,5100,train,3.4226,3410889,1104.56
,3099,5100,train,3.2803,3412006,1104.57
,3100,5100,train,3.1926,3413122,1104.57
,3101,5100,train,3.3943,3414226,1104.57
,3102,5100,train,3.3457,3415328,1104.57
,3103,5100,train,3.6803,3416428,1104.57
,3104,5100,train,3.3676,3417529,1104.57
,3105,5100,train,3.2814,3418625,1104.56
,3106,5100,train,3.5025,3419726,1104.56
,3107,5100,train,3.3862,3420823,1104.56
,3108,5100,train,3.4362,3421924,1104.56
,3109,5100,train,3.5107,3423028,1104.56
,3110,5100,train,3.3899,3424130,1104.56
,3111,5100,train,3.4058,3425233,1104.56
,3112,5100,train,3.5073,3426336,1104.56
,3113,5100,train,3.4132,3427435,1104.56
,3114,5100,train,3.4143,3428536,1104.55
,3115,5100,train,3.5179,3429634,1104.55
,3116,5100,train,3.4080,3430737,1104.55
,3117,5100,train,3.4934,3431836,1104.55
,3118,5100,train,3.4891,3432935,1104.55
,3119,5100,train,3.2498,3434034,1104.55
,3120,5100,train,3.4278,3435134,1104.54
,3121,5100,train,3.4660,3436233,1104.54
,3122,5100,train,3.4514,3437333,1104.54
,3123,5100,train,3.4547,3438434,1104.54
,3124,5100,train,3.4288,3439534,1104.54
,3125,5100,train,3.4675,3440634,1104.54
,3125,5100,val,3.4432,3440635,1104.54
,3126,5100,train,3.3690,3441757,1104.54
,3127,5100,train,3.4022,3442869,1104.55
,3128,5100,train,3.3703,3443984,1104.55
,3129,5100,train,3.4145,3445101,1104.55
,3130,5100,train,3.4015,3446220,1104.56
,3131,5100,train,3.4056,3447336,1104.56
,3132,5100,train,3.5244,3448441,1104.56
,3133,5100,train,3.4577,3449536,1104.56
,3134,5100,train,3.4325,3450635,1104.56
,3135,5100,train,3.4733,3451734,1104.55
,3136,5100,train,3.4156,3452834,1104.55
,3137,5100,train,3.5105,3453932,1104.55
,3138,5100,train,3.3766,3455032,1104.55
,3139,5100,train,3.4767,3456131,1104.55
,3140,5100,train,3.4237,3457232,1104.55
,3141,5100,train,3.4395,3458327,1104.54
,3142,5100,train,3.6671,3459425,1104.54
,3143,5100,train,3.3271,3460527,1104.54
,3144,5100,train,3.6162,3461625,1104.54
,3145,5100,train,3.4038,3462724,1104.54
,3146,5100,train,3.3564,3463825,1104.54
,3147,5100,train,3.4883,3464927,1104.54
,3148,5100,train,3.3363,3466025,1104.53
,3149,5100,train,3.4187,3467125,1104.53
,3150,5100,train,3.3587,3468226,1104.53
,3151,5100,train,3.4573,3469325,1104.53
,3152,5100,train,3.3415,3470425,1104.53
,3153,5100,train,3.4160,3471526,1104.53
,3154,5100,train,3.2686,3472626,1104.52
,3155,5100,train,3.2356,3473725,1104.52
,3156,5100,train,3.3164,3474824,1104.52
,3157,5100,train,3.4722,3475924,1104.52
,3158,5100,train,3.4228,3477026,1104.52
,3159,5100,train,3.3978,3478124,1104.52
,3160,5100,train,3.4968,3479227,1104.52
,3161,5100,train,3.3650,3480328,1104.52
,3162,5100,train,3.3138,3481441,1104.52
,3163,5100,train,3.5006,3482559,1104.52
,3164,5100,train,3.4926,3483681,1104.53
,3165,5100,train,3.4346,3484800,1104.53
,3166,5100,train,3.4537,3485918,1104.54
,3167,5100,train,3.2557,3487035,1104.54
,3168,5100,train,3.5427,3488148,1104.54
,3169,5100,train,3.2576,3489261,1104.55
,3170,5100,train,3.5148,3490363,1104.55
,3171,5100,train,3.2549,3491465,1104.54
,3172,5100,train,3.4668,3492565,1104.54
,3173,5100,train,3.4387,3493665,1104.54
,3174,5100,train,3.4375,3494766,1104.54
,3175,5100,train,3.3643,3495864,1104.54
,3176,5100,train,3.4529,3496964,1104.54
,3177,5100,train,3.5635,3498066,1104.54
,3178,5100,train,3.4244,3499166,1104.53
,3179,5100,train,3.4284,3500266,1104.53
,3180,5100,train,3.3679,3501367,1104.53
,3181,5100,train,3.4510,3502467,1104.53
,3182,5100,train,3.3209,3503564,1104.53
,3183,5100,train,3.5337,3504666,1104.53
,3184,5100,train,3.4373,3505767,1104.53
,3185,5100,train,3.4127,3506866,1104.52
,3186,5100,train,3.5106,3507968,1104.52
,3187,5100,train,3.3621,3509067,1104.52
,3188,5100,train,3.4107,3510167,1104.52
,3189,5100,train,3.4580,3511273,1104.52
,3190,5100,train,3.1554,3512368,1104.52
,3191,5100,train,3.3861,3513464,1104.52
,3192,5100,train,3.4394,3514566,1104.51
,3193,5100,train,3.3572,3515667,1104.51
,3194,5100,train,3.4021,3516768,1104.51
,3195,5100,train,3.3715,3517866,1104.51
,3196,5100,train,3.5650,3518964,1104.51
,3197,5100,train,3.3322,3520061,1104.51
,3198,5100,train,3.5025,3521160,1104.50
,3199,5100,train,3.3452,3522261,1104.50
,3200,5100,train,3.5072,3523378,1104.51
,3201,5100,train,3.4852,3524496,1104.51
,3202,5100,train,3.4023,3525615,1104.52
,3203,5100,train,3.3460,3526731,1104.52
,3204,5100,train,3.4330,3527847,1104.52
,3205,5100,train,3.5292,3528969,1104.53
,3206,5100,train,3.4502,3530087,1104.53
,3207,5100,train,3.4665,3531202,1104.54
,3208,5100,train,3.8200,3532302,1104.53
,3209,5100,train,3.5982,3533401,1104.53
,3210,5100,train,3.6341,3534503,1104.53
,3211,5100,train,3.4576,3535605,1104.53
,3212,5100,train,3.4410,3536708,1104.53
,3213,5100,train,3.4317,3537807,1104.53
,3214,5100,train,3.3961,3538907,1104.53
,3215,5100,train,3.3614,3540007,1104.53
,3216,5100,train,3.4449,3541106,1104.52
,3217,5100,train,3.4367,3542205,1104.52
,3218,5100,train,3.3521,3543304,1104.52
,3219,5100,train,3.4302,3544403,1104.52
,3220,5100,train,3.4554,3545503,1104.52
,3221,5100,train,3.6472,3546604,1104.52
,3222,5100,train,3.4774,3547704,1104.52
,3223,5100,train,3.0983,3548806,1104.51
,3224,5100,train,3.3307,3549905,1104.51
,3225,5100,train,3.3483,3551003,1104.51
,3226,5100,train,3.3522,3552101,1104.51
,3227,5100,train,3.3172,3553196,1104.51
,3228,5100,train,3.3700,3554289,1104.50
,3229,5100,train,3.3281,3555388,1104.50
,3230,5100,train,3.5375,3556488,1104.50
,3231,5100,train,3.4629,3557588,1104.50
,3232,5100,train,3.3718,3558689,1104.50
,3233,5100,train,3.4441,3559789,1104.50
,3234,5100,train,3.5052,3560888,1104.49
,3235,5100,train,3.3947,3561987,1104.49
,3236,5100,train,3.4337,3563087,1104.49
,3237,5100,train,3.4200,3564188,1104.49
,3238,5100,train,3.3702,3565300,1104.49
,3239,5100,train,3.4921,3566414,1104.49
,3240,5100,train,3.3989,3567525,1104.50
,3241,5100,train,3.3645,3568909,1104.58
,3242,5100,train,3.3473,3570022,1104.59
,3243,5100,train,3.4373,3571139,1104.59
,3244,5100,train,3.4697,3572246,1104.59
,3245,5100,train,3.4500,3573357,1104.59
,3246,5100,train,3.4425,3574460,1104.59
,3247,5100,train,3.2603,3575565,1104.59
,3248,5100,train,3.4720,3576668,1104.59
,3249,5100,train,3.3564,3577769,1104.59
,3250,5100,train,3.4922,3578871,1104.59
,3250,5100,val,3.4354,3578871,1104.59
,3251,5100,train,3.5054,3579976,1104.59
,3252,5100,train,3.4735,3581081,1104.59
,3253,5100,train,3.3786,3582182,1104.59
,3254,5100,train,3.3593,3583287,1104.59
,3255,5100,train,3.4132,3584395,1104.59
,3256,5100,train,3.4285,3585501,1104.59
,3257,5100,train,3.4288,3586603,1104.59
,3258,5100,train,3.2559,3587704,1104.59
,3259,5100,train,3.9336,3588810,1104.59
,3260,5100,train,3.3792,3589916,1104.59
,3261,5100,train,3.4212,3591022,1104.59
,3262,5100,train,3.2839,3592128,1104.59
,3263,5100,train,3.4316,3593236,1104.59
,3264,5100,train,3.3574,3594345,1104.59
,3265,5100,train,3.4716,3595446,1104.59
,3266,5100,train,3.5264,3596546,1104.59
,3267,5100,train,3.4063,3597651,1104.59
,3268,5100,train,3.4173,3598768,1104.59
,3269,5100,train,3.3706,3599886,1104.60
,3270,5100,train,3.4067,3601016,1104.61
,3271,5100,train,3.3824,3602125,1104.61
,3272,5100,train,3.5697,3603240,1104.61
,3273,5100,train,3.4443,3604349,1104.61
,3274,5100,train,3.4666,3605472,1104.62
,3275,5100,train,3.2946,3606590,1104.62
,3276,5100,train,3.5795,3607705,1104.63
,3277,5100,train,3.5792,3608823,1104.63
,3278,5100,train,3.2672,3609933,1104.63
,3279,5100,train,3.3721,3611044,1104.63
,3280,5100,train,3.3978,3612154,1104.63
,3281,5100,train,3.8321,3613271,1104.64
,3282,5100,train,3.3434,3614381,1104.64
,3283,5100,train,3.4233,3615487,1104.64
,3284,5100,train,3.3162,3616595,1104.64
,3285,5100,train,3.3179,3617703,1104.64
,3286,5100,train,3.3530,3618809,1104.64
,3287,5100,train,3.4373,3619912,1104.64
,3288,5100,train,3.4207,3621019,1104.64
,3289,5100,train,3.4601,3622122,1104.64
,3290,5100,train,3.3856,3623226,1104.64
,3291,5100,train,3.4986,3624338,1104.64
,3292,5100,train,3.3870,3625445,1104.65
,3293,5100,train,3.4414,3626548,1104.64
,3294,5100,train,3.2666,3627669,1104.65
,3295,5100,train,3.5448,3628781,1104.65
,3296,5100,train,3.4542,3629885,1104.65
,3297,5100,train,3.4645,3630994,1104.65
,3298,5100,train,3.4532,3632102,1104.65
,3299,5100,train,3.3168,3633204,1104.65
,3300,5100,train,3.3319,3634309,1104.65
,3301,5100,train,3.5307,3635420,1104.66
,3302,5100,train,3.2714,3636526,1104.66
,3303,5100,train,3.3876,3637621,1104.65
,3304,5100,train,3.3364,3638724,1104.65
,3305,5100,train,3.3405,3639824,1104.65
,3306,5100,train,3.4676,3640926,1104.65
,3307,5100,train,3.4374,3642032,1104.65
,3308,5100,train,3.3108,3643140,1104.65
,3309,5100,train,3.3522,3644242,1104.65
,3310,5100,train,3.4946,3645344,1104.65
,3311,5100,train,3.3383,3646451,1104.65
,3312,5100,train,3.4444,3647556,1104.65
,3313,5100,train,3.4635,3648672,1104.65
,3314,5100,train,3.4357,3649775,1104.65
,3315,5100,train,3.4527,3650891,1104.66
,3316,5100,train,3.3045,3652027,1104.67
,3317,5100,train,3.3295,3653146,1104.67
,3318,5100,train,3.4222,3654271,1104.68
,3319,5100,train,3.5267,3655397,1104.68
,3320,5100,train,3.5155,3656525,1104.69
,3321,5100,train,3.3478,3657645,1104.69
,3322,5100,train,3.8752,3658770,1104.70
,3323,5100,train,3.4916,3659907,1104.71
,3324,5100,train,3.4947,3661045,1104.72
,3325,5100,train,3.4612,3662175,1104.73
,3326,5100,train,3.5322,3663287,1104.73
,3327,5100,train,3.3476,3664397,1104.73
,3328,5100,train,3.3496,3665507,1104.73
,3329,5100,train,3.3809,3666622,1104.74
,3330,5100,train,3.3828,3667732,1104.74
,3331,5100,train,3.3661,3668836,1104.74
,3332,5100,train,3.3490,3669948,1104.74
,3333,5100,train,3.5231,3671062,1104.74
,3334,5100,train,3.4942,3672169,1104.74
,3335,5100,train,3.4359,3673279,1104.75
,3336,5100,train,3.3779,3674386,1104.75
,3337,5100,train,3.4419,3675494,1104.75
,3338,5100,train,3.3688,3676600,1104.75
,3339,5100,train,3.3843,3677704,1104.75
,3340,5100,train,3.5128,3678806,1104.75
,3341,5100,train,3.3885,3679909,1104.75
,3342,5100,train,3.3208,3681018,1104.75
,3343,5100,train,3.2999,3682129,1104.75
,3344,5100,train,3.5107,3683234,1104.75
,3345,5100,train,3.4582,3684340,1104.75
,3346,5100,train,3.4085,3685445,1104.75
,3347,5100,train,3.5012,3686547,1104.75
,3348,5100,train,3.3120,3687650,1104.75
,3349,5100,train,3.5345,3688756,1104.75
,3350,5100,train,3.5323,3689863,1104.75
,3351,5100,train,3.3390,3690964,1104.75
,3352,5100,train,3.3578,3692063,1104.75
,3353,5100,train,3.3814,3693164,1104.75
,3354,5100,train,3.8666,3694263,1104.74
,3355,5100,train,3.5239,3695364,1104.74
,3356,5100,train,3.5323,3696497,1104.75
,3357,5100,train,3.3711,3697621,1104.76
,3358,5100,train,3.5217,3698736,1104.76
,3359,5100,train,3.2271,3699858,1104.77
,3360,5100,train,3.3942,3700979,1104.77
,3361,5100,train,3.3285,3702099,1104.77
,3362,5100,train,3.4337,3703222,1104.78
,3363,5100,train,3.3492,3704339,1104.78
,3364,5100,train,3.2422,3705459,1104.79
,3365,5100,train,3.3586,3706563,1104.79
,3366,5100,train,3.4538,3707665,1104.79
,3367,5100,train,3.4456,3708766,1104.79
,3368,5100,train,3.5207,3709865,1104.78
,3369,5100,train,3.3432,3710963,1104.78
,3370,5100,train,3.3935,3712063,1104.78
,3371,5100,train,3.4028,3713163,1104.78
,3372,5100,train,3.2587,3714264,1104.78
,3373,5100,train,3.4643,3715364,1104.78
,3374,5100,train,3.2787,3716463,1104.78
,3375,5100,train,3.4625,3717569,1104.78
,3375,5100,val,3.4306,3717569,1104.78
,3376,5100,train,3.4038,3718679,1104.78
,3377,5100,train,3.4683,3719784,1104.78
,3378,5100,train,3.4589,3720886,1104.78
,3379,5100,train,3.3590,3721990,1104.78
,3380,5100,train,3.4877,3723103,1104.78
,3381,5100,train,3.2772,3724207,1104.78
,3382,5100,train,3.4057,3725311,1104.78
,3383,5100,train,3.4116,3726419,1104.78
,3384,5100,train,3.3965,3727525,1104.78
,3385,5100,train,3.3998,3728626,1104.78
,3386,5100,train,3.4852,3729727,1104.78
,3387,5100,train,3.8685,3730827,1104.78
,3388,5100,train,3.5300,3731945,1104.78
,3389,5100,train,3.3764,3733068,1104.78
,3390,5100,train,3.3288,3734187,1104.79
,3391,5100,train,3.3531,3735309,1104.79
,3392,5100,train,3.3851,3736430,1104.80
,3393,5100,train,3.4081,3737552,1104.80
,3394,5100,train,3.3483,3738734,1104.83
,3395,5100,train,3.5199,3739860,1104.83
,3396,5100,train,3.4390,3740983,1104.84
,3397,5100,train,3.4790,3742102,1104.84
,3398,5100,train,3.3841,3743204,1104.84
,3399,5100,train,3.3806,3744303,1104.84
,3400,5100,train,3.3639,3745406,1104.84
,3401,5100,train,3.3524,3746506,1104.84
,3402,5100,train,3.3842,3747612,1104.84
,3403,5100,train,3.3827,3748721,1104.84
,3404,5100,train,3.4689,3749828,1104.84
,3405,5100,train,3.4293,3750940,1104.84
,3406,5100,train,3.3278,3752044,1104.84
,3407,5100,train,3.4475,3753147,1104.84
,3408,5100,train,3.3286,3754249,1104.84
,3409,5100,train,3.4982,3755355,1104.84
,3410,5100,train,3.3533,3756464,1104.84
,3411,5100,train,3.3927,3757565,1104.84
,3412,5100,train,3.4673,3758664,1104.84
,3413,5100,train,3.2692,3759771,1104.84
,3414,5100,train,3.3648,3760879,1104.84
,3415,5100,train,3.3448,3761986,1104.84
,3416,5100,train,3.4993,3763086,1104.84
,3417,5100,train,3.3555,3764195,1104.84
,3418,5100,train,3.5116,3765302,1104.84
,3419,5100,train,3.4917,3766405,1104.84
,3420,5100,train,3.6195,3767509,1104.84
,3421,5100,train,3.4208,3768620,1104.84
,3422,5100,train,3.4162,3769724,1104.84
,3423,5100,train,3.3914,3770832,1104.84
,3424,5100,train,3.3326,3771943,1104.85
,3425,5100,train,3.4478,3773044,1104.84
,3426,5100,train,3.4753,3774145,1104.84
,3427,5100,train,3.4018,3775254,1104.84
,3428,5100,train,3.4457,3776447,1104.87
,3429,5100,train,3.3188,3777586,1104.88
,3430,5100,train,3.9035,3778722,1104.89
,3431,5100,train,3.6033,3779858,1104.90
,3432,5100,train,3.3287,3781329,1105.01
,3433,5100,train,3.3965,3782458,1105.01
,3434,5100,train,3.4199,3783594,1105.02
,3435,5100,train,3.2783,3784729,1105.03
,3436,5100,train,3.3862,3785864,1105.04
,3437,5100,train,3.4164,3786994,1105.05
,3438,5100,train,3.5072,3788106,1105.05
,3439,5100,train,3.2733,3789208,1105.05
,3440,5100,train,3.4066,3790317,1105.05
,3441,5100,train,3.3583,3791426,1105.05
,3442,5100,train,3.4880,3792533,1105.05
,3443,5100,train,3.3322,3793644,1105.05
,3444,5100,train,3.4573,3794750,1105.05
,3445,5100,train,3.4563,3795863,1105.05
,3446,5100,train,3.4486,3796969,1105.05
,3447,5100,train,3.3476,3798082,1105.06
,3448,5100,train,3.3214,3799188,1105.06
,3449,5100,train,3.6010,3800304,1105.06
,3450,5100,train,3.3206,3801410,1105.06
,3451,5100,train,3.5745,3802521,1105.06
,3452,5100,train,3.8105,3803628,1105.06
,3453,5100,train,3.2950,3804742,1105.07
,3454,5100,train,3.3928,3805849,1105.07
,3455,5100,train,3.5523,3806962,1105.07
,3456,5100,train,3.4482,3808073,1105.07
,3457,5100,train,3.4362,3809174,1105.07
,3458,5100,train,3.4847,3810286,1105.07
,3459,5100,train,3.3833,3811397,1105.07
,3460,5100,train,3.7072,3812506,1105.07
,3461,5100,train,3.5377,3813622,1105.08
,3462,5100,train,3.5553,3814731,1105.08
,3463,5100,train,3.4837,3815845,1105.08
,3464,5100,train,3.3917,3816954,1105.08
,3465,5100,train,3.4179,3818066,1105.08
,3466,5100,train,3.5768,3819172,1105.08
,3467,5100,train,3.4926,3820285,1105.09
,3468,5100,train,3.6332,3821419,1105.10
,3469,5100,train,3.4434,3822552,1105.10
,3470,5100,train,3.5199,3823691,1105.11
,3471,5100,train,3.3582,3824825,1105.12
,3472,5100,train,3.5254,3825952,1105.13
,3473,5100,train,3.4072,3827087,1105.14
,3474,5100,train,3.4408,3828217,1105.14
,3475,5100,train,3.3629,3829348,1105.15
,3476,5100,train,3.2216,3830480,1105.16
,3477,5100,train,3.3688,3831624,1105.17
,3478,5100,train,3.3178,3832739,1105.17
,3479,5100,train,3.4099,3833850,1105.17
,3480,5100,train,3.3667,3834949,1105.17
,3481,5100,train,3.3178,3836053,1105.17
,3482,5100,train,3.2011,3837159,1105.17
,3483,5100,train,3.4576,3838267,1105.17
,3484,5100,train,3.2980,3839385,1105.18
,3485,5100,train,3.3223,3840489,1105.18
,3486,5100,train,3.3782,3841590,1105.18
,3487,5100,train,3.3846,3842695,1105.18
,3488,5100,train,3.4501,3843801,1105.18
,3489,5100,train,3.4412,3844906,1105.18
,3490,5100,train,3.3944,3846011,1105.18
,3491,5100,train,3.3640,3847124,1105.18
,3492,5100,train,3.4131,3848228,1105.18
,3493,5100,train,3.4623,3849333,1105.18
,3494,5100,train,3.4399,3850441,1105.18
,3495,5100,train,3.4685,3851549,1105.18
,3496,5100,train,3.3168,3852658,1105.18
,3497,5100,train,3.4080,3853768,1105.18
,3498,5100,train,3.3628,3854872,1105.18
,3499,5100,train,3.3964,3855984,1105.18
,3500,5100,train,3.3475,3857091,1105.18
,3500,5100,val,3.4229,3857092,1105.18
,3501,5100,train,3.3291,3858230,1105.19
,3502,5100,train,3.2830,3859362,1105.20
,3503,5100,train,3.4244,3860500,1105.21
,3504,5100,train,3.3428,3861632,1105.22
,3505,5100,train,3.3607,3862764,1105.23
,3506,5100,train,3.3317,3863909,1105.24
,3507,5100,train,3.2574,3865043,1105.25
,3508,5100,train,3.4408,3866187,1105.26
,3509,5100,train,3.4088,3867324,1105.27
,3510,5100,train,3.3055,3868456,1105.27
,3511,5100,train,3.3955,3869589,1105.28
,3512,5100,train,3.2985,3870700,1105.28
,3513,5100,train,3.4237,3871807,1105.28
,3514,5100,train,3.4102,3872919,1105.29
,3515,5100,train,3.3184,3874039,1105.29
,3516,5100,train,3.2904,3875151,1105.29
,3517,5100,train,3.5003,3876260,1105.29
,3518,5100,train,3.4573,3877370,1105.29
,3519,5100,train,3.3440,3878482,1105.30
,3520,5100,train,3.3947,3879584,1105.29
,3521,5100,train,3.3819,3880695,1105.30
,3522,5100,train,3.4678,3881803,1105.30
,3523,5100,train,3.3350,3882913,1105.30
,3524,5100,train,3.4109,3884022,1105.30
,3525,5100,train,3.5597,3885129,1105.30
,3526,5100,train,3.4570,3886242,1105.30
,3527,5100,train,3.3346,3887347,1105.30
,3528,5100,train,3.4304,3888460,1105.30
,3529,5100,train,3.3861,3889565,1105.30
,3530,5100,train,3.4073,3890679,1105.31
,3531,5100,train,3.4477,3891783,1105.31
,3532,5100,train,3.3108,3892885,1105.31
,3533,5100,train,3.4590,3893995,1105.31
,3534,5100,train,3.4436,3895107,1105.31
,3535,5100,train,3.4898,3896212,1105.31
,3536,5100,train,3.3845,3897322,1105.31
,3537,5100,train,3.5588,3898432,1105.31
,3538,5100,train,3.3857,3899543,1105.31
,3539,5100,train,3.3179,3900650,1105.31
,3540,5100,train,3.6582,3901759,1105.31
,3541,5100,train,3.4254,3902884,1105.32
,3542,5100,train,3.2710,3904022,1105.33
,3543,5100,train,3.6065,3905155,1105.34
,3544,5100,train,3.3225,3906287,1105.34
,3545,5100,train,3.4441,3907420,1105.35
,3546,5100,train,3.4662,3908550,1105.36
,3547,5100,train,3.3818,3909683,1105.37
,3548,5100,train,3.2659,3910811,1105.37
,3549,5100,train,3.5065,3911947,1105.38
,3550,5100,train,3.3049,3913080,1105.39
,3551,5100,train,3.3860,3914202,1105.39
,3552,5100,train,3.4125,3915319,1105.40
,3553,5100,train,3.3414,3916422,1105.40
,3554,5100,train,3.3393,3917526,1105.40
,3555,5100,train,3.2699,3918646,1105.40
,3556,5100,train,3.3409,3919751,1105.40
,3557,5100,train,3.2552,3920857,1105.40
,3558,5100,train,3.4581,3921969,1105.40
,3559,5100,train,3.4330,3923078,1105.40
,3560,5100,train,3.4685,3924183,1105.40
,3561,5100,train,3.3589,3925286,1105.40
,3562,5100,train,3.5053,3926391,1105.40
,3563,5100,train,3.3448,3927499,1105.40
,3564,5100,train,3.3419,3928605,1105.40
,3565,5100,train,3.4603,3929717,1105.41
,3566,5100,train,3.2529,3930823,1105.41
,3567,5100,train,3.3156,3931928,1105.41
,3568,5100,train,3.3850,3933038,1105.41
,3569,5100,train,3.4070,3934142,1105.41
,3570,5100,train,3.5536,3935246,1105.41
,3571,5100,train,3.4558,3936361,1105.41
,3572,5100,train,3.3544,3937465,1105.41
,3573,5100,train,3.4689,3938579,1105.41
,3574,5100,train,3.5163,3939687,1105.41
,3575,5100,train,3.5513,3940794,1105.41
,3576,5100,train,3.3563,3941903,1105.41
,3577,5100,train,3.4047,3943022,1105.42
,3578,5100,train,3.4169,3944128,1105.42
,3579,5100,train,3.2999,3945239,1105.42
,3580,5100,train,3.3186,3946345,1105.42
,3581,5100,train,3.2984,3947488,1105.43
,3582,5100,train,3.3798,3948622,1105.44
,3583,5100,train,3.2396,3949753,1105.44
,3584,5100,train,3.4686,3950896,1105.46
,3585,5100,train,3.2812,3952036,1105.46
,3586,5100,train,3.2910,3953178,1105.47
,3587,5100,train,3.3879,3954316,1105.48
,3588,5100,train,3.4862,3955455,1105.49
,3589,5100,train,3.3711,3956586,1105.50
,3590,5100,train,3.3659,3957725,1105.51
,3591,5100,train,3.2393,3958862,1105.52
,3592,5100,train,3.3417,3959984,1105.52
,3593,5100,train,3.3616,3961088,1105.52
,3594,5100,train,3.4053,3962201,1105.52
,3595,5100,train,3.3363,3963308,1105.53
,3596,5100,train,3.3628,3964421,1105.53
,3597,5100,train,3.5311,3965527,1105.53
,3598,5100,train,3.4309,3966640,1105.53
,3599,5100,train,3.3700,3967749,1105.53
,3600,5100,train,3.4091,3968865,1105.53
,3601,5100,train,3.5283,3969975,1105.53
,3602,5100,train,3.0586,3971087,1105.54
,3603,5100,train,3.3331,3972188,1105.54
,3604,5100,train,3.3252,3973304,1105.54
,3605,5100,train,3.5518,3974417,1105.54
,3606,5100,train,3.2997,3975525,1105.54
,3607,5100,train,3.4109,3976638,1105.54
,3608,5100,train,3.5079,3977745,1105.54
,3609,5100,train,3.4218,3978857,1105.55
,3610,5100,train,3.3836,3979971,1105.55
,3611,5100,train,3.4198,3981079,1105.55
,3612,5100,train,3.3160,3982185,1105.55
,3613,5100,train,3.4193,3983295,1105.55
,3614,5100,train,3.3281,3984403,1105.55
,3615,5100,train,3.4989,3985513,1105.55
,3616,5100,train,3.4063,3986623,1105.55
,3617,5100,train,3.5355,3987737,1105.55
,3618,5100,train,3.4051,3988846,1105.56
,3619,5100,train,3.3773,3989953,1105.56
,3620,5100,train,3.3195,3991058,1105.56
,3621,5100,train,3.3796,3992165,1105.56
,3622,5100,train,3.3175,3993595,1105.65
,3623,5100,train,3.1305,3994718,1105.65
,3624,5100,train,3.4561,3995843,1105.66
,3625,5100,train,3.3652,3996976,1105.66
,3625,5100,val,3.4209,3996977,1105.66
,3626,5100,train,3.4449,3998107,1105.67
,3627,5100,train,3.5700,3999241,1105.68
,3628,5100,train,3.2386,4000365,1105.68
,3629,5100,train,3.3951,4001474,1105.68
,3630,5100,train,3.4654,4002578,1105.68
,3631,5100,train,3.3348,4003687,1105.69
,3632,5100,train,3.3275,4004793,1105.69
,3633,5100,train,3.3575,4005898,1105.69
,3634,5100,train,3.4690,4007016,1105.69
,3635,5100,train,3.4344,4008131,1105.69
,3636,5100,train,3.3202,4009249,1105.69
,3637,5100,train,3.2923,4010362,1105.70
,3638,5100,train,3.4660,4011469,1105.70
,3639,5100,train,3.6298,4012579,1105.70
,3640,5100,train,3.4736,4013690,1105.70
,3641,5100,train,3.1717,4014798,1105.70
,3642,5100,train,3.4052,4015910,1105.70
,3643,5100,train,3.3998,4017016,1105.70
,3644,5100,train,3.3327,4018132,1105.71
,3645,5100,train,3.3758,4019239,1105.71
,3646,5100,train,3.3621,4020368,1105.71
,3647,5100,train,3.1935,4021475,1105.71
,3648,5100,train,3.3556,4022585,1105.71
,3649,5100,train,3.3701,4023693,1105.71
,3650,5100,train,3.2746,4024800,1105.71
,3651,5100,train,3.3982,4025911,1105.72
,3652,5100,train,3.6260,4027015,1105.72
,3653,5100,train,3.4139,4028126,1105.72
,3654,5100,train,3.4593,4029233,1105.72
,3655,5100,train,3.5766,4030339,1105.72
,3656,5100,train,3.4197,4031449,1105.72
,3657,5100,train,3.3702,4032571,1105.72
,3658,5100,train,3.3958,4033698,1105.73
,3659,5100,train,3.4612,4034832,1105.74
,3660,5100,train,3.4963,4035961,1105.74
,3661,5100,train,3.4810,4037088,1105.75
,3662,5100,train,3.3069,4038221,1105.76
,3663,5100,train,3.4343,4039354,1105.76
,3664,5100,train,3.3174,4040486,1105.77
,3665,5100,train,3.4415,4041616,1105.78
,3666,5100,train,3.2628,4042759,1105.79
,3667,5100,train,3.6768,4043896,1105.80
,3668,5100,train,3.4469,4045013,1105.80
,3669,5100,train,3.3765,4046119,1105.80
,3670,5100,train,3.2674,4047233,1105.80
,3671,5100,train,3.2510,4048341,1105.80
,3672,5100,train,3.3582,4049454,1105.80
,3673,5100,train,3.2736,4050567,1105.81
,3674,5100,train,3.6552,4051678,1105.81
,3675,5100,train,3.3378,4052790,1105.81
,3676,5100,train,3.3963,4053902,1105.81
,3677,5100,train,3.4127,4055013,1105.81
,3678,5100,train,3.2642,4056124,1105.81
,3679,5100,train,3.3041,4057235,1105.81
,3680,5100,train,3.3006,4058349,1105.82
,3681,5100,train,3.4881,4059456,1105.82
,3682,5100,train,3.3784,4060560,1105.82
,3683,5100,train,3.4343,4061668,1105.82
,3684,5100,train,3.4463,4062780,1105.82
,3685,5100,train,3.3709,4063888,1105.82
,3686,5100,train,3.4042,4064997,1105.82
,3687,5100,train,3.4674,4066102,1105.82
,3688,5100,train,3.3876,4067215,1105.82
,3689,5100,train,3.4563,4068322,1105.82
,3690,5100,train,3.4860,4069435,1105.82
,3691,5100,train,3.4667,4070547,1105.83
,3692,5100,train,3.3533,4071653,1105.83
,3693,5100,train,3.2925,4072755,1105.83
,3694,5100,train,3.4932,4073874,1105.83
,3695,5100,train,3.3432,4074976,1105.83
,3696,5100,train,3.4158,4076086,1105.83
,3697,5100,train,3.2507,4077194,1105.83
,3698,5100,train,3.3314,4078352,1105.84
,3699,5100,train,3.2463,4079488,1105.85
,3700,5100,train,3.3640,4080626,1105.86
,3701,5100,train,3.6051,4081768,1105.87
,3702,5100,train,3.3464,4082900,1105.88
,3703,5100,train,3.5789,4084037,1105.89
,3704,5100,train,3.4960,4085189,1105.90
,3705,5100,train,3.4422,4086325,1105.91
,3706,5100,train,3.3652,4087457,1105.91
,3707,5100,train,3.4879,4088593,1105.92
,3708,5100,train,3.4450,4089723,1105.93
,3709,5100,train,3.3727,4090835,1105.93
,3710,5100,train,3.4273,4091943,1105.93
,3711,5100,train,3.3874,4093056,1105.93
,3712,5100,train,3.5828,4094165,1105.93
,3713,5100,train,3.4680,4095275,1105.93
,3714,5100,train,3.2906,4096381,1105.93
,3715,5100,train,3.4920,4097494,1105.94
,3716,5100,train,3.3615,4098601,1105.94
,3717,5100,train,3.3747,4099714,1105.94
,3718,5100,train,3.4253,4100822,1105.94
,3719,5100,train,3.3457,4101935,1105.94
,3720,5100,train,3.4121,4103057,1105.95
,3721,5100,train,3.3873,4104182,1105.95
,3722,5100,train,3.3556,4105291,1105.95
,3723,5100,train,3.3999,4106398,1105.95
,3724,5100,train,3.3917,4107514,1105.95
,3725,5100,train,3.3831,4108632,1105.96
,3726,5100,train,3.4025,4109741,1105.96
,3727,5100,train,3.4727,4110854,1105.96
,3728,5100,train,3.3078,4111969,1105.96
,3729,5100,train,3.4200,4113077,1105.96
,3730,5100,train,3.4554,4114184,1105.96
,3731,5100,train,3.3892,4115297,1105.97
,3732,5100,train,3.4000,4116414,1105.97
,3733,5100,train,3.5444,4117524,1105.97
,3734,5100,train,3.2880,4118639,1105.97
,3735,5100,train,3.3001,4119752,1105.97
,3736,5100,train,3.6401,4120857,1105.97
,3737,5100,train,3.3981,4121976,1105.98
,3738,5100,train,3.2715,4123139,1105.99
,3739,5100,train,3.5129,4124272,1106.00
,3740,5100,train,3.2519,4125420,1106.01
,3741,5100,train,3.4720,4126558,1106.02
,3742,5100,train,3.3137,4127691,1106.03
,3743,5100,train,3.4610,4128819,1106.03
,3744,5100,train,3.2909,4129963,1106.04
,3745,5100,train,3.4085,4131098,1106.05
,3746,5100,train,3.4269,4132234,1106.06
,3747,5100,train,3.3489,4133365,1106.07
,3748,5100,train,3.4367,4134493,1106.07
,3749,5100,train,3.3461,4135597,1106.07
,3750,5100,train,3.4931,4136700,1106.07
,3750,5100,val,3.4086,4136700,1106.07
,3751,5100,train,3.6672,4137810,1106.07
,3752,5100,train,3.3853,4138916,1106.07
,3753,5100,train,3.4414,4140022,1106.07
,3754,5100,train,3.4204,4141129,1106.07
,3755,5100,train,3.4141,4142229,1106.07
,3756,5100,train,3.2692,4143328,1106.07
,3757,5100,train,3.3830,4144427,1106.07
,3758,5100,train,3.4241,4145529,1106.06
,3759,5100,train,3.3586,4146630,1106.06
,3760,5100,train,3.5573,4147734,1106.06
,3761,5100,train,3.3757,4148835,1106.06
,3762,5100,train,3.3282,4149944,1106.06
,3763,5100,train,3.3193,4151048,1106.06
,3764,5100,train,3.4359,4152162,1106.06
,3765,5100,train,3.3213,4153271,1106.06
,3766,5100,train,3.3532,4154375,1106.06
,3767,5100,train,3.9016,4155483,1106.06
,3768,5100,train,3.2970,4156587,1106.06
,3769,5100,train,3.4820,4157689,1106.06
,3770,5100,train,3.3650,4158798,1106.06
,3771,5100,train,3.4075,4159924,1106.07
,3772,5100,train,3.3395,4161053,1106.07
,3773,5100,train,3.4887,4162192,1106.08
,3774,5100,train,3.3801,4163329,1106.09
,3775,5100,train,3.3419,4164459,1106.10
,3776,5100,train,3.3441,4165592,1106.11
,3777,5100,train,3.1178,4166738,1106.12
,3778,5100,train,3.3961,4167871,1106.12
,3779,5100,train,3.3886,4169005,1106.13
,3780,5100,train,3.5500,4170133,1106.14
,3781,5100,train,3.3498,4171257,1106.14
,3782,5100,train,3.2730,4172365,1106.14
,3783,5100,train,3.2663,4173470,1106.14
,3784,5100,train,3.4103,4174581,1106.14
,3785,5100,train,3.3716,4175688,1106.14
,3786,5100,train,3.3005,4176797,1106.14
,3787,5100,train,3.4393,4177909,1106.14
,3788,5100,train,3.3663,4179016,1106.15
,3789,5100,train,3.4154,4180128,1106.15
,3790,5100,train,3.4525,4181242,1106.15
,3791,5100,train,2.8889,4182349,1106.15
,3792,5100,train,3.4251,4183455,1106.15
,3793,5100,train,3.5939,4184571,1106.15
,3794,5100,train,3.3907,4185678,1106.15
,3795,5100,train,3.2996,4186789,1106.15
,3796,5100,train,3.5239,4187895,1106.15
,3797,5100,train,3.6741,4189006,1106.15
,3798,5100,train,3.3067,4190110,1106.15
,3799,5100,train,3.3493,4191219,1106.15
,3800,5100,train,3.3613,4192334,1106.16
,3801,5100,train,3.3076,4193440,1106.16
,3802,5100,train,3.3683,4194550,1106.16
,3803,5100,train,3.3604,4195656,1106.16
,3804,5100,train,3.4297,4196766,1106.16
,3805,5100,train,3.3341,4197872,1106.16
,3806,5100,train,3.5030,4198992,1106.16
,3807,5100,train,3.4942,4200095,1106.16
,3808,5100,train,3.5555,4201209,1106.16
,3809,5100,train,3.4487,4202316,1106.16
,3810,5100,train,3.5098,4203427,1106.17
,3811,5100,train,3.4946,4204554,1106.17
,3812,5100,train,3.2554,4205691,1106.18
,3813,5100,train,3.2918,4207178,1106.28
,3814,5100,train,3.2978,4208312,1106.29
,3815,5100,train,3.2881,4209450,1106.29
,3816,5100,train,3.3820,4210583,1106.30
,3817,5100,train,3.4613,4211715,1106.31
,3818,5100,train,3.3301,4212852,1106.32
,3819,5100,train,3.3318,4213990,1106.32
,3820,5100,train,3.2868,4215120,1106.33
,3821,5100,train,3.3976,4216244,1106.34
,3822,5100,train,3.3847,4217351,1106.34
,3823,5100,train,3.3683,4218472,1106.34
,3824,5100,train,3.4685,4219581,1106.34
,3825,5100,train,3.4739,4220691,1106.34
,3826,5100,train,3.5263,4221799,1106.34
,3827,5100,train,3.3428,4222906,1106.34
,3828,5100,train,3.2277,4224011,1106.34
,3829,5100,train,3.6626,4225122,1106.34
,3830,5100,train,3.3564,4226231,1106.34
,3831,5100,train,3.3022,4227341,1106.34
,3832,5100,train,3.3062,4228450,1106.34
,3833,5100,train,3.5316,4229560,1106.35
,3834,5100,train,3.3592,4230672,1106.35
,3835,5100,train,3.3192,4231778,1106.35
,3836,5100,train,3.3383,4232894,1106.35
,3837,5100,train,3.3896,4234002,1106.35
,3838,5100,train,3.3316,4235120,1106.35
,3839,5100,train,3.3593,4236229,1106.35
,3840,5100,train,3.4061,4237343,1106.36
,3841,5100,train,3.3587,4238455,1106.36
,3842,5100,train,3.4635,4239567,1106.36
,3843,5100,train,3.3336,4240672,1106.36
,3844,5100,train,3.3999,4241781,1106.36
,3845,5100,train,3.3605,4242888,1106.36
,3846,5100,train,3.4819,4243995,1106.36
,3847,5100,train,3.5121,4245103,1106.36
,3848,5100,train,3.2108,4246212,1106.36
,3849,5100,train,3.3372,4247324,1106.36
,3850,5100,train,3.4893,4248432,1106.36
,3851,5100,train,3.3655,4249565,1106.37
,3852,5100,train,3.3259,4250692,1106.37
,3853,5100,train,3.4282,4251823,1106.38
,3854,5100,train,3.2679,4252953,1106.39
,3855,5100,train,3.3499,4254090,1106.40
,3856,5100,train,3.4434,4255223,1106.40
,3857,5100,train,3.2200,4256360,1106.41
,3858,5100,train,3.4252,4257499,1106.42
,3859,5100,train,3.3898,4258633,1106.43
,3860,5100,train,3.2660,4259774,1106.43
,3861,5100,train,3.3012,4260903,1106.44
,3862,5100,train,3.5623,4262010,1106.44
,3863,5100,train,3.5531,4263120,1106.44
,3864,5100,train,3.3729,4264230,1106.44
,3865,5100,train,3.3593,4265333,1106.44
,3866,5100,train,3.3818,4266444,1106.44
,3867,5100,train,3.4589,4267552,1106.44
,3868,5100,train,3.4875,4268656,1106.44
,3869,5100,train,3.6972,4269766,1106.44
,3870,5100,train,3.4143,4270870,1106.44
,3871,5100,train,3.4179,4271978,1106.44
,3872,5100,train,3.4816,4273096,1106.45
,3873,5100,train,3.3023,4274207,1106.45
,3874,5100,train,3.3186,4275321,1106.45
,3875,5100,train,3.3108,4276429,1106.45
,3875,5100,val,3.3968,4276430,1106.45
,3876,5100,train,3.4166,4277540,1106.45
,3877,5100,train,3.5150,4278648,1106.45
,3878,5100,train,3.3521,4279753,1106.45
,3879,5100,train,3.2322,4280856,1106.45
,3880,5100,train,3.7288,4281966,1106.45
,3881,5100,train,3.4474,4283080,1106.45
,3882,5100,train,3.4430,4284196,1106.46
,3883,5100,train,3.4696,4285310,1106.46
,3884,5100,train,3.3783,4286436,1106.46
,3885,5100,train,3.3890,4287566,1106.47
,3886,5100,train,3.1932,4288701,1106.48
,3887,5100,train,3.2392,4289835,1106.48
,3888,5100,train,3.3527,4290972,1106.49
,3889,5100,train,3.3141,4292106,1106.50
,3890,5100,train,3.3112,4293236,1106.50
,3891,5100,train,3.3195,4294373,1106.51
,3892,5100,train,3.4546,4295494,1106.52
,3893,5100,train,3.4138,4296622,1106.52
,3894,5100,train,3.3276,4297747,1106.53
,3895,5100,train,3.1725,4298854,1106.53
,3896,5100,train,3.5169,4299957,1106.53
,3897,5100,train,3.3873,4301055,1106.52
,3898,5100,train,3.2626,4302160,1106.52
,3899,5100,train,3.2676,4303269,1106.52
,3900,5100,train,3.2267,4304378,1106.52
,3901,5100,train,3.3437,4305483,1106.52
,3902,5100,train,3.4899,4306591,1106.52
,3903,5100,train,3.3381,4307697,1106.52
,3904,5100,train,3.3052,4308803,1106.52
,3905,5100,train,3.4313,4309913,1106.52
,3906,5100,train,3.2910,4311017,1106.52
,3907,5100,train,3.3260,4312128,1106.52
,3908,5100,train,3.6217,4313233,1106.52
,3909,5100,train,3.2497,4314340,1106.52
,3910,5100,train,3.3696,4315450,1106.53
,3911,5100,train,3.2903,4316554,1106.52
,3912,5100,train,3.3745,4317660,1106.52
,3913,5100,train,3.3101,4318768,1106.53
,3914,5100,train,3.2837,4319876,1106.53
,3915,5100,train,3.5385,4320980,1106.52
,3916,5100,train,3.3382,4322093,1106.53
,3917,5100,train,3.3092,4323199,1106.53
,3918,5100,train,3.4054,4324309,1106.53
,3919,5100,train,3.3257,4325414,1106.53
,3920,5100,train,3.3152,4326525,1106.53
,3921,5100,train,3.4155,4327634,1106.53
,3922,5100,train,3.2184,4328737,1106.53
,3923,5100,train,3.5771,4329849,1106.53
,3924,5100,train,3.4100,4330973,1106.53
,3925,5100,train,3.3529,4332125,1106.55
,3926,5100,train,3.3378,4333254,1106.55
,3927,5100,train,3.3851,4334388,1106.56
,3928,5100,train,3.2616,4335518,1106.56
,3929,5100,train,3.3746,4336650,1106.57
,3930,5100,train,3.2734,4337776,1106.58
,3931,5100,train,3.4877,4338920,1106.59
,3932,5100,train,3.4258,4340059,1106.59
,3933,5100,train,3.1343,4341192,1106.60
,3934,5100,train,3.3780,4342306,1106.60
,3935,5100,train,3.3177,4343423,1106.60
,3936,5100,train,3.4283,4344529,1106.60
,3937,5100,train,3.2815,4345633,1106.60
,3938,5100,train,3.3633,4346739,1106.60
,3939,5100,train,3.4111,4347852,1106.61
,3940,5100,train,3.3082,4348954,1106.60
,3941,5100,train,3.4839,4350063,1106.60
,3942,5100,train,3.3458,4351170,1106.60
,3943,5100,train,3.3687,4352282,1106.61
,3944,5100,train,3.3146,4353392,1106.61
,3945,5100,train,3.3272,4354500,1106.61
,3946,5100,train,3.3882,4355612,1106.61
,3947,5100,train,3.3254,4356716,1106.61
,3948,5100,train,3.5732,4357829,1106.61
,3949,5100,train,3.3477,4358935,1106.61
,3950,5100,train,3.2310,4360047,1106.61
,3951,5100,train,3.3550,4361153,1106.61
,3952,5100,train,3.3750,4362263,1106.61
,3953,5100,train,3.3722,4363373,1106.61
,3954,5100,train,3.3546,4364477,1106.61
,3955,5100,train,3.2886,4365587,1106.61
,3956,5100,train,3.3473,4366694,1106.61
,3957,5100,train,3.3037,4367798,1106.61
,3958,5100,train,3.5180,4368905,1106.61
,3959,5100,train,3.2912,4370012,1106.61
,3960,5100,train,3.4348,4371123,1106.61
,3961,5100,train,3.4668,4372234,1106.61
,3962,5100,train,3.3359,4373349,1106.62
,3963,5100,train,3.2253,4374451,1106.62
,3964,5100,train,3.4847,4375593,1106.62
,3965,5100,train,3.4952,4376731,1106.63
,3966,5100,train,3.4172,4377860,1106.64
,3967,5100,train,3.6059,4379030,1106.65
,3968,5100,train,3.2396,4380165,1106.66
,3969,5100,train,3.0030,4381315,1106.67
,3970,5100,train,3.2099,4382453,1106.68
,3971,5100,train,3.3205,4383602,1106.69
,3972,5100,train,3.4394,4384737,1106.70
,3973,5100,train,3.7751,4385871,1106.70
,3974,5100,train,3.1626,4386981,1106.71
,3975,5100,train,3.4679,4388094,1106.71
,3976,5100,train,3.3342,4389203,1106.71
,3977,5100,train,3.2538,4390311,1106.71
,3978,5100,train,3.3270,4391413,1106.71
,3979,5100,train,3.5017,4392520,1106.71
,3980,5100,train,3.2036,4393629,1106.71
,3981,5100,train,3.2229,4394735,1106.71
,3982,5100,train,3.2390,4395839,1106.71
,3983,5100,train,3.2734,4396948,1106.71
,3984,5100,train,3.4061,4398061,1106.71
,3985,5100,train,3.4358,4399169,1106.71
,3986,5100,train,3.3391,4400281,1106.71
,3987,5100,train,3.3500,4401393,1106.71
,3988,5100,train,3.3768,4402500,1106.71
,3989,5100,train,3.4707,4403609,1106.71
,3990,5100,train,3.2899,4404714,1106.71
,3991,5100,train,3.2583,4405825,1106.71
,3992,5100,train,3.5586,4406933,1106.71
,3993,5100,train,3.3381,4408044,1106.71
,3994,5100,train,3.2758,4409153,1106.72
,3995,5100,train,3.3198,4410253,1106.71
,3996,5100,train,3.3796,4411365,1106.71
,3997,5100,train,3.3347,4412473,1106.72
,3998,5100,train,3.2453,4413577,1106.71
,3999,5100,train,3.2614,4414689,1106.72
,4000,5100,train,3.4353,4415797,1106.72
,4000,5100,val,3.3838,4415797,1106.72
,4001,5100,train,3.4446,4416937,1106.72
,4002,5100,train,3.4470,4418066,1106.73
,4003,5100,train,3.3429,4419195,1106.74
,4004,5100,train,3.2982,4420719,1106.84
,4005,5100,train,3.3785,4421861,1106.85
,4006,5100,train,3.3524,4422992,1106.85
,4007,5100,train,3.2242,4424130,1106.86
,4008,5100,train,3.3745,4425237,1106.86
,4009,5100,train,3.3438,4426347,1106.86
,4010,5100,train,3.3649,4427463,1106.87
,4011,5100,train,3.3296,4428574,1106.87
,4012,5100,train,3.2782,4429696,1106.87
,4013,5100,train,3.4290,4430800,1106.87
,4014,5100,train,3.3697,4431910,1106.87
,4015,5100,train,3.3956,4433016,1106.87
,4016,5100,train,3.5134,4434127,1106.87
,4017,5100,train,3.3943,4435246,1106.87
,4018,5100,train,3.3372,4436356,1106.88
,4019,5100,train,3.3645,4437468,1106.88
,4020,5100,train,3.3406,4438573,1106.88
,4021,5100,train,3.4664,4439686,1106.88
,4022,5100,train,3.4332,4440794,1106.88
,4023,5100,train,3.3743,4441905,1106.88
,4024,5100,train,3.3670,4443012,1106.88
,4025,5100,train,3.2902,4444125,1106.88
,4026,5100,train,3.3482,4445233,1106.88
,4027,5100,train,3.4579,4446342,1106.88
,4028,5100,train,3.3605,4447448,1106.88
,4029,5100,train,3.3367,4448551,1106.88
,4030,5100,train,3.5497,4449660,1106.88
,4031,5100,train,3.4507,4450770,1106.88
,4032,5100,train,3.3415,4451875,1106.88
,4033,5100,train,3.4145,4452978,1106.88
,4034,5100,train,3.3234,4454090,1106.88
,4035,5100,train,3.4121,4455197,1106.88
,4036,5100,train,3.3944,4456307,1106.88
,4037,5100,train,3.2148,4457430,1106.89
,4038,5100,train,3.3819,4458564,1106.89
,4039,5100,train,3.3915,4459696,1106.90
,4040,5100,train,3.3535,4460829,1106.91
,4041,5100,train,3.4340,4461972,1106.91
,4042,5100,train,3.3058,4463126,1106.93
,4043,5100,train,3.3164,4464245,1106.93
,4044,5100,train,3.3639,4465376,1106.94
,4045,5100,train,3.1416,4466520,1106.94
,4046,5100,train,3.2532,4467652,1106.95
,4047,5100,train,3.3759,4468762,1106.95
,4048,5100,train,3.4219,4469871,1106.95
,4049,5100,train,3.3379,4470977,1106.95
,4050,5100,train,3.3549,4472076,1106.95
,4051,5100,train,3.4034,4473183,1106.95
,4052,5100,train,3.6575,4474292,1106.95
,4053,5100,train,3.3563,4475400,1106.95
,4054,5100,train,3.3644,4476506,1106.95
,4055,5100,train,3.2464,4477614,1106.95
,4056,5100,train,3.4051,4478722,1106.95
,4057,5100,train,3.5116,4479834,1106.95
,4058,5100,train,3.4525,4480949,1106.95
,4059,5100,train,3.3588,4482059,1106.95
,4060,5100,train,3.4271,4483173,1106.96
,4061,5100,train,3.3208,4484278,1106.96
,4062,5100,train,3.3537,4485385,1106.96
,4063,5100,train,3.3123,4486491,1106.96
,4064,5100,train,3.2778,4487606,1106.96
,4065,5100,train,3.2375,4488712,1106.96
,4066,5100,train,3.2340,4489837,1106.96
,4067,5100,train,3.3382,4490953,1106.96
,4068,5100,train,3.3632,4492056,1106.96
,4069,5100,train,3.3823,4493166,1106.96
,4070,5100,train,3.2885,4494272,1106.96
,4071,5100,train,3.4246,4495384,1106.96
,4072,5100,train,3.3731,4496510,1106.97
,4073,5100,train,3.3871,4497617,1106.97
,4074,5100,train,3.4022,4498730,1106.97
,4075,5100,train,3.2243,4499837,1106.97
,4076,5100,train,3.3608,4500948,1106.97
,4077,5100,train,3.3091,4502085,1106.98
,4078,5100,train,3.2846,4503221,1106.99
,4079,5100,train,3.4892,4504351,1106.99
,4080,5100,train,3.3428,4505488,1107.00
,4081,5100,train,3.2733,4506617,1107.01
,4082,5100,train,3.2514,4507762,1107.01
,4083,5100,train,3.2852,4508894,1107.02
,4084,5100,train,3.4214,4510032,1107.03
,4085,5100,train,3.4010,4511163,1107.03
,4086,5100,train,3.3004,4512301,1107.04
,4087,5100,train,3.3925,4513426,1107.05
,4088,5100,train,3.3941,4514532,1107.05
,4089,5100,train,3.4664,4515643,1107.05
,4090,5100,train,3.3772,4516753,1107.05
,4091,5100,train,3.4193,4517861,1107.05
,4092,5100,train,3.4140,4518971,1107.05
,4093,5100,train,3.3849,4520075,1107.05
,4094,5100,train,3.3021,4521186,1107.05
,4095,5100,train,3.5245,4522292,1107.05
,4096,5100,train,3.3002,4523400,1107.05
,4097,5100,train,3.3513,4524507,1107.05
,4098,5100,train,3.3379,4525616,1107.05
,4099,5100,train,3.4235,4526728,1107.05
,4100,5100,train,3.3497,4527834,1107.05
,4101,5100,train,3.3733,4528945,1107.05
,4102,5100,train,3.4662,4530052,1107.05
,4103,5100,train,3.3524,4531163,1107.05
,4104,5100,train,3.3260,4532270,1107.05
,4105,5100,train,3.2378,4533374,1107.05
,4106,5100,train,3.1746,4534482,1107.05
,4107,5100,train,3.2666,4535588,1107.05
,4108,5100,train,3.4645,4536696,1107.05
,4109,5100,train,3.2716,4537812,1107.05
,4110,5100,train,3.2920,4538917,1107.05
,4111,5100,train,3.4928,4540026,1107.05
,4112,5100,train,3.3914,4541138,1107.05
,4113,5100,train,3.3679,4542246,1107.05
,4114,5100,train,3.2866,4543357,1107.06
,4115,5100,train,3.2535,4544467,1107.06
,4116,5100,train,3.1340,4545571,1107.06
,4117,5100,train,3.1336,4546698,1107.06
,4118,5100,train,3.8402,4547834,1107.07
,4119,5100,train,3.5586,4548971,1107.07
,4120,5100,train,3.3100,4550118,1107.08
,4121,5100,train,3.4039,4551255,1107.09
,4122,5100,train,3.4197,4552396,1107.10
,4123,5100,train,3.3799,4553527,1107.11
,4124,5100,train,3.4354,4554662,1107.11
,4125,5100,train,3.4751,4555806,1107.12
,4125,5100,val,3.3707,4555807,1107.12
,4126,5100,train,3.5345,4556918,1107.12
,4127,5100,train,3.3121,4558024,1107.12
,4128,5100,train,3.3147,4559135,1107.12
,4129,5100,train,3.3401,4560240,1107.12
,4130,5100,train,3.2653,4561346,1107.12
,4131,5100,train,3.2114,4562455,1107.12
,4132,5100,train,3.2828,4563559,1107.12
,4133,5100,train,3.2257,4564671,1107.12
,4134,5100,train,3.4738,4565782,1107.12
,4135,5100,train,3.3477,4566888,1107.12
,4136,5100,train,3.1924,4567995,1107.12
,4137,5100,train,3.2861,4569097,1107.12
,4138,5100,train,3.2364,4570200,1107.12
,4139,5100,train,3.2366,4571308,1107.12
,4140,5100,train,3.2432,4572425,1107.12
,4141,5100,train,3.3439,4573536,1107.13
,4142,5100,train,3.4392,4574640,1107.12
,4143,5100,train,3.2680,4575742,1107.12
,4144,5100,train,3.2851,4576844,1107.12
,4145,5100,train,3.3740,4577952,1107.12
,4146,5100,train,3.2197,4579054,1107.12
,4147,5100,train,3.2547,4580167,1107.12
,4148,5100,train,3.5005,4581275,1107.12
,4149,5100,train,3.3484,4582377,1107.12
,4150,5100,train,3.4715,4583510,1107.13
,4151,5100,train,3.4146,4584641,1107.13
,4152,5100,train,3.3634,4585781,1107.14
,4153,5100,train,3.3159,4586913,1107.15
,4154,5100,train,3.3190,4588045,1107.15
,4155,5100,train,3.3350,4589178,1107.16
,4156,5100,train,3.3066,4590304,1107.16
,4157,5100,train,3.1975,4591442,1107.17
,4158,5100,train,3.3111,4592578,1107.18
,4159,5100,train,3.2652,4593711,1107.19
,4160,5100,train,3.4620,4594837,1107.19
,4161,5100,train,3.5209,4595943,1107.19
,4162,5100,train,3.4004,4597064,1107.19
,4163,5100,train,3.4589,4598174,1107.19
,4164,5100,train,3.5966,4599278,1107.19
,4165,5100,train,3.3611,4600391,1107.19
,4166,5100,train,3.3237,4601497,1107.19
,4167,5100,train,3.3824,4602628,1107.20
,4168,5100,train,3.4221,4603745,1107.20
,4169,5100,train,3.2691,4604855,1107.20
,4170,5100,train,3.4437,4605961,1107.20
,4171,5100,train,3.3446,4607071,1107.20
,4172,5100,train,3.4062,4608183,1107.20
,4173,5100,train,3.4745,4609294,1107.20
,4174,5100,train,3.5293,4610402,1107.20
,4175,5100,train,3.3859,4611516,1107.21
,4176,5100,train,3.5181,4612626,1107.21
,4177,5100,train,3.2462,4613733,1107.21
,4178,5100,train,3.2761,4614837,1107.21
,4179,5100,train,3.3945,4615944,1107.21
,4180,5100,train,3.3362,4617053,1107.21
,4181,5100,train,3.2570,4618162,1107.21
,4182,5100,train,3.2743,4619274,1107.21
,4183,5100,train,3.5159,4620382,1107.21
,4184,5100,train,3.2701,4621490,1107.21
,4185,5100,train,3.3858,4622596,1107.21
,4186,5100,train,3.3148,4623704,1107.21
,4187,5100,train,3.4255,4624815,1107.21
,4188,5100,train,3.4619,4625922,1107.21
,4189,5100,train,3.8130,4627027,1107.21
,4190,5100,train,3.3471,4628164,1107.22
,4191,5100,train,3.3303,4629298,1107.22
,4192,5100,train,3.3469,4630426,1107.23
,4193,5100,train,3.3535,4631558,1107.23
,4194,5100,train,3.1866,4633068,1107.33
,4195,5100,train,3.3192,4634204,1107.34
,4196,5100,train,3.3986,4635331,1107.34
,4197,5100,train,3.0791,4636463,1107.35
,4198,5100,train,3.5005,4637598,1107.35
,4199,5100,train,3.3176,4638741,1107.36
,4200,5100,train,3.3289,4639854,1107.36
,4201,5100,train,3.3469,4640960,1107.36
,4202,5100,train,3.3664,4642066,1107.36
,4203,5100,train,3.4044,4643175,1107.36
,4204,5100,train,3.6390,4644283,1107.36
,4205,5100,train,3.2329,4645394,1107.36
,4206,5100,train,3.3944,4646502,1107.36
,4207,5100,train,3.3986,4647615,1107.37
,4208,5100,train,3.3793,4648719,1107.37
,4209,5100,train,3.1657,4649824,1107.36
,4210,5100,train,3.1777,4650935,1107.37
,4211,5100,train,3.2541,4652044,1107.37
,4212,5100,train,3.3515,4653158,1107.37
,4213,5100,train,3.3526,4654265,1107.37
,4214,5100,train,3.4410,4655374,1107.37
,4215,5100,train,3.3737,4656483,1107.37
,4216,5100,train,3.3143,4657592,1107.37
,4217,5100,train,3.3724,4658699,1107.37
,4218,5100,train,3.3226,4659807,1107.37
,4219,5100,train,3.2167,4660917,1107.37
,4220,5100,train,3.4559,4662025,1107.37
,4221,5100,train,3.2709,4663135,1107.37
,4222,5100,train,3.3132,4664239,1107.37
,4223,5100,train,3.3972,4665349,1107.37
,4224,5100,train,3.5345,4666458,1107.37
,4225,5100,train,3.5282,4667568,1107.37
,4226,5100,train,3.2035,4668675,1107.37
,4227,5100,train,3.3729,4669779,1107.37
,4228,5100,train,3.4605,4670885,1107.37
,4229,5100,train,3.5376,4671994,1107.37
,4230,5100,train,3.2953,4673120,1107.37
,4231,5100,train,3.4368,4674254,1107.38
,4232,5100,train,3.3156,4675382,1107.39
,4233,5100,train,3.3046,4676523,1107.39
,4234,5100,train,3.3823,4677653,1107.40
,4235,5100,train,3.2698,4678797,1107.41
,4236,5100,train,3.2507,4679930,1107.41
,4237,5100,train,3.3890,4681067,1107.42
,4238,5100,train,3.2855,4682202,1107.43
,4239,5100,train,3.3330,4683340,1107.43
,4240,5100,train,3.4208,4684480,1107.44
,4241,5100,train,3.3205,4685588,1107.44
,4242,5100,train,3.2809,4686695,1107.44
,4243,5100,train,3.3374,4687799,1107.44
,4244,5100,train,3.3423,4688905,1107.44
,4245,5100,train,3.3917,4690014,1107.44
,4246,5100,train,3.3943,4691121,1107.44
,4247,5100,train,3.3344,4692236,1107.44
,4248,5100,train,3.3428,4693341,1107.44
,4249,5100,train,3.4716,4694455,1107.44
,4250,5100,train,3.5414,4695570,1107.45
,4250,5100,val,3.3610,4695570,1107.45
,4251,5100,train,3.2982,4696679,1107.45
,4252,5100,train,3.4914,4697784,1107.45
,4253,5100,train,3.2578,4698894,1107.45
,4254,5100,train,3.3467,4700007,1107.45
,4255,5100,train,3.4731,4701135,1107.45
,4256,5100,train,3.3499,4702241,1107.45
,4257,5100,train,3.3176,4703349,1107.45
,4258,5100,train,3.3930,4704464,1107.45
,4259,5100,train,3.2685,4705567,1107.45
,4260,5100,train,3.5256,4706676,1107.45
,4261,5100,train,3.4030,4707787,1107.45
,4262,5100,train,3.4323,4708897,1107.45
,4263,5100,train,3.3360,4710035,1107.46
,4264,5100,train,3.3783,4711169,1107.47
,4265,5100,train,3.2964,4712307,1107.48
,4266,5100,train,3.4424,4713435,1107.48
,4267,5100,train,3.2312,4714569,1107.49
,4268,5100,train,3.2413,4715702,1107.49
,4269,5100,train,3.4676,4716837,1107.50
,4270,5100,train,3.1635,4717969,1107.50
,4271,5100,train,3.3764,4719096,1107.51
,4272,5100,train,3.2145,4720228,1107.51
,4273,5100,train,3.2486,4721340,1107.52
,4274,5100,train,3.3502,4722447,1107.52
,4275,5100,train,3.3763,4723555,1107.52
,4276,5100,train,3.3635,4724671,1107.52
,4277,5100,train,3.2328,4725779,1107.52
,4278,5100,train,3.4488,4726885,1107.52
,4279,5100,train,3.3099,4727991,1107.52
,4280,5100,train,3.2806,4729102,1107.52
,4281,5100,train,3.4302,4730208,1107.52
,4282,5100,train,3.2736,4731316,1107.52
,4283,5100,train,3.2484,4732436,1107.52
,4284,5100,train,3.5038,4733562,1107.52
,4285,5100,train,3.2191,4734672,1107.53
,4286,5100,train,3.3491,4735786,1107.53
,4287,5100,train,3.4246,4736892,1107.53
,4288,5100,train,3.2856,4738004,1107.53
,4289,5100,train,3.3478,4739112,1107.53
,4290,5100,train,3.4009,4740220,1107.53
,4291,5100,train,3.2406,4741328,1107.53
,4292,5100,train,3.3411,4742440,1107.53
,4293,5100,train,3.3595,4743548,1107.53
,4294,5100,train,3.4128,4744655,1107.53
,4295,5100,train,3.4119,4745766,1107.53
,4296,5100,train,3.3657,4746871,1107.53
,4297,5100,train,3.1679,4747980,1107.53
,4298,5100,train,3.3831,4749087,1107.53
,4299,5100,train,3.6833,4750200,1107.53
,4300,5100,train,3.2661,4751308,1107.53
,4301,5100,train,3.4400,4752414,1107.53
,4302,5100,train,3.4091,4753523,1107.53
,4303,5100,train,3.2659,4754648,1107.54
,4304,5100,train,3.1642,4755783,1107.54
,4305,5100,train,3.4375,4756920,1107.55
,4306,5100,train,3.2511,4758051,1107.55
,4307,5100,train,3.0541,4759189,1107.56
,4308,5100,train,3.4215,4760329,1107.57
,4309,5100,train,3.2352,4761472,1107.58
,4310,5100,train,3.4043,4762639,1107.59
,4311,5100,train,3.2604,4763769,1107.60
,4312,5100,train,3.4552,4764903,1107.60
,4313,5100,train,3.1282,4766037,1107.61
,4314,5100,train,3.2451,4767142,1107.61
,4315,5100,train,3.4855,4768247,1107.61
,4316,5100,train,3.6288,4769352,1107.61
,4317,5100,train,3.3479,4770465,1107.61
,4318,5100,train,3.3019,4771570,1107.61
,4319,5100,train,3.3476,4772676,1107.61
,4320,5100,train,3.8497,4773782,1107.61
,4321,5100,train,3.6615,4774890,1107.61
,4322,5100,train,3.3105,4775996,1107.61
,4323,5100,train,3.3120,4777121,1107.61
,4324,5100,train,3.1674,4778228,1107.61
,4325,5100,train,3.5224,4779334,1107.61
,4326,5100,train,3.2093,4780447,1107.61
,4327,5100,train,3.4225,4781557,1107.61
,4328,5100,train,3.4778,4782663,1107.61
,4329,5100,train,3.2802,4783775,1107.61
,4330,5100,train,3.3517,4784885,1107.61
,4331,5100,train,3.3837,4785991,1107.61
,4332,5100,train,3.2599,4787103,1107.61
,4333,5100,train,3.2288,4788210,1107.61
,4334,5100,train,3.4121,4789318,1107.61
,4335,5100,train,3.4038,4790428,1107.61
,4336,5100,train,3.3451,4791537,1107.61
,4337,5100,train,3.2935,4792645,1107.61
,4338,5100,train,3.2714,4793752,1107.61
,4339,5100,train,3.5225,4794864,1107.61
,4340,5100,train,3.3100,4795975,1107.62
,4341,5100,train,3.3406,4797084,1107.62
,4342,5100,train,3.2682,4798195,1107.62
,4343,5100,train,3.3295,4799326,1107.62
,4344,5100,train,3.4298,4800459,1107.63
,4345,5100,train,3.4137,4801589,1107.63
,4346,5100,train,3.2778,4802723,1107.64
,4347,5100,train,3.5266,4803855,1107.64
,4348,5100,train,3.3482,4805024,1107.66
,4349,5100,train,3.4207,4806159,1107.67
,4350,5100,train,3.3821,4807323,1107.68
,4351,5100,train,4.6426,4808456,1107.68
,4352,5100,train,3.3066,4809586,1107.69
,4353,5100,train,3.3870,4810699,1107.69
,4354,5100,train,3.3477,4811813,1107.69
,4355,5100,train,3.3664,4812919,1107.69
,4356,5100,train,3.4021,4814028,1107.69
,4357,5100,train,3.4920,4815138,1107.69
,4358,5100,train,3.4519,4816248,1107.69
,4359,5100,train,3.3569,4817357,1107.69
,4360,5100,train,3.3505,4818474,1107.70
,4361,5100,train,3.6091,4819605,1107.70
,4362,5100,train,3.4221,4820714,1107.70
,4363,5100,train,3.2300,4821827,1107.70
,4364,5100,train,3.2953,4822935,1107.70
,4365,5100,train,3.4469,4824045,1107.70
,4366,5100,train,3.1594,4825155,1107.70
,4367,5100,train,3.3811,4826264,1107.70
,4368,5100,train,3.2402,4827373,1107.70
,4369,5100,train,3.3259,4828485,1107.70
,4370,5100,train,3.4212,4829593,1107.70
,4371,5100,train,3.3454,4830706,1107.71
,4372,5100,train,3.4822,4831811,1107.71
,4373,5100,train,3.2740,4832921,1107.71
,4374,5100,train,3.3421,4834029,1107.71
,4375,5100,train,3.1400,4835135,1107.71
,4375,5100,val,3.3476,4835135,1107.71
,4376,5100,train,3.5169,4836275,1107.71
,4377,5100,train,3.2168,4837411,1107.72
,4378,5100,train,3.2214,4838544,1107.73
,4379,5100,train,4.9037,4839680,1107.73
,4380,5100,train,3.4422,4840836,1107.74
,4381,5100,train,3.3000,4841969,1107.75
,4382,5100,train,3.1837,4843104,1107.75
,4383,5100,train,3.2705,4844236,1107.76
,4384,5100,train,3.4716,4845379,1107.77
,4385,5100,train,3.2967,4846904,1107.86
,4386,5100,train,3.2779,4848014,1107.86
,4387,5100,train,3.2429,4849120,1107.86
,4388,5100,train,3.3619,4850222,1107.86
,4389,5100,train,3.3868,4851323,1107.86
,4390,5100,train,3.2284,4852429,1107.86
,4391,5100,train,3.3066,4853543,1107.86
,4392,5100,train,3.3861,4854652,1107.86
,4393,5100,train,3.3766,4855763,1107.86
,4394,5100,train,3.3419,4856866,1107.86
,4395,5100,train,3.4023,4857975,1107.86
,4396,5100,train,3.4589,4859084,1107.86
,4397,5100,train,3.2003,4860190,1107.86
,4398,5100,train,3.3625,4861301,1107.86
,4399,5100,train,3.3255,4862409,1107.86
,4400,5100,train,3.3905,4863522,1107.86
,4401,5100,train,3.2827,4864627,1107.86
,4402,5100,train,3.3997,4865732,1107.86
,4403,5100,train,3.2837,4866842,1107.86
,4404,5100,train,3.2311,4867954,1107.86
,4405,5100,train,3.2203,4869065,1107.86
,4406,5100,train,3.3950,4870174,1107.86
,4407,5100,train,3.2884,4871282,1107.86
,4408,5100,train,3.4195,4872386,1107.86
,4409,5100,train,3.3821,4873485,1107.86
,4410,5100,train,3.3389,4874590,1107.86
,4411,5100,train,3.3320,4875700,1107.86
,4412,5100,train,3.3539,4876804,1107.86
,4413,5100,train,3.2558,4877909,1107.86
,4414,5100,train,3.4982,4879017,1107.86
,4415,5100,train,3.3714,4880152,1107.87
,4416,5100,train,3.3801,4881281,1107.87
,4417,5100,train,3.3082,4882412,1107.88
,4418,5100,train,3.4223,4883555,1107.88
,4419,5100,train,3.3111,4884692,1107.89
,4420,5100,train,3.3448,4885821,1107.90
,4421,5100,train,3.2866,4886949,1107.90
,4422,5100,train,3.2729,4888099,1107.91
,4423,5100,train,3.3090,4889236,1107.92
,4424,5100,train,3.3209,4890378,1107.92
,4425,5100,train,3.4628,4891511,1107.93
,4426,5100,train,3.2652,4892623,1107.93
,4427,5100,train,3.2431,4893726,1107.93
,4428,5100,train,3.2359,4894842,1107.93
,4429,5100,train,3.5730,4895950,1107.93
,4430,5100,train,3.2751,4897060,1107.93
,4431,5100,train,3.2877,4898164,1107.93
,4432,5100,train,3.3948,4899264,1107.93
,4433,5100,train,3.3390,4900363,1107.93
,4434,5100,train,3.3436,4901468,1107.93
,4435,5100,train,3.3056,4902573,1107.93
,4436,5100,train,3.3540,4903682,1107.93
,4437,5100,train,3.0840,4904790,1107.93
,4438,5100,train,3.2311,4905893,1107.93
,4439,5100,train,3.2783,4907000,1107.92
,4440,5100,train,3.2511,4908107,1107.92
,4441,5100,train,3.2698,4909207,1107.92
,4442,5100,train,3.4194,4910313,1107.92
,4443,5100,train,3.3648,4911421,1107.92
,4444,5100,train,3.1697,4912523,1107.92
,4445,5100,train,3.2273,4913625,1107.92
,4446,5100,train,3.0470,4914745,1107.92
,4447,5100,train,3.3089,4915848,1107.92
,4448,5100,train,3.3535,4916962,1107.92
,4449,5100,train,3.2560,4918074,1107.92
,4450,5100,train,3.3472,4919182,1107.92
,4451,5100,train,3.3243,4920290,1107.92
,4452,5100,train,3.5661,4921402,1107.92
,4453,5100,train,3.4383,4922509,1107.92
,4454,5100,train,3.2284,4923617,1107.92
,4455,5100,train,3.3420,4924723,1107.92
,4456,5100,train,3.3035,4925832,1107.92
,4457,5100,train,3.3996,4926941,1107.92
,4458,5100,train,3.5173,4928054,1107.93
,4459,5100,train,3.2269,4929185,1107.93
,4460,5100,train,3.3940,4930325,1107.94
,4461,5100,train,3.2475,4931461,1107.94
,4462,5100,train,3.3340,4932600,1107.95
,4463,5100,train,3.5321,4933733,1107.96
,4464,5100,train,3.3050,4934874,1107.96
,4465,5100,train,3.3087,4936006,1107.97
,4466,5100,train,3.3137,4937142,1107.98
,4467,5100,train,3.3918,4938273,1107.98
,4468,5100,train,3.1767,4939403,1107.99
,4469,5100,train,3.3700,4940510,1107.99
,4470,5100,train,3.3468,4941626,1107.99
,4471,5100,train,3.3034,4942728,1107.99
,4472,5100,train,3.3576,4943838,1107.99
,4473,5100,train,3.3114,4944944,1107.99
,4474,5100,train,3.3139,4946053,1107.99
,4475,5100,train,3.2840,4947171,1107.99
,4476,5100,train,3.3356,4948281,1107.99
,4477,5100,train,3.3279,4949388,1107.99
,4478,5100,train,3.2553,4950500,1107.99
,4479,5100,train,3.2150,4951605,1107.99
,4480,5100,train,3.4183,4952713,1107.99
,4481,5100,train,3.4110,4953816,1107.99
,4482,5100,train,3.2557,4954917,1107.99
,4483,5100,train,3.1629,4956023,1107.99
,4484,5100,train,4.1666,4957126,1107.99
,4485,5100,train,3.3434,4958238,1107.99
,4486,5100,train,3.2874,4959337,1107.98
,4487,5100,train,3.3777,4960437,1107.98
,4488,5100,train,3.3304,4961536,1107.98
,4489,5100,train,3.2909,4962644,1107.98
,4490,5100,train,3.2752,4963751,1107.98
,4491,5100,train,3.3276,4964894,1107.99
,4492,5100,train,3.3651,4966000,1107.99
,4493,5100,train,3.3821,4967104,1107.99
,4494,5100,train,3.2589,4968215,1107.99
,4495,5100,train,3.4177,4969322,1107.99
,4496,5100,train,3.3073,4970424,1107.99
,4497,5100,train,3.2899,4971538,1107.99
,4498,5100,train,3.3193,4972644,1107.99
,4499,5100,train,3.2595,4973767,1107.99
,4500,5100,train,3.2519,4974893,1107.99
,4500,5100,val,3.3356,4974894,1107.99
,4501,5100,train,3.3617,4976024,1108.00
,4502,5100,train,3.2444,4977156,1108.00
,4503,5100,train,3.3416,4978281,1108.01
,4504,5100,train,3.4525,4979410,1108.01
,4505,5100,train,3.2488,4980551,1108.02
,4506,5100,train,3.3857,4981675,1108.02
,4507,5100,train,2.9930,4982823,1108.03
,4508,5100,train,3.3179,4983940,1108.03
,4509,5100,train,3.2576,4985057,1108.04
,4510,5100,train,3.2998,4986167,1108.04
,4511,5100,train,3.4832,4987275,1108.04
,4512,5100,train,3.2235,4988387,1108.04
,4513,5100,train,3.3267,4989492,1108.04
,4514,5100,train,3.3652,4990619,1108.04
,4515,5100,train,3.3930,4991737,1108.04
,4516,5100,train,3.3937,4992855,1108.05
,4517,5100,train,3.3963,4993980,1108.05
,4518,5100,train,3.2384,4995087,1108.05
,4519,5100,train,3.3752,4996202,1108.05
,4520,5100,train,3.2135,4997320,1108.05
,4521,5100,train,3.2877,4998441,1108.06
,4522,5100,train,3.3141,4999549,1108.06
,4523,5100,train,3.2275,5000661,1108.06
,4524,5100,train,3.3728,5001777,1108.06
,4525,5100,train,3.3738,5002891,1108.06
,4526,5100,train,3.1963,5003997,1108.06
,4527,5100,train,3.3437,5005120,1108.06
,4528,5100,train,3.3654,5006231,1108.06
,4529,5100,train,3.1228,5007344,1108.06
,4530,5100,train,3.1959,5008456,1108.07
,4531,5100,train,3.3227,5009566,1108.07
,4532,5100,train,3.3885,5010674,1108.07
,4533,5100,train,3.3968,5011780,1108.07
,4534,5100,train,3.5315,5012891,1108.07
,4535,5100,train,3.3646,5013998,1108.07
,4536,5100,train,3.3181,5015107,1108.07
,4537,5100,train,3.3777,5016220,1108.07
,4538,5100,train,3.3329,5017328,1108.07
,4539,5100,train,3.4411,5018456,1108.07
,4540,5100,train,3.5332,5019586,1108.08
,4541,5100,train,3.3497,5020727,1108.08
,4542,5100,train,3.2998,5021862,1108.09
,4543,5100,train,3.4354,5022989,1108.09
,4544,5100,train,3.2886,5024125,1108.10
,4545,5100,train,3.2530,5025253,1108.10
,4546,5100,train,3.2060,5026396,1108.11
,4547,5100,train,3.3168,5027533,1108.12
,4548,5100,train,3.1213,5028670,1108.12
,4549,5100,train,3.5601,5029809,1108.13
,4550,5100,train,3.7402,5030937,1108.14
,4551,5100,train,3.2085,5032063,1108.14
,4552,5100,train,3.2705,5033169,1108.14
,4553,5100,train,3.2303,5034277,1108.14
,4554,5100,train,3.3061,5035394,1108.14
,4555,5100,train,3.4705,5036504,1108.14
,4556,5100,train,3.1628,5037613,1108.14
,4557,5100,train,3.2988,5038723,1108.14
,4558,5100,train,3.3235,5039834,1108.14
,4559,5100,train,3.3426,5040946,1108.14
,4560,5100,train,3.1422,5042051,1108.14
,4561,5100,train,3.3542,5043158,1108.14
,4562,5100,train,3.2249,5044272,1108.14
,4563,5100,train,3.1399,5045382,1108.14
,4564,5100,train,3.2349,5046494,1108.15
,4565,5100,train,3.2354,5047601,1108.15
,4566,5100,train,3.3350,5048714,1108.15
,4567,5100,train,3.3497,5049827,1108.15
,4568,5100,train,3.3084,5050942,1108.15
,4569,5100,train,3.1387,5052054,1108.15
,4570,5100,train,3.2294,5053162,1108.15
,4571,5100,train,3.2754,5054274,1108.15
,4572,5100,train,3.2577,5055386,1108.15
,4573,5100,train,3.4724,5056498,1108.15
,4574,5100,train,3.1729,5057594,1108.15
,4575,5100,train,3.3470,5058860,1108.18
,4576,5100,train,3.4360,5059967,1108.18
,4577,5100,train,3.4458,5061076,1108.18
,4578,5100,train,3.2780,5062184,1108.18
,4579,5100,train,3.3556,5063290,1108.18
,4580,5100,train,3.3755,5064424,1108.19
,4581,5100,train,3.3029,5065554,1108.19
,4582,5100,train,3.2643,5066681,1108.20
,4583,5100,train,3.2825,5067815,1108.20
,4584,5100,train,3.2430,5068953,1108.21
,4585,5100,train,3.2397,5070087,1108.22
,4586,5100,train,3.1285,5071212,1108.22
,4587,5100,train,3.5691,5072351,1108.23
,4588,5100,train,3.3579,5073477,1108.23
,4589,5100,train,3.3794,5074612,1108.24
,4590,5100,train,3.2980,5075759,1108.24
,4591,5100,train,3.4464,5076882,1108.25
,4592,5100,train,3.3648,5077992,1108.25
,4593,5100,train,3.3427,5079109,1108.25
,4594,5100,train,3.1946,5080215,1108.25
,4595,5100,train,3.3102,5081321,1108.25
,4596,5100,train,3.1765,5082432,1108.25
,4597,5100,train,3.3828,5083537,1108.25
,4598,5100,train,3.3737,5084653,1108.25
,4599,5100,train,3.1992,5085758,1108.25
,4600,5100,train,3.3240,5086869,1108.25
,4601,5100,train,3.3708,5087977,1108.25
,4602,5100,train,3.2590,5089106,1108.25
,4603,5100,train,3.3503,5090216,1108.26
,4604,5100,train,3.2018,5091321,1108.25
,4605,5100,train,3.3268,5092426,1108.25
,4606,5100,train,3.1453,5093535,1108.25
,4607,5100,train,3.3437,5094644,1108.25
,4608,5100,train,3.4296,5095752,1108.25
,4609,5100,train,3.2906,5096861,1108.25
,4610,5100,train,3.2819,5097968,1108.25
,4611,5100,train,3.3095,5099076,1108.25
,4612,5100,train,3.1857,5100179,1108.25
,4613,5100,train,3.2433,5101292,1108.25
,4614,5100,train,3.2338,5102393,1108.25
,4615,5100,train,3.2383,5103500,1108.25
,4616,5100,train,3.2414,5104604,1108.25
,4617,5100,train,3.3829,5105716,1108.25
,4618,5100,train,3.2912,5106824,1108.25
,4619,5100,train,3.1855,5107931,1108.25
,4620,5100,train,3.2540,5109040,1108.25
,4621,5100,train,3.3029,5110172,1108.26
,4622,5100,train,3.2613,5111307,1108.26
,4623,5100,train,3.1914,5112439,1108.27
,4624,5100,train,3.3141,5113558,1108.27
,4625,5100,train,3.4581,5114693,1108.28
,4625,5100,val,3.3250,5114694,1108.28
,4626,5100,train,3.2863,5115804,1108.28
,4627,5100,train,3.7649,5116911,1108.28
,4628,5100,train,3.2364,5118019,1108.28
,4629,5100,train,3.1433,5119124,1108.28
,4630,5100,train,3.0980,5120229,1108.27
,4631,5100,train,3.2851,5121337,1108.27
,4632,5100,train,3.1246,5122443,1108.27
,4633,5100,train,3.2584,5123553,1108.27
,4634,5100,train,3.2318,5124665,1108.28
,4635,5100,train,3.1429,5125768,1108.27
,4636,5100,train,3.1226,5126872,1108.27
,4637,5100,train,3.2788,5127976,1108.27
,4638,5100,train,3.4329,5129083,1108.27
,4639,5100,train,3.4267,5130187,1108.27
,4640,5100,train,3.4105,5131298,1108.27
,4641,5100,train,3.1189,5132410,1108.27
,4642,5100,train,3.2576,5133514,1108.27
,4643,5100,train,3.1873,5134627,1108.27
,4644,5100,train,3.2302,5135731,1108.27
,4645,5100,train,3.3285,5136839,1108.27
,4646,5100,train,3.1459,5137944,1108.27
,4647,5100,train,3.2545,5139051,1108.27
,4648,5100,train,3.2496,5140152,1108.27
,4649,5100,train,3.2412,5141255,1108.27
,4650,5100,train,3.4143,5142359,1108.27
,4651,5100,train,3.2306,5143478,1108.27
,4652,5100,train,3.1917,5144584,1108.27
,4653,5100,train,3.2413,5145691,1108.27
,4654,5100,train,3.3742,5146799,1108.27
,4655,5100,train,3.3118,5147922,1108.27
,4656,5100,train,3.2981,5149046,1108.28
,4657,5100,train,3.4741,5150183,1108.28
,4658,5100,train,3.5146,5151320,1108.29
,4659,5100,train,3.2108,5152456,1108.29
,4660,5100,train,3.2808,5153585,1108.30
,4661,5100,train,3.4856,5154711,1108.30
,4662,5100,train,3.2502,5155844,1108.31
,4663,5100,train,3.1402,5156978,1108.31
,4664,5100,train,3.0693,5158108,1108.32
,4665,5100,train,3.2926,5159253,1108.33
,4666,5100,train,3.2054,5160364,1108.33
,4667,5100,train,3.2339,5161473,1108.33
,4668,5100,train,3.1587,5162585,1108.33
,4669,5100,train,3.1384,5163694,1108.33
,4670,5100,train,3.3148,5164804,1108.33
,4671,5100,train,3.3065,5165910,1108.33
,4672,5100,train,3.2353,5167022,1108.33
,4673,5100,train,3.1987,5168130,1108.33
,4674,5100,train,3.3297,5169235,1108.33
,4675,5100,train,3.1435,5170345,1108.33
,4676,5100,train,3.3450,5171453,1108.33
,4677,5100,train,3.4505,5172565,1108.33
,4678,5100,train,3.2157,5173673,1108.33
,4679,5100,train,3.2290,5174783,1108.33
,4680,5100,train,3.3359,5175886,1108.33
,4681,5100,train,3.2795,5176998,1108.33
,4682,5100,train,3.2889,5178108,1108.33
,4683,5100,train,3.2748,5179214,1108.33
,4684,5100,train,3.2752,5180322,1108.33
,4685,5100,train,3.2080,5181428,1108.33
,4686,5100,train,3.1951,5182534,1108.33
,4687,5100,train,3.2726,5183644,1108.33
,4688,5100,train,3.3064,5184747,1108.33
,4689,5100,train,3.3485,5185855,1108.33
,4690,5100,train,3.1870,5186966,1108.33
,4691,5100,train,3.1997,5188069,1108.33
,4692,5100,train,3.4469,5189175,1108.32
,4693,5100,train,3.3573,5190286,1108.33
,4694,5100,train,3.2939,5191396,1108.33
,4695,5100,train,3.3233,5192512,1108.33
,4696,5100,train,3.4354,5193621,1108.33
,4697,5100,train,3.3163,5194733,1108.33
,4698,5100,train,3.4846,5195841,1108.33
,4699,5100,train,3.2127,5196963,1108.33
,4700,5100,train,3.1399,5198094,1108.34
,4701,5100,train,3.3425,5199220,1108.34
,4702,5100,train,3.2649,5200344,1108.34
,4703,5100,train,3.2083,5201468,1108.35
,4704,5100,train,3.2572,5202590,1108.35
,4705,5100,train,3.4587,5203740,1108.36
,4706,5100,train,3.2701,5204865,1108.36
,4707,5100,train,3.2595,5205989,1108.36
,4708,5100,train,3.3589,5207089,1108.36
,4709,5100,train,3.2933,5208189,1108.36
,4710,5100,train,3.1857,5209292,1108.36
,4711,5100,train,3.3356,5210393,1108.36
,4712,5100,train,3.2414,5211499,1108.36
,4713,5100,train,3.1956,5212601,1108.36
,4714,5100,train,3.4322,5213705,1108.36
,4715,5100,train,3.3067,5214807,1108.35
,4716,5100,train,3.3651,5215910,1108.35
,4717,5100,train,3.1959,5217019,1108.35
,4718,5100,train,3.2832,5218118,1108.35
,4719,5100,train,3.1715,5219223,1108.35
,4720,5100,train,3.3678,5220327,1108.35
,4721,5100,train,3.4252,5221438,1108.35
,4722,5100,train,3.2213,5222541,1108.35
,4723,5100,train,3.1963,5223647,1108.35
,4724,5100,train,3.3496,5224754,1108.35
,4725,5100,train,3.1482,5225859,1108.35
,4726,5100,train,3.3963,5226963,1108.35
,4727,5100,train,3.4976,5228063,1108.34
,4728,5100,train,3.3324,5229164,1108.34
,4729,5100,train,3.2331,5230264,1108.34
,4730,5100,train,3.3542,5231362,1108.34
,4731,5100,train,3.2458,5232463,1108.34
,4732,5100,train,3.2332,5233563,1108.34
,4733,5100,train,3.3955,5234661,1108.33
,4734,5100,train,3.1588,5235762,1108.33
,4735,5100,train,3.3874,5236864,1108.33
,4736,5100,train,3.2082,5237967,1108.33
,4737,5100,train,3.2186,5239073,1108.33
,4738,5100,train,3.3047,5240196,1108.33
,4739,5100,train,3.2602,5241314,1108.33
,4740,5100,train,3.3212,5242435,1108.34
,4741,5100,train,3.2903,5243555,1108.34
,4742,5100,train,3.2556,5244672,1108.34
,4743,5100,train,3.2947,5245788,1108.34
,4744,5100,train,3.5672,5246902,1108.34
,4745,5100,train,3.2283,5248015,1108.35
,4746,5100,train,3.2474,5249119,1108.34
,4747,5100,train,3.2249,5250222,1108.34
,4748,5100,train,3.1331,5251321,1108.34
,4749,5100,train,3.2162,5252421,1108.34
,4750,5100,train,3.2227,5253522,1108.34
,4750,5100,val,3.3145,5253523,1108.34
,4751,5100,train,3.4015,5254629,1108.34
,4752,5100,train,3.3426,5255728,1108.34
,4753,5100,train,3.1953,5256833,1108.34
,4754,5100,train,3.3732,5257936,1108.33
,4755,5100,train,3.4376,5259029,1108.33
,4756,5100,train,3.3436,5260124,1108.33
,4757,5100,train,3.0573,5261219,1108.32
,4758,5100,train,3.2524,5262316,1108.32
,4759,5100,train,3.3948,5263414,1108.32
,4760,5100,train,3.2090,5264507,1108.32
,4761,5100,train,3.2654,5265604,1108.31
,4762,5100,train,3.2530,5266700,1108.31
,4763,5100,train,3.2077,5267797,1108.31
,4764,5100,train,3.5821,5268898,1108.31
,4765,5100,train,3.2163,5269995,1108.31
,4766,5100,train,3.4909,5271188,1108.32
,4767,5100,train,3.3096,5272280,1108.32
,4768,5100,train,3.2544,5273380,1108.32
,4769,5100,train,3.4157,5274477,1108.32
,4770,5100,train,3.4199,5275580,1108.32
,4771,5100,train,3.2288,5276693,1108.32
,4772,5100,train,3.2906,5277800,1108.32
,4773,5100,train,3.4176,5278910,1108.32
,4774,5100,train,3.6022,5280017,1108.32
,4775,5100,train,3.2746,5281129,1108.32
,4776,5100,train,3.3010,5282242,1108.32
,4777,5100,train,3.3598,5283355,1108.32
,4778,5100,train,3.4202,5284465,1108.32
,4779,5100,train,3.2817,5285562,1108.32
,4780,5100,train,3.1680,5286661,1108.31
,4781,5100,train,3.2345,5287760,1108.31
,4782,5100,train,3.2614,5288860,1108.31
,4783,5100,train,3.2794,5289959,1108.31
,4784,5100,train,3.4971,5291057,1108.31
,4785,5100,train,3.2390,5292157,1108.31
,4786,5100,train,3.3182,5293257,1108.30
,4787,5100,train,3.3583,5294356,1108.30
,4788,5100,train,3.1434,5295452,1108.30
,4789,5100,train,3.2600,5296552,1108.30
,4790,5100,train,3.2468,5297648,1108.29
,4791,5100,train,3.2319,5298740,1108.29
,4792,5100,train,3.2166,5299838,1108.29
,4793,5100,train,3.3185,5300937,1108.29
,4794,5100,train,3.0967,5302031,1108.28
,4795,5100,train,3.3974,5303125,1108.28
,4796,5100,train,3.3354,5304219,1108.28
,4797,5100,train,3.2113,5305315,1108.28
,4798,5100,train,3.3908,5306408,1108.27
,4799,5100,train,3.2235,5307499,1108.27
,4800,5100,train,3.2505,5308593,1108.27
,4801,5100,train,3.2570,5309693,1108.26
,4802,5100,train,3.1476,5310796,1108.26
,4803,5100,train,3.4159,5311895,1108.26
,4804,5100,train,3.2292,5312995,1108.26
,4805,5100,train,3.2229,5314097,1108.26
,4806,5100,train,3.1131,5315197,1108.26
,4807,5100,train,3.2366,5316299,1108.26
,4808,5100,train,3.3203,5317399,1108.25
,4809,5100,train,3.5619,5318521,1108.26
,4810,5100,train,3.2180,5319636,1108.26
,4811,5100,train,3.3006,5320756,1108.26
,4812,5100,train,3.1980,5321878,1108.26
,4813,5100,train,3.2383,5322993,1108.26
,4814,5100,train,3.2048,5324105,1108.27
,4815,5100,train,3.1269,5325223,1108.27
,4816,5100,train,3.4611,5326333,1108.27
,4817,5100,train,3.2726,5327434,1108.27
,4818,5100,train,3.3081,5328531,1108.26
,4819,5100,train,3.1621,5329629,1108.26
,4820,5100,train,3.4356,5330723,1108.26
,4821,5100,train,3.2006,5331819,1108.26
,4822,5100,train,3.2830,5332917,1108.25
,4823,5100,train,3.1745,5334011,1108.25
,4824,5100,train,3.4609,5335106,1108.25
,4825,5100,train,3.4267,5336198,1108.24
,4826,5100,train,3.3975,5337310,1108.25
,4827,5100,train,3.2611,5338407,1108.24
,4828,5100,train,3.4709,5339504,1108.24
,4829,5100,train,3.2733,5340602,1108.24
,4830,5100,train,3.2632,5341699,1108.24
,4831,5100,train,3.2333,5342799,1108.23
,4832,5100,train,3.2944,5343900,1108.23
,4833,5100,train,3.2938,5344999,1108.23
,4834,5100,train,3.1650,5346099,1108.23
,4835,5100,train,3.1715,5347198,1108.23
,4836,5100,train,3.2346,5348296,1108.23
,4837,5100,train,3.4398,5349396,1108.22
,4838,5100,train,3.1563,5350498,1108.22
,4839,5100,train,3.1890,5351601,1108.22
,4840,5100,train,3.2223,5352697,1108.22
,4841,5100,train,3.3667,5353798,1108.22
,4842,5100,train,3.2706,5354897,1108.22
,4843,5100,train,3.2871,5355999,1108.21
,4844,5100,train,3.1197,5357098,1108.21
,4845,5100,train,3.3032,5358198,1108.21
,4846,5100,train,3.2036,5359298,1108.21
,4847,5100,train,3.2629,5360412,1108.21
,4848,5100,train,3.2490,5361530,1108.21
,4849,5100,train,3.2268,5362644,1108.21
,4850,5100,train,3.5204,5363757,1108.21
,4851,5100,train,3.2749,5364875,1108.22
,4852,5100,train,3.1153,5365994,1108.22
,4853,5100,train,3.3274,5367111,1108.22
,4854,5100,train,3.2236,5368216,1108.22
,4855,5100,train,3.1547,5369314,1108.22
,4856,5100,train,3.2845,5370416,1108.22
,4857,5100,train,3.2125,5371518,1108.21
,4858,5100,train,3.2971,5372620,1108.21
,4859,5100,train,3.2002,5373717,1108.21
,4860,5100,train,3.2528,5374820,1108.21
,4861,5100,train,3.1169,5375919,1108.21
,4862,5100,train,3.2304,5377017,1108.21
,4863,5100,train,3.2574,5378117,1108.20
,4864,5100,train,3.3623,5379217,1108.20
,4865,5100,train,3.1674,5380318,1108.20
,4866,5100,train,3.1652,5381415,1108.20
,4867,5100,train,2.9799,5382518,1108.20
,4868,5100,train,3.2531,5383618,1108.20
,4869,5100,train,3.1812,5384718,1108.19
,4870,5100,train,3.2257,5385819,1108.19
,4871,5100,train,3.0768,5386918,1108.19
,4872,5100,train,3.2044,5388018,1108.19
,4873,5100,train,3.1970,5389120,1108.19
,4874,5100,train,3.1897,5390218,1108.19
,4875,5100,train,3.0769,5391317,1108.18
,4875,5100,val,3.3043,5391317,1108.18
,4876,5100,train,3.2068,5392424,1108.18
,4877,5100,train,3.0303,5393526,1108.18
,4878,5100,train,3.0949,5394639,1108.18
,4879,5100,train,3.3382,5395749,1108.18
,4880,5100,train,3.2237,5396859,1108.18
,4881,5100,train,3.4809,5397970,1108.19
,4882,5100,train,3.3203,5399089,1108.19
,4883,5100,train,2.9873,5400207,1108.19
,4884,5100,train,3.2302,5401326,1108.19
,4885,5100,train,3.3568,5402444,1108.19
,4886,5100,train,3.3591,5403561,1108.20
,4887,5100,train,3.1824,5404677,1108.20
,4888,5100,train,3.2076,5405799,1108.20
,4889,5100,train,3.2957,5406917,1108.20
,4890,5100,train,3.4085,5408036,1108.20
,4891,5100,train,3.2210,5409147,1108.20
,4892,5100,train,3.1783,5410257,1108.21
,4893,5100,train,3.3900,5411366,1108.21
,4894,5100,train,3.4864,5412486,1108.21
,4895,5100,train,3.1009,5413596,1108.21
,4896,5100,train,3.2825,5414705,1108.21
,4897,5100,train,3.1760,5415818,1108.21
,4898,5100,train,3.2926,5416927,1108.21
,4899,5100,train,3.2475,5418038,1108.21
,4900,5100,train,3.0673,5419166,1108.21
,4901,5100,train,3.3546,5420269,1108.21
,4902,5100,train,3.1885,5421384,1108.21
,4903,5100,train,3.3545,5422493,1108.21
,4904,5100,train,3.2813,5423606,1108.22
,4905,5100,train,2.7919,5424714,1108.22
,4906,5100,train,3.1921,5425825,1108.22
,4907,5100,train,3.2624,5426929,1108.22
,4908,5100,train,3.3116,5428041,1108.22
,4909,5100,train,3.2509,5429144,1108.21
,4910,5100,train,3.3311,5430260,1108.22
,4911,5100,train,3.2953,5431364,1108.22
,4912,5100,train,3.3612,5432470,1108.22
,4913,5100,train,3.1836,5433579,1108.22
,4914,5100,train,3.4251,5434686,1108.21
,4915,5100,train,3.2112,5435800,1108.22
,4916,5100,train,3.0923,5436918,1108.22
,4917,5100,train,3.2821,5438026,1108.22
,4918,5100,train,3.1898,5439139,1108.22
,4919,5100,train,3.2883,5440246,1108.22
,4920,5100,train,3.1489,5441351,1108.22
,4921,5100,train,3.3067,5442473,1108.22
,4922,5100,train,3.3603,5443603,1108.23
,4923,5100,train,3.2100,5444730,1108.23
,4924,5100,train,3.1776,5445869,1108.24
,4925,5100,train,3.2201,5447005,1108.24
,4926,5100,train,3.0469,5448144,1108.25
,4927,5100,train,3.1821,5449271,1108.25
,4928,5100,train,3.2456,5450406,1108.26
,4929,5100,train,3.0740,5451541,1108.26
,4930,5100,train,3.2238,5452670,1108.27
,4931,5100,train,3.2571,5453807,1108.27
,4932,5100,train,3.2287,5454943,1108.28
,4933,5100,train,3.2215,5456051,1108.28
,4934,5100,train,3.0627,5457164,1108.28
,4935,5100,train,3.3127,5458268,1108.28
,4936,5100,train,2.8609,5459379,1108.28
,4937,5100,train,3.1509,5460490,1108.28
,4938,5100,train,3.1799,5461611,1108.28
,4939,5100,train,3.3038,5462727,1108.28
,4940,5100,train,3.1423,5463837,1108.28
,4941,5100,train,3.3247,5464943,1108.28
,4942,5100,train,3.2268,5466053,1108.28
,4943,5100,train,3.1549,5467162,1108.28
,4944,5100,train,3.1270,5468267,1108.28
,4945,5100,train,3.2847,5469375,1108.28
,4946,5100,train,3.2831,5470484,1108.28
,4947,5100,train,3.2142,5471592,1108.28
,4948,5100,train,3.2138,5472702,1108.28
,4949,5100,train,3.5712,5473809,1108.28
,4950,5100,train,3.2242,5474917,1108.28
,4951,5100,train,3.3535,5476029,1108.28
,4952,5100,train,3.2372,5477144,1108.28
,4953,5100,train,3.1554,5478248,1108.28
,4954,5100,train,3.0828,5479359,1108.28
,4955,5100,train,3.0809,5480465,1108.28
,4956,5100,train,3.0789,5481574,1108.28
,4957,5100,train,3.2593,5482797,1108.31
,4958,5100,train,3.2526,5483904,1108.31
,4959,5100,train,3.3126,5485014,1108.31
,4960,5100,train,3.2030,5486121,1108.31
,4961,5100,train,3.1749,5487227,1108.31
,4962,5100,train,3.2118,5488356,1108.31
,4963,5100,train,3.2267,5489488,1108.32
,4964,5100,train,3.2348,5490622,1108.32
,4965,5100,train,3.1901,5491763,1108.33
,4966,5100,train,3.3682,5492894,1108.33
,4967,5100,train,3.1367,5494029,1108.34
,4968,5100,train,3.2777,5495164,1108.34
,4969,5100,train,3.2086,5496293,1108.35
,4970,5100,train,3.1101,5497428,1108.35
,4971,5100,train,3.1061,5498565,1108.36
,4972,5100,train,3.1603,5499704,1108.36
,4973,5100,train,3.1545,5500812,1108.36
,4974,5100,train,3.1076,5501922,1108.36
,4975,5100,train,3.3480,5503027,1108.36
,4976,5100,train,3.1748,5504142,1108.37
,4977,5100,train,3.0860,5505251,1108.37
,4978,5100,train,3.2251,5506363,1108.37
,4979,5100,train,3.2299,5507465,1108.36
,4980,5100,train,3.0342,5508576,1108.37
,4981,5100,train,3.3950,5509684,1108.37
,4982,5100,train,3.3633,5510791,1108.37
,4983,5100,train,3.2347,5511906,1108.37
,4984,5100,train,3.3843,5513016,1108.37
,4985,5100,train,3.2829,5514125,1108.37
,4986,5100,train,3.2266,5515229,1108.37
,4987,5100,train,3.3566,5516338,1108.37
,4988,5100,train,3.3305,5517446,1108.37
,4989,5100,train,3.2100,5518557,1108.37
,4990,5100,train,3.1820,5519667,1108.37
,4991,5100,train,3.2113,5520770,1108.37
,4992,5100,train,3.2035,5521881,1108.37
,4993,5100,train,3.2313,5522985,1108.37
,4994,5100,train,3.2333,5524093,1108.37
,4995,5100,train,3.2802,5525203,1108.37
,4996,5100,train,3.2138,5526308,1108.37
,4997,5100,train,3.2924,5527411,1108.36
,4998,5100,train,3.1900,5528524,1108.36
,4999,5100,train,3.3088,5529632,1108.36
,5000,5100,train,3.1634,5530742,1108.37
,5000,5100,val,3.2960,5530743,1108.37
,5001,5100,train,3.1474,5531888,1108.37
,5002,5100,train,3.1042,5533028,1108.38
,5003,5100,train,3.1051,5534192,1108.39
,5004,5100,train,3.1558,5535327,1108.40
,5005,5100,train,3.2306,5536461,1108.40
,5006,5100,train,3.0155,5537593,1108.41
,5007,5100,train,3.2231,5538699,1108.40
,5008,5100,train,3.2215,5539809,1108.41
,5009,5100,train,3.1948,5540914,1108.40
,5010,5100,train,3.2328,5542021,1108.40
,5011,5100,train,3.2245,5543131,1108.40
,5012,5100,train,3.1827,5544247,1108.41
,5013,5100,train,3.4165,5545348,1108.40
,5014,5100,train,3.2479,5546449,1108.40
,5015,5100,train,3.3066,5547562,1108.40
,5016,5100,train,3.0422,5548670,1108.40
,5017,5100,train,3.1934,5549778,1108.40
,5018,5100,train,3.1429,5550887,1108.40
,5019,5100,train,3.2752,5551988,1108.40
,5020,5100,train,3.2037,5553093,1108.40
,5021,5100,train,3.1558,5554208,1108.40
,5022,5100,train,3.2125,5555313,1108.40
,5023,5100,train,3.2230,5556426,1108.40
,5024,5100,train,3.0664,5557532,1108.40
,5025,5100,train,3.1504,5558635,1108.40
,5026,5100,train,3.5130,5559742,1108.40
,5027,5100,train,3.1352,5560848,1108.40
,5028,5100,train,3.1193,5561949,1108.40
,5029,5100,train,3.2712,5563057,1108.40
,5030,5100,train,3.1771,5564168,1108.40
,5031,5100,train,3.0551,5565271,1108.40
,5032,5100,train,3.1889,5566373,1108.40
,5033,5100,train,3.2146,5567482,1108.40
,5034,5100,train,3.2495,5568588,1108.40
,5035,5100,train,3.1930,5569696,1108.40
,5036,5100,train,3.1038,5570820,1108.40
,5037,5100,train,3.2397,5571942,1108.40
,5038,5100,train,3.0653,5573065,1108.41
,5039,5100,train,3.2513,5574200,1108.41
,5040,5100,train,3.1055,5575325,1108.41
,5041,5100,train,3.2078,5576458,1108.42
,5042,5100,train,3.2178,5577597,1108.43
,5043,5100,train,3.0927,5578724,1108.43
,5044,5100,train,3.2196,5579849,1108.43
,5045,5100,train,3.2004,5580984,1108.44
,5046,5100,train,3.0371,5582091,1108.44
,5047,5100,train,3.3183,5583203,1108.44
,5048,5100,train,3.2821,5584307,1108.44
,5049,5100,train,3.2417,5585414,1108.44
,5050,5100,train,3.1906,5586522,1108.44
,5051,5100,train,3.3318,5587629,1108.44
,5052,5100,train,3.2923,5588739,1108.44
,5053,5100,train,3.2115,5589841,1108.44
,5054,5100,train,3.4557,5590942,1108.43
,5055,5100,train,3.1571,5592047,1108.43
,5056,5100,train,3.4467,5593150,1108.43
,5057,5100,train,3.1967,5594254,1108.43
,5058,5100,train,3.2815,5595367,1108.43
,5059,5100,train,3.3177,5596477,1108.43
,5060,5100,train,3.3291,5597584,1108.43
,5061,5100,train,3.1563,5598687,1108.43
,5062,5100,train,3.2342,5599787,1108.43
,5063,5100,train,3.2022,5600887,1108.43
,5064,5100,train,3.1026,5601992,1108.43
,5065,5100,train,3.2129,5603097,1108.43
,5066,5100,train,3.2165,5604205,1108.43
,5067,5100,train,3.2222,5605311,1108.43
,5068,5100,train,3.2716,5606418,1108.43
,5069,5100,train,3.5611,5607524,1108.43
,5070,5100,train,3.1916,5608626,1108.42
,5071,5100,train,3.1611,5609726,1108.42
,5072,5100,train,3.2016,5610826,1108.42
,5073,5100,train,3.2848,5611929,1108.42
,5074,5100,train,3.2546,5613032,1108.42
,5075,5100,train,3.2328,5614140,1108.42
,5076,5100,train,3.1602,5615247,1108.42
,5077,5100,train,3.1327,5616387,1108.42
,5078,5100,train,3.2717,5617518,1108.43
,5079,5100,train,3.1212,5618655,1108.43
,5080,5100,train,3.2562,5619791,1108.44
,5081,5100,train,3.3174,5620923,1108.44
,5082,5100,train,3.1617,5622048,1108.45
,5083,5100,train,3.2803,5623175,1108.45
,5084,5100,train,3.2184,5624297,1108.45
,5085,5100,train,3.2024,5625424,1108.46
,5086,5100,train,3.2981,5626527,1108.46
,5087,5100,train,3.1007,5627627,1108.46
,5088,5100,train,2.9313,5628727,1108.45
,5089,5100,train,3.2377,5629824,1108.45
,5090,5100,train,3.2374,5630926,1108.45
,5091,5100,train,3.2098,5632030,1108.45
,5092,5100,train,3.4755,5633138,1108.45
,5093,5100,train,3.2998,5634245,1108.45
,5094,5100,train,3.2783,5635348,1108.45
,5095,5100,train,3.2400,5636449,1108.45
,5096,5100,train,3.2723,5637546,1108.44
,5097,5100,train,3.1017,5638649,1108.44
,5098,5100,train,3.2642,5639751,1108.44
,5099,5100,train,3.0585,5640862,1108.44
,5100,5100,train,3.2236,5641969,1108.44
,5100,5100,val,3.2926,5641970,1108.44
