experiment,step,total_steps,split,loss,train_time_ms,step_avg_ms
lazy_sched,0,5100,val,16.0292,223,
lazy_sched,1,5100,train,16.0259,45795,
lazy_sched,2,5100,train,9.6598,46909,
lazy_sched,3,5100,train,8.6163,48026,
lazy_sched,4,5100,train,8.2950,49147,
lazy_sched,5,5100,train,7.8753,50268,
lazy_sched,6,5100,train,7.6033,51387,
lazy_sched,7,5100,train,7.4308,52507,
lazy_sched,8,5100,train,7.3038,53628,
lazy_sched,9,5100,train,7.0950,54749,
lazy_sched,10,5100,train,7.4944,55878,
lazy_sched,11,5100,train,6.8812,1136,
lazy_sched,12,5100,train,6.9495,2268,
lazy_sched,13,5100,train,6.9598,3402,1134.02
lazy_sched,14,5100,train,6.6780,4538,1134.60
lazy_sched,15,5100,train,6.7606,5679,1135.79
lazy_sched,16,5100,train,6.7398,6811,1135.22
lazy_sched,17,5100,train,6.5890,7939,1134.13
lazy_sched,18,5100,train,6.5354,9070,1133.75
lazy_sched,19,5100,train,6.3998,10202,1133.51
lazy_sched,20,5100,train,6.4526,11327,1132.74
lazy_sched,21,5100,train,6.5701,12448,1131.66
lazy_sched,22,5100,train,6.5109,13569,1130.73
lazy_sched,23,5100,train,6.2166,14689,1129.93
lazy_sched,24,5100,train,6.1794,15808,1129.15
lazy_sched,25,5100,train,6.2621,16931,1128.75
lazy_sched,26,5100,train,6.2260,18063,1128.94
lazy_sched,27,5100,train,6.3472,19188,1128.73
lazy_sched,28,5100,train,6.2183,20309,1128.30
lazy_sched,29,5100,train,6.1991,21430,1127.90
lazy_sched,30,5100,train,6.1298,22554,1127.69
lazy_sched,31,5100,train,6.1250,23685,1127.87
lazy_sched,32,5100,train,6.2293,24808,1127.63
lazy_sched,33,5100,train,6.1294,25930,1127.40
lazy_sched,34,5100,train,5.9960,27050,1127.09
lazy_sched,35,5100,train,5.9951,28174,1126.97
lazy_sched,36,5100,train,6.0556,29305,1127.12
lazy_sched,37,5100,train,5.7665,30427,1126.92
lazy_sched,38,5100,train,6.1191,31548,1126.72
lazy_sched,39,5100,train,6.0592,32668,1126.49
lazy_sched,40,5100,train,6.0480,33792,1126.41
lazy_sched,41,5100,train,5.8834,34923,1126.54
lazy_sched,42,5100,train,6.0664,36046,1126.45
lazy_sched,43,5100,train,5.9612,37169,1126.33
lazy_sched,44,5100,train,5.8380,38287,1126.10
lazy_sched,45,5100,train,5.7840,39422,1126.33
lazy_sched,46,5100,train,5.9259,40547,1126.30
lazy_sched,47,5100,train,5.8918,41668,1126.16
lazy_sched,48,5100,train,5.7505,42789,1126.03
lazy_sched,49,5100,train,5.7437,43927,1126.33
lazy_sched,50,5100,train,5.7496,45062,1126.56
lazy_sched,51,5100,train,5.8020,46204,1126.92
lazy_sched,52,5100,train,5.8165,47341,1127.17
lazy_sched,53,5100,train,5.9328,48480,1127.45
lazy_sched,54,5100,train,5.6295,49622,1127.76
lazy_sched,55,5100,train,5.6909,50762,1128.03
lazy_sched,56,5100,train,5.7052,51900,1128.27
lazy_sched,57,5100,train,5.7168,53027,1128.22
lazy_sched,58,5100,train,5.5143,54149,1128.11
lazy_sched,59,5100,train,5.7028,55271,1127.97
lazy_sched,60,5100,train,5.6939,56394,1127.88
lazy_sched,61,5100,train,5.6380,57526,1127.96
lazy_sched,62,5100,train,5.7857,58649,1127.86
lazy_sched,63,5100,train,5.6032,59769,1127.72
lazy_sched,64,5100,train,5.7219,60891,1127.61
lazy_sched,65,5100,train,5.5501,62019,1127.61
lazy_sched,66,5100,train,5.6586,63146,1127.60
lazy_sched,67,5100,train,5.5400,64268,1127.51
lazy_sched,68,5100,train,5.6791,65388,1127.39
lazy_sched,69,5100,train,5.5160,66509,1127.28
lazy_sched,70,5100,train,5.5672,67636,1127.27
lazy_sched,71,5100,train,5.6477,68765,1127.30
lazy_sched,72,5100,train,5.4317,69887,1127.21
lazy_sched,73,5100,train,5.5341,71007,1127.10
lazy_sched,74,5100,train,5.5378,72132,1127.06
lazy_sched,75,5100,train,5.4328,73251,1126.94
lazy_sched,76,5100,train,5.4258,74383,1127.01
lazy_sched,77,5100,train,5.4056,75508,1126.98
lazy_sched,78,5100,train,5.4914,76628,1126.88
lazy_sched,79,5100,train,5.3833,77748,1126.78
lazy_sched,80,5100,train,5.3944,78869,1126.70
lazy_sched,81,5100,train,5.4097,79988,1126.60
lazy_sched,82,5100,train,6.2059,81108,1126.49
lazy_sched,83,5100,train,5.3831,82231,1126.45
lazy_sched,84,5100,train,5.3420,83358,1126.46
lazy_sched,85,5100,train,5.3353,84486,1126.48
lazy_sched,86,5100,train,5.3709,85618,1126.55
lazy_sched,87,5100,train,5.3060,86755,1126.69
lazy_sched,88,5100,train,5.2590,87896,1126.88
lazy_sched,89,5100,train,5.0047,89030,1126.96
lazy_sched,90,5100,train,5.2046,90165,1127.07
lazy_sched,91,5100,train,5.2148,91302,1127.19
lazy_sched,92,5100,train,5.3743,92439,1127.31
lazy_sched,93,5100,train,5.1777,93578,1127.44
lazy_sched,94,5100,train,5.1690,94706,1127.45
lazy_sched,95,5100,train,5.3253,95828,1127.38
lazy_sched,96,5100,train,5.1478,96951,1127.34
lazy_sched,97,5100,train,5.1968,98071,1127.25
lazy_sched,98,5100,train,5.1486,99190,1127.16
lazy_sched,99,5100,train,5.2180,100307,1127.05
lazy_sched,100,5100,train,5.0181,101428,1126.98
lazy_sched,101,5100,train,5.2428,102550,1126.92
lazy_sched,102,5100,train,5.2135,103672,1126.87
lazy_sched,103,5100,train,5.2461,104802,1126.91
lazy_sched,104,5100,train,5.0353,105927,1126.88
lazy_sched,105,5100,train,5.1214,107047,1126.82
lazy_sched,106,5100,train,5.1728,108168,1126.75
lazy_sched,107,5100,train,5.2090,109288,1126.69
lazy_sched,108,5100,train,5.1369,110409,1126.63
lazy_sched,109,5100,train,5.0591,111533,1126.59
lazy_sched,110,5100,train,5.2859,112659,1126.59
lazy_sched,111,5100,train,5.0785,113787,1126.60
lazy_sched,112,5100,train,5.0446,114910,1126.57
lazy_sched,113,5100,train,5.3037,116030,1126.51
lazy_sched,114,5100,train,5.0462,117151,1126.45
lazy_sched,115,5100,train,4.9463,118279,1126.46
lazy_sched,116,5100,train,5.0195,119405,1126.47
lazy_sched,117,5100,train,5.0492,120528,1126.43
lazy_sched,118,5100,train,4.9528,121649,1126.38
lazy_sched,119,5100,train,5.0526,122772,1126.34
lazy_sched,120,5100,train,5.0413,123893,1126.30
lazy_sched,121,5100,train,5.1072,125023,1126.33
lazy_sched,122,5100,train,4.8196,126146,1126.30
lazy_sched,123,5100,train,4.9797,127276,1126.33
lazy_sched,124,5100,train,4.9743,128414,1126.44
lazy_sched,125,5100,train,4.9708,129553,1126.55
lazy_sched,125,5100,val,4.9749,129554,1126.55
lazy_sched,126,5100,train,4.9320,130684,1126.59
lazy_sched,127,5100,train,5.1837,131808,1126.57
lazy_sched,128,5100,train,4.9934,132929,1126.52
lazy_sched,129,5100,train,4.9112,134058,1126.53
lazy_sched,130,5100,train,4.7977,135185,1126.54
lazy_sched,131,5100,train,5.0673,136307,1126.51
lazy_sched,132,5100,train,4.9194,137429,1126.46
lazy_sched,133,5100,train,4.9057,138548,1126.41
lazy_sched,134,5100,train,4.9865,139668,1126.35
lazy_sched,135,5100,train,4.8145,140788,1126.31
lazy_sched,136,5100,train,4.9759,141909,1126.26
lazy_sched,137,5100,train,4.8309,143029,1126.21
lazy_sched,138,5100,train,4.8951,144148,1126.16
lazy_sched,139,5100,train,4.9326,145269,1126.11
lazy_sched,140,5100,train,5.0026,146387,1126.05
lazy_sched,141,5100,train,4.9530,147508,1126.02
lazy_sched,142,5100,train,4.9423,148631,1125.99
lazy_sched,143,5100,train,4.9454,149752,1125.96
lazy_sched,144,5100,train,4.7690,150879,1125.96
lazy_sched,145,5100,train,4.8885,152007,1125.98
lazy_sched,146,5100,train,4.7940,153127,1125.93
lazy_sched,147,5100,train,4.7698,154247,1125.89
lazy_sched,148,5100,train,4.8489,155367,1125.85
lazy_sched,149,5100,train,4.9585,156487,1125.81
lazy_sched,150,5100,train,4.9947,157607,1125.77
lazy_sched,151,5100,train,4.7397,158728,1125.73
lazy_sched,152,5100,train,4.7217,159848,1125.69
lazy_sched,153,5100,train,4.6346,160968,1125.65
lazy_sched,154,5100,train,4.8476,162088,1125.61
lazy_sched,155,5100,train,4.9177,163217,1125.64
lazy_sched,156,5100,train,4.8523,164358,1125.74
lazy_sched,157,5100,train,4.8143,165490,1125.78
lazy_sched,158,5100,train,4.7097,166626,1125.85
lazy_sched,159,5100,train,4.7439,167761,1125.91
lazy_sched,160,5100,train,4.7634,168899,1125.99
lazy_sched,161,5100,train,4.6883,170026,1126.00
lazy_sched,162,5100,train,4.7233,171160,1126.05
lazy_sched,163,5100,train,4.6618,172284,1126.04
lazy_sched,164,5100,train,4.6498,173408,1126.03
lazy_sched,165,5100,train,4.6117,174529,1125.99
lazy_sched,166,5100,train,4.8137,175648,1125.95
lazy_sched,167,5100,train,4.5585,176768,1125.91
lazy_sched,168,5100,train,4.5994,177887,1125.87
lazy_sched,169,5100,train,4.6953,179007,1125.83
lazy_sched,170,5100,train,4.6773,180127,1125.80
lazy_sched,171,5100,train,4.7088,181248,1125.76
lazy_sched,172,5100,train,4.9478,182367,1125.72
lazy_sched,173,5100,train,4.6098,183488,1125.69
lazy_sched,174,5100,train,4.7099,184608,1125.66
lazy_sched,175,5100,train,4.8753,185728,1125.62
lazy_sched,176,5100,train,4.7370,186847,1125.59
lazy_sched,177,5100,train,4.7563,187967,1125.55
lazy_sched,178,5100,train,4.8108,189087,1125.52
lazy_sched,179,5100,train,4.6357,190209,1125.50
lazy_sched,180,5100,train,4.7245,191329,1125.46
lazy_sched,181,5100,train,4.6020,192449,1125.43
lazy_sched,182,5100,train,4.7645,193569,1125.40
lazy_sched,183,5100,train,4.6354,194688,1125.36
lazy_sched,184,5100,train,4.6188,195808,1125.33
lazy_sched,185,5100,train,4.6674,196928,1125.30
lazy_sched,186,5100,train,4.6117,198049,1125.28
lazy_sched,187,5100,train,4.8743,199170,1125.25
lazy_sched,188,5100,train,4.6268,200288,1125.21
lazy_sched,189,5100,train,4.3259,201410,1125.20
lazy_sched,190,5100,train,4.4875,202532,1125.18
lazy_sched,191,5100,train,4.6130,203756,1125.73
lazy_sched,192,5100,train,4.5960,204893,1125.79
lazy_sched,193,5100,train,4.2296,206030,1125.84
lazy_sched,194,5100,train,4.7425,207161,1125.87
lazy_sched,195,5100,train,4.5065,208298,1125.94
lazy_sched,196,5100,train,4.6182,209430,1125.97
lazy_sched,197,5100,train,4.5531,210561,1126.00
lazy_sched,198,5100,train,4.6578,211701,1126.07
lazy_sched,199,5100,train,4.4744,212839,1126.13
lazy_sched,200,5100,train,4.7091,213957,1126.09
lazy_sched,201,5100,train,4.6187,215075,1126.05
lazy_sched,202,5100,train,4.5466,216193,1126.00
lazy_sched,203,5100,train,4.7963,217308,1125.95
lazy_sched,204,5100,train,4.6686,218427,1125.91
lazy_sched,205,5100,train,4.6943,219547,1125.88
lazy_sched,206,5100,train,4.3584,220668,1125.86
lazy_sched,207,5100,train,4.6079,221786,1125.82
lazy_sched,208,5100,train,4.6862,222907,1125.79
lazy_sched,209,5100,train,4.5173,224027,1125.76
lazy_sched,210,5100,train,4.5171,225148,1125.74
lazy_sched,211,5100,train,4.4410,226268,1125.71
lazy_sched,212,5100,train,4.4558,227387,1125.68
lazy_sched,213,5100,train,4.6312,228508,1125.65
lazy_sched,214,5100,train,4.5532,229627,1125.62
lazy_sched,215,5100,train,4.5046,230747,1125.59
lazy_sched,216,5100,train,4.4155,231867,1125.57
lazy_sched,217,5100,train,4.5294,232987,1125.54
lazy_sched,218,5100,train,4.6053,234108,1125.52
lazy_sched,219,5100,train,4.4649,235228,1125.49
lazy_sched,220,5100,train,4.4376,236348,1125.47
lazy_sched,221,5100,train,4.3966,237467,1125.44
lazy_sched,222,5100,train,4.3936,238587,1125.41
lazy_sched,223,5100,train,4.6432,239708,1125.39
lazy_sched,224,5100,train,4.4143,240832,1125.38
lazy_sched,225,5100,train,4.6111,241948,1125.34
lazy_sched,226,5100,train,4.3545,243066,1125.30
lazy_sched,227,5100,train,4.3919,244187,1125.29
lazy_sched,228,5100,train,4.4771,245308,1125.27
lazy_sched,229,5100,train,4.5034,246440,1125.30
lazy_sched,230,5100,train,4.4654,247575,1125.34
lazy_sched,231,5100,train,4.3876,248704,1125.36
lazy_sched,232,5100,train,4.4812,249842,1125.41
lazy_sched,233,5100,train,4.4571,250974,1125.45
lazy_sched,234,5100,train,4.3604,252106,1125.47
lazy_sched,235,5100,train,4.3832,253240,1125.51
lazy_sched,236,5100,train,4.4787,254378,1125.57
lazy_sched,237,5100,train,4.2291,255516,1125.62
lazy_sched,238,5100,train,4.4860,256634,1125.59
lazy_sched,239,5100,train,4.3897,257750,1125.55
lazy_sched,240,5100,train,4.2705,258870,1125.52
lazy_sched,241,5100,train,4.5153,259989,1125.49
lazy_sched,242,5100,train,4.2140,261109,1125.47
lazy_sched,243,5100,train,4.3910,262228,1125.44
lazy_sched,244,5100,train,4.4969,263347,1125.41
lazy_sched,245,5100,train,4.2417,264467,1125.39
lazy_sched,246,5100,train,4.2891,265587,1125.37
lazy_sched,247,5100,train,4.3283,266708,1125.35
lazy_sched,248,5100,train,4.4418,267827,1125.32
lazy_sched,249,5100,train,4.1726,268948,1125.30
lazy_sched,250,5100,train,4.3838,270068,1125.28
lazy_sched,250,5100,val,4.3398,270068,1125.28
lazy_sched,251,5100,train,4.2996,271195,1125.29
lazy_sched,252,5100,train,4.4665,272322,1125.30
lazy_sched,253,5100,train,4.3146,273445,1125.29
lazy_sched,254,5100,train,4.3241,274563,1125.26
lazy_sched,255,5100,train,4.3160,275682,1125.23
lazy_sched,256,5100,train,4.3761,276802,1125.21
lazy_sched,257,5100,train,4.2353,277922,1125.19
lazy_sched,258,5100,train,4.4888,279044,1125.18
lazy_sched,259,5100,train,4.2344,280167,1125.17
lazy_sched,260,5100,train,4.2217,281302,1125.21
lazy_sched,261,5100,train,4.5203,282435,1125.24
lazy_sched,262,5100,train,4.2881,283572,1125.29
lazy_sched,263,5100,train,4.3421,284701,1125.30
lazy_sched,264,5100,train,4.3189,285836,1125.34
lazy_sched,265,5100,train,4.1850,286972,1125.38
lazy_sched,266,5100,train,4.3664,288103,1125.40
lazy_sched,267,5100,train,4.2095,289234,1125.42
lazy_sched,268,5100,train,4.3369,290356,1125.41
lazy_sched,269,5100,train,4.3917,291481,1125.41
lazy_sched,270,5100,train,4.2505,292601,1125.39
lazy_sched,271,5100,train,4.2623,293721,1125.37
lazy_sched,272,5100,train,4.4137,294843,1125.36
lazy_sched,273,5100,train,4.2515,295962,1125.33
lazy_sched,274,5100,train,4.2003,297082,1125.31
lazy_sched,275,5100,train,4.2868,298201,1125.29
lazy_sched,276,5100,train,4.3804,299322,1125.27
lazy_sched,277,5100,train,4.1947,300441,1125.25
lazy_sched,278,5100,train,4.2019,301562,1125.23
lazy_sched,279,5100,train,4.1573,302682,1125.21
lazy_sched,280,5100,train,4.2452,303802,1125.19
lazy_sched,281,5100,train,4.4186,304922,1125.17
lazy_sched,282,5100,train,4.4148,306041,1125.15
lazy_sched,283,5100,train,4.2122,307161,1125.13
lazy_sched,284,5100,train,4.1145,308281,1125.11
lazy_sched,285,5100,train,4.2212,309401,1125.10
lazy_sched,286,5100,train,4.4072,310521,1125.08
lazy_sched,287,5100,train,4.2343,311641,1125.06
lazy_sched,288,5100,train,4.2345,312761,1125.04
lazy_sched,289,5100,train,4.1926,313881,1125.02
lazy_sched,290,5100,train,4.0570,315003,1125.01
lazy_sched,291,5100,train,4.2941,316123,1124.99
lazy_sched,292,5100,train,4.2972,317242,1124.97
lazy_sched,293,5100,train,4.2513,318362,1124.96
lazy_sched,294,5100,train,4.1445,319483,1124.94
lazy_sched,295,5100,train,4.2128,320602,1124.92
lazy_sched,296,5100,train,4.3459,321721,1124.90
lazy_sched,297,5100,train,4.3210,322851,1124.92
lazy_sched,298,5100,train,4.2873,323992,1124.97
lazy_sched,299,5100,train,4.1651,325129,1125.01
lazy_sched,300,5100,train,4.1776,326259,1125.03
lazy_sched,301,5100,train,4.2678,327394,1125.07
lazy_sched,302,5100,train,4.1663,328525,1125.08
lazy_sched,303,5100,train,4.1759,329660,1125.12
lazy_sched,304,5100,train,4.1189,330793,1125.15
lazy_sched,305,5100,train,4.0380,331924,1125.16
lazy_sched,306,5100,train,4.1891,333044,1125.15
lazy_sched,307,5100,train,4.4039,334161,1125.12
lazy_sched,308,5100,train,4.3207,335281,1125.11
lazy_sched,309,5100,train,4.1270,336401,1125.09
lazy_sched,310,5100,train,4.1933,337525,1125.08
lazy_sched,311,5100,train,4.1094,338643,1125.06
lazy_sched,312,5100,train,4.1424,339762,1125.04
lazy_sched,313,5100,train,4.1624,340883,1125.03
lazy_sched,314,5100,train,4.1273,342003,1125.01
lazy_sched,315,5100,train,4.1498,343121,1124.99
lazy_sched,316,5100,train,4.0082,344243,1124.98
lazy_sched,317,5100,train,4.1170,345363,1124.96
lazy_sched,318,5100,train,4.1047,346482,1124.94
lazy_sched,319,5100,train,4.1068,347602,1124.92
lazy_sched,320,5100,train,4.2530,348723,1124.91
lazy_sched,321,5100,train,4.1380,349842,1124.90
lazy_sched,322,5100,train,4.1041,350962,1124.88
lazy_sched,323,5100,train,4.1666,352082,1124.86
lazy_sched,324,5100,train,4.3646,353202,1124.85
lazy_sched,325,5100,train,4.2112,354321,1124.83
lazy_sched,326,5100,train,4.1604,355442,1124.82
lazy_sched,327,5100,train,4.1552,356563,1124.80
lazy_sched,328,5100,train,4.2303,357681,1124.78
lazy_sched,329,5100,train,4.0471,358802,1124.77
lazy_sched,330,5100,train,4.2163,359922,1124.76
lazy_sched,331,5100,train,4.1733,361041,1124.74
lazy_sched,332,5100,train,4.0910,362159,1124.72
lazy_sched,333,5100,train,4.1238,363281,1124.71
lazy_sched,334,5100,train,4.0707,364410,1124.72
lazy_sched,335,5100,train,4.0414,365540,1124.74
lazy_sched,336,5100,train,4.2727,366674,1124.77
lazy_sched,337,5100,train,4.5844,367810,1124.80
lazy_sched,338,5100,train,4.1788,368937,1124.81
lazy_sched,339,5100,train,4.2028,370072,1124.84
lazy_sched,340,5100,train,4.1414,371203,1124.86
lazy_sched,341,5100,train,4.2414,372335,1124.88
lazy_sched,342,5100,train,4.1008,373453,1124.86
lazy_sched,343,5100,train,4.5024,374566,1124.82
lazy_sched,344,5100,train,4.1691,375683,1124.80
lazy_sched,345,5100,train,4.0298,376802,1124.78
lazy_sched,346,5100,train,3.9589,377922,1124.77
lazy_sched,347,5100,train,4.1397,379043,1124.76
lazy_sched,348,5100,train,4.1234,380162,1124.74
lazy_sched,349,5100,train,4.1265,381281,1124.72
lazy_sched,350,5100,train,4.0569,382401,1124.71
lazy_sched,351,5100,train,3.9801,383521,1124.69
lazy_sched,352,5100,train,4.2842,384641,1124.68
lazy_sched,353,5100,train,3.9296,385763,1124.67
lazy_sched,354,5100,train,4.2137,386882,1124.66
lazy_sched,355,5100,train,4.2368,388000,1124.64
lazy_sched,356,5100,train,4.0292,389120,1124.62
lazy_sched,357,5100,train,4.0364,390242,1124.62
lazy_sched,358,5100,train,4.2195,391361,1124.60
lazy_sched,359,5100,train,3.9998,392481,1124.59
lazy_sched,360,5100,train,4.0828,393602,1124.58
lazy_sched,361,5100,train,4.0615,394722,1124.56
lazy_sched,362,5100,train,3.9320,395841,1124.55
lazy_sched,363,5100,train,4.1005,396961,1124.54
lazy_sched,364,5100,train,4.0584,398081,1124.52
lazy_sched,365,5100,train,4.0448,399203,1124.52
lazy_sched,366,5100,train,4.0864,400322,1124.50
lazy_sched,367,5100,train,3.9688,401441,1124.49
lazy_sched,368,5100,train,4.1290,402562,1124.48
lazy_sched,369,5100,train,4.0444,403681,1124.46
lazy_sched,370,5100,train,3.9498,404802,1124.45
lazy_sched,371,5100,train,4.1206,405932,1124.47
lazy_sched,372,5100,train,4.0447,407061,1124.48
lazy_sched,373,5100,train,4.2649,408198,1124.51
lazy_sched,374,5100,train,4.0758,409334,1124.54
lazy_sched,375,5100,train,4.1168,410464,1124.56
lazy_sched,375,5100,val,4.0572,410465,1124.56
lazy_sched,376,5100,train,4.3243,411587,1124.56
lazy_sched,377,5100,train,3.8944,412710,1124.55
lazy_sched,378,5100,train,4.1237,413830,1124.54
lazy_sched,379,5100,train,4.1291,414952,1124.53
lazy_sched,380,5100,train,4.0716,416072,1124.52
lazy_sched,381,5100,train,4.0103,417194,1124.51
lazy_sched,382,5100,train,4.0059,418415,1124.77
lazy_sched,383,5100,train,3.9876,419535,1124.76
lazy_sched,384,5100,train,4.1039,420654,1124.74
lazy_sched,385,5100,train,3.8823,421774,1124.73
lazy_sched,386,5100,train,4.0966,422893,1124.72
lazy_sched,387,5100,train,3.9901,424013,1124.70
lazy_sched,388,5100,train,4.1735,425133,1124.69
lazy_sched,389,5100,train,4.0323,426253,1124.68
lazy_sched,390,5100,train,4.0897,427373,1124.67
lazy_sched,391,5100,train,3.9514,428491,1124.65
lazy_sched,392,5100,train,4.0186,429612,1124.64
lazy_sched,393,5100,train,4.0328,430732,1124.63
lazy_sched,394,5100,train,4.0282,431852,1124.61
lazy_sched,395,5100,train,4.0256,432973,1124.60
lazy_sched,396,5100,train,3.9569,434093,1124.59
lazy_sched,397,5100,train,3.7904,435212,1124.58
lazy_sched,398,5100,train,4.0368,436331,1124.56
lazy_sched,399,5100,train,4.0123,437451,1124.55
lazy_sched,400,5100,train,3.9436,438572,1124.54
lazy_sched,401,5100,train,4.0449,439701,1124.55
lazy_sched,402,5100,train,3.9364,440829,1124.56
lazy_sched,403,5100,train,4.2031,441962,1124.58
lazy_sched,404,5100,train,4.1090,443089,1124.59
lazy_sched,405,5100,train,4.0782,444225,1124.62
lazy_sched,406,5100,train,4.0834,445357,1124.64
lazy_sched,407,5100,train,4.0423,446488,1124.65
lazy_sched,408,5100,train,3.9652,447621,1124.68
lazy_sched,409,5100,train,4.0339,448738,1124.66
lazy_sched,410,5100,train,3.9632,449854,1124.63
lazy_sched,411,5100,train,3.9946,450973,1124.62
lazy_sched,412,5100,train,3.9920,452092,1124.61
lazy_sched,413,5100,train,3.9772,453211,1124.59
lazy_sched,414,5100,train,4.0929,454332,1124.58
lazy_sched,415,5100,train,3.9422,455452,1124.57
lazy_sched,416,5100,train,4.0071,456572,1124.56
lazy_sched,417,5100,train,4.1128,457693,1124.55
lazy_sched,418,5100,train,3.8730,458814,1124.55
lazy_sched,419,5100,train,4.1499,459933,1124.53
lazy_sched,420,5100,train,4.2213,461052,1124.52
lazy_sched,421,5100,train,3.9804,462172,1124.51
lazy_sched,422,5100,train,4.1146,463292,1124.49
lazy_sched,423,5100,train,3.8179,464413,1124.49
lazy_sched,424,5100,train,3.9907,465533,1124.48
lazy_sched,425,5100,train,3.8724,466652,1124.46
lazy_sched,426,5100,train,4.0742,467772,1124.45
lazy_sched,427,5100,train,4.0513,468892,1124.44
lazy_sched,428,5100,train,3.9768,470013,1124.43
lazy_sched,429,5100,train,4.0763,471131,1124.42
lazy_sched,430,5100,train,3.9125,472251,1124.41
lazy_sched,431,5100,train,3.8472,473372,1124.40
lazy_sched,432,5100,train,4.0601,474493,1124.39
lazy_sched,433,5100,train,4.0784,475612,1124.38
lazy_sched,434,5100,train,4.0647,476733,1124.37
lazy_sched,435,5100,train,3.9594,477851,1124.36
lazy_sched,436,5100,train,4.0442,478971,1124.35
lazy_sched,437,5100,train,4.0640,480091,1124.33
lazy_sched,438,5100,train,4.0050,481223,1124.35
lazy_sched,439,5100,train,4.0650,482349,1124.36
lazy_sched,440,5100,train,3.9020,483483,1124.38
lazy_sched,441,5100,train,4.0068,484611,1124.39
lazy_sched,442,5100,train,3.9408,485744,1124.41
lazy_sched,443,5100,train,3.8309,486869,1124.41
lazy_sched,444,5100,train,3.9833,488003,1124.43
lazy_sched,445,5100,train,4.2209,489125,1124.43
lazy_sched,446,5100,train,3.8499,490253,1124.43
lazy_sched,447,5100,train,4.0464,491374,1124.42
lazy_sched,448,5100,train,4.0668,492493,1124.41
lazy_sched,449,5100,train,3.9125,493613,1124.40
lazy_sched,450,5100,train,3.8844,494731,1124.39
lazy_sched,451,5100,train,3.9547,495850,1124.38
lazy_sched,452,5100,train,4.2599,496973,1124.37
lazy_sched,453,5100,train,4.1531,498092,1124.36
lazy_sched,454,5100,train,4.0029,499213,1124.35
lazy_sched,455,5100,train,3.9153,500333,1124.34
lazy_sched,456,5100,train,4.0281,501453,1124.33
lazy_sched,457,5100,train,3.9771,502572,1124.32
lazy_sched,458,5100,train,3.9739,503693,1124.31
lazy_sched,459,5100,train,4.0586,504812,1124.30
lazy_sched,460,5100,train,3.8977,505931,1124.29
lazy_sched,461,5100,train,4.0012,507052,1124.28
lazy_sched,462,5100,train,3.9698,508171,1124.27
lazy_sched,463,5100,train,3.7944,509291,1124.26
lazy_sched,464,5100,train,3.9565,510413,1124.26
lazy_sched,465,5100,train,4.0508,511533,1124.25
lazy_sched,466,5100,train,3.9217,512653,1124.24
lazy_sched,467,5100,train,3.9328,513773,1124.23
lazy_sched,468,5100,train,3.9192,514891,1124.22
lazy_sched,469,5100,train,4.1139,516012,1124.21
lazy_sched,470,5100,train,3.9682,517132,1124.20
lazy_sched,471,5100,train,3.8173,518253,1124.19
lazy_sched,472,5100,train,4.0270,519372,1124.18
lazy_sched,473,5100,train,3.8854,520490,1124.17
lazy_sched,474,5100,train,4.0072,521612,1124.16
lazy_sched,475,5100,train,4.0738,522742,1124.18
lazy_sched,476,5100,train,4.2326,523868,1124.18
lazy_sched,477,5100,train,4.0308,525005,1124.21
lazy_sched,478,5100,train,4.0014,526134,1124.22
lazy_sched,479,5100,train,3.9368,527265,1124.23
lazy_sched,480,5100,train,3.8888,528393,1124.24
lazy_sched,481,5100,train,3.9315,529526,1124.26
lazy_sched,482,5100,train,4.0569,530659,1124.28
lazy_sched,483,5100,train,3.9647,531777,1124.26
lazy_sched,484,5100,train,4.0149,532894,1124.25
lazy_sched,485,5100,train,3.9803,534014,1124.24
lazy_sched,486,5100,train,3.8010,535130,1124.22
lazy_sched,487,5100,train,3.9494,536251,1124.22
lazy_sched,488,5100,train,3.9514,537374,1124.21
lazy_sched,489,5100,train,3.9519,538493,1124.20
lazy_sched,490,5100,train,4.1743,539613,1124.19
lazy_sched,491,5100,train,3.9159,540732,1124.18
lazy_sched,492,5100,train,3.8494,541854,1124.18
lazy_sched,493,5100,train,3.9928,542973,1124.17
lazy_sched,494,5100,train,3.7605,544092,1124.16
lazy_sched,495,5100,train,3.9325,545213,1124.15
lazy_sched,496,5100,train,4.1079,546334,1124.14
lazy_sched,497,5100,train,3.9356,547452,1124.13
lazy_sched,498,5100,train,3.9081,548573,1124.12
lazy_sched,499,5100,train,3.9045,549693,1124.12
lazy_sched,500,5100,train,4.0190,550812,1124.11
lazy_sched,500,5100,val,3.9201,550812,1124.11
lazy_sched,501,5100,train,3.9100,551940,1124.11
lazy_sched,502,5100,train,3.8374,553061,1124.11
lazy_sched,503,5100,train,3.9566,554183,1124.10
lazy_sched,504,5100,train,3.8062,555304,1124.10
lazy_sched,505,5100,train,4.2219,556434,1124.11
lazy_sched,506,5100,train,3.8984,557559,1124.11
lazy_sched,507,5100,train,3.9871,558692,1124.13
lazy_sched,508,5100,train,4.1615,559821,1124.14
lazy_sched,509,5100,train,3.8509,560956,1124.16
lazy_sched,510,5100,train,3.9469,562082,1124.16
lazy_sched,511,5100,train,3.9606,563218,1124.19
lazy_sched,512,5100,train,3.7719,564347,1124.20
lazy_sched,513,5100,train,3.7665,565480,1124.21
lazy_sched,514,5100,train,3.9955,566602,1124.21
lazy_sched,515,5100,train,4.1239,567725,1124.21
lazy_sched,516,5100,train,3.9838,568846,1124.20
lazy_sched,517,5100,train,3.8293,569965,1124.19
lazy_sched,518,5100,train,4.0019,571085,1124.18
lazy_sched,519,5100,train,3.7396,572205,1124.18
lazy_sched,520,5100,train,3.9879,573326,1124.17
lazy_sched,521,5100,train,3.8608,574446,1124.16
lazy_sched,522,5100,train,3.7496,575566,1124.15
lazy_sched,523,5100,train,4.0078,576688,1124.15
lazy_sched,524,5100,train,3.8152,577806,1124.14
lazy_sched,525,5100,train,3.8764,578924,1124.12
lazy_sched,526,5100,train,3.9072,580043,1124.12
lazy_sched,527,5100,train,4.1555,581164,1124.11
lazy_sched,528,5100,train,3.8902,582285,1124.10
lazy_sched,529,5100,train,3.8562,583405,1124.09
lazy_sched,530,5100,train,3.8724,584524,1124.08
lazy_sched,531,5100,train,3.9832,585644,1124.08
lazy_sched,532,5100,train,3.9377,586765,1124.07
lazy_sched,533,5100,train,3.9370,587884,1124.06
lazy_sched,534,5100,train,4.0136,589004,1124.05
lazy_sched,535,5100,train,3.9710,590123,1124.04
lazy_sched,536,5100,train,3.8533,591242,1124.03
lazy_sched,537,5100,train,3.9058,592362,1124.03
lazy_sched,538,5100,train,3.8182,593484,1124.02
lazy_sched,539,5100,train,3.8284,594605,1124.02
lazy_sched,540,5100,train,3.8971,595725,1124.01
lazy_sched,541,5100,train,3.8380,596849,1124.01
lazy_sched,542,5100,train,3.8500,597978,1124.02
lazy_sched,543,5100,train,3.9202,599104,1124.02
lazy_sched,544,5100,train,3.9002,600256,1124.08
lazy_sched,545,5100,train,3.9434,601387,1124.09
lazy_sched,546,5100,train,3.9688,602520,1124.10
lazy_sched,547,5100,train,3.8062,603647,1124.11
lazy_sched,548,5100,train,4.0565,604779,1124.13
lazy_sched,549,5100,train,3.5070,605910,1124.14
lazy_sched,550,5100,train,3.9773,607041,1124.15
lazy_sched,551,5100,train,3.9332,608157,1124.14
lazy_sched,552,5100,train,3.8618,609269,1124.11
lazy_sched,553,5100,train,3.9828,610388,1124.10
lazy_sched,554,5100,train,3.8878,611505,1124.09
lazy_sched,555,5100,train,3.8791,612626,1124.08
lazy_sched,556,5100,train,3.9910,613746,1124.08
lazy_sched,557,5100,train,3.9108,614866,1124.07
lazy_sched,558,5100,train,3.8305,615985,1124.06
lazy_sched,559,5100,train,3.9192,617105,1124.05
lazy_sched,560,5100,train,3.8173,618225,1124.05
lazy_sched,561,5100,train,3.8689,619346,1124.04
lazy_sched,562,5100,train,3.8766,620462,1124.03
lazy_sched,563,5100,train,3.7097,621587,1124.03
lazy_sched,564,5100,train,3.9406,622706,1124.02
lazy_sched,565,5100,train,3.8312,623828,1124.01
lazy_sched,566,5100,train,3.8523,624946,1124.00
lazy_sched,567,5100,train,3.9400,626066,1124.00
lazy_sched,568,5100,train,3.8917,627186,1123.99
lazy_sched,569,5100,train,4.1940,628306,1123.98
lazy_sched,570,5100,train,3.8892,629426,1123.97
lazy_sched,571,5100,train,3.8643,630546,1123.97
lazy_sched,572,5100,train,3.8225,631748,1124.11
lazy_sched,573,5100,train,3.7305,632867,1124.10
lazy_sched,574,5100,train,3.8035,633986,1124.09
lazy_sched,575,5100,train,3.9540,635106,1124.08
lazy_sched,576,5100,train,3.7641,636226,1124.07
lazy_sched,577,5100,train,3.8959,637344,1124.06
lazy_sched,578,5100,train,3.9515,638466,1124.06
lazy_sched,579,5100,train,3.8666,639585,1124.05
lazy_sched,580,5100,train,4.1432,640708,1124.05
lazy_sched,581,5100,train,3.8793,641835,1124.05
lazy_sched,582,5100,train,3.8872,642961,1124.06
lazy_sched,583,5100,train,3.8809,644090,1124.07
lazy_sched,584,5100,train,3.9088,645224,1124.08
lazy_sched,585,5100,train,3.8343,646358,1124.10
lazy_sched,586,5100,train,3.7878,647483,1124.10
lazy_sched,587,5100,train,3.8604,648612,1124.11
lazy_sched,588,5100,train,4.1661,649732,1124.10
lazy_sched,589,5100,train,3.8959,650851,1124.10
lazy_sched,590,5100,train,3.7636,651971,1124.09
lazy_sched,591,5100,train,3.8237,653087,1124.07
lazy_sched,592,5100,train,3.8119,654206,1124.07
lazy_sched,593,5100,train,3.7809,655325,1124.06
lazy_sched,594,5100,train,3.8932,656444,1124.05
lazy_sched,595,5100,train,3.6642,657565,1124.04
lazy_sched,596,5100,train,4.1008,658684,1124.03
lazy_sched,597,5100,train,3.9537,659801,1124.02
lazy_sched,598,5100,train,3.7429,660918,1124.01
lazy_sched,599,5100,train,3.8737,662030,1123.99
lazy_sched,600,5100,train,3.7996,663146,1123.98
lazy_sched,601,5100,train,3.8956,664266,1123.97
lazy_sched,602,5100,train,3.8479,665385,1123.96
lazy_sched,603,5100,train,3.8544,666503,1123.95
lazy_sched,604,5100,train,4.0661,667620,1123.94
lazy_sched,605,5100,train,3.8037,668740,1123.93
lazy_sched,606,5100,train,3.8623,669850,1123.91
lazy_sched,607,5100,train,3.7827,670967,1123.90
lazy_sched,608,5100,train,4.0508,672087,1123.89
lazy_sched,609,5100,train,3.8376,673206,1123.88
lazy_sched,610,5100,train,3.8577,674326,1123.88
lazy_sched,611,5100,train,4.0599,675447,1123.87
lazy_sched,612,5100,train,3.9542,676567,1123.87
lazy_sched,613,5100,train,3.8781,677686,1123.86
lazy_sched,614,5100,train,3.9506,678807,1123.85
lazy_sched,615,5100,train,3.8680,679926,1123.84
lazy_sched,616,5100,train,3.9047,681046,1123.84
lazy_sched,617,5100,train,3.8226,682167,1123.83
lazy_sched,618,5100,train,3.7654,683288,1123.83
lazy_sched,619,5100,train,3.9955,684417,1123.84
lazy_sched,620,5100,train,4.0231,685544,1123.84
lazy_sched,621,5100,train,3.7549,686679,1123.86
lazy_sched,622,5100,train,3.8523,687805,1123.87
lazy_sched,623,5100,train,3.8279,688938,1123.88
lazy_sched,624,5100,train,3.8808,690065,1123.88
lazy_sched,625,5100,train,3.8745,691196,1123.90
lazy_sched,625,5100,val,3.8321,691197,1123.90
lazy_sched,626,5100,train,3.8406,692319,1123.89
lazy_sched,627,5100,train,3.9360,693440,1123.89
lazy_sched,628,5100,train,3.8788,694562,1123.89
lazy_sched,629,5100,train,3.9479,695682,1123.88
lazy_sched,630,5100,train,3.8770,696804,1123.88
lazy_sched,631,5100,train,3.6630,697924,1123.87
lazy_sched,632,5100,train,3.7905,699045,1123.87
lazy_sched,633,5100,train,3.8858,700165,1123.86
lazy_sched,634,5100,train,3.8565,701286,1123.86
lazy_sched,635,5100,train,3.9529,702405,1123.85
lazy_sched,636,5100,train,3.7883,703524,1123.84
lazy_sched,637,5100,train,3.8682,704647,1123.84
lazy_sched,638,5100,train,3.6971,705767,1123.83
lazy_sched,639,5100,train,3.8056,706888,1123.83
lazy_sched,640,5100,train,3.9448,708008,1123.82
lazy_sched,641,5100,train,3.8069,709128,1123.82
lazy_sched,642,5100,train,3.8015,710247,1123.81
lazy_sched,643,5100,train,4.0388,711369,1123.81
lazy_sched,644,5100,train,3.9079,712488,1123.80
lazy_sched,645,5100,train,3.9542,713609,1123.79
lazy_sched,646,5100,train,3.7886,714728,1123.79
lazy_sched,647,5100,train,3.7690,715848,1123.78
lazy_sched,648,5100,train,3.8899,716979,1123.79
lazy_sched,649,5100,train,3.9122,718105,1123.79
lazy_sched,650,5100,train,3.8839,719236,1123.81
lazy_sched,651,5100,train,3.8372,720365,1123.81
lazy_sched,652,5100,train,3.8860,721494,1123.82
lazy_sched,653,5100,train,3.8407,722624,1123.83
lazy_sched,654,5100,train,3.8859,723756,1123.85
lazy_sched,655,5100,train,3.6832,724883,1123.85
lazy_sched,656,5100,train,3.9781,725994,1123.83
lazy_sched,657,5100,train,3.7637,727110,1123.82
lazy_sched,658,5100,train,3.8597,728231,1123.81
lazy_sched,659,5100,train,3.7983,729351,1123.81
lazy_sched,660,5100,train,3.8661,730470,1123.80
lazy_sched,661,5100,train,3.9409,731592,1123.80
lazy_sched,662,5100,train,3.8397,732709,1123.79
lazy_sched,663,5100,train,3.7638,733829,1123.78
lazy_sched,664,5100,train,3.9053,734949,1123.78
lazy_sched,665,5100,train,3.8078,736069,1123.77
lazy_sched,666,5100,train,3.7108,737189,1123.76
lazy_sched,667,5100,train,3.7409,738308,1123.76
lazy_sched,668,5100,train,3.8841,739428,1123.75
lazy_sched,669,5100,train,3.8703,740548,1123.75
lazy_sched,670,5100,train,3.9990,741668,1123.74
lazy_sched,671,5100,train,3.8818,742787,1123.73
lazy_sched,672,5100,train,3.8514,743909,1123.73
lazy_sched,673,5100,train,4.1128,745028,1123.72
lazy_sched,674,5100,train,3.9169,746148,1123.72
lazy_sched,675,5100,train,3.7218,747270,1123.71
lazy_sched,676,5100,train,3.8413,748390,1123.71
lazy_sched,677,5100,train,4.0770,749510,1123.70
lazy_sched,678,5100,train,3.8149,750629,1123.70
lazy_sched,679,5100,train,3.8641,751749,1123.69
lazy_sched,680,5100,train,3.8122,752869,1123.69
lazy_sched,681,5100,train,3.9862,753988,1123.68
lazy_sched,682,5100,train,3.7839,755109,1123.67
lazy_sched,683,5100,train,3.7981,756229,1123.67
lazy_sched,684,5100,train,3.6913,757350,1123.66
lazy_sched,685,5100,train,3.8632,758478,1123.67
lazy_sched,686,5100,train,3.7417,759605,1123.68
lazy_sched,687,5100,train,3.6936,760741,1123.69
lazy_sched,688,5100,train,3.8112,761868,1123.70
lazy_sched,689,5100,train,3.7610,763000,1123.71
lazy_sched,690,5100,train,3.8267,764125,1123.71
lazy_sched,691,5100,train,3.8603,765249,1123.71
lazy_sched,692,5100,train,3.6899,766380,1123.72
lazy_sched,693,5100,train,3.8776,767495,1123.71
lazy_sched,694,5100,train,3.7220,768610,1123.70
lazy_sched,695,5100,train,3.6547,769729,1123.69
lazy_sched,696,5100,train,3.8518,770850,1123.69
lazy_sched,697,5100,train,3.9805,771968,1123.68
lazy_sched,698,5100,train,3.7851,773089,1123.68
lazy_sched,699,5100,train,3.8469,774208,1123.67
lazy_sched,700,5100,train,4.0304,775326,1123.66
lazy_sched,701,5100,train,3.7991,776445,1123.65
lazy_sched,702,5100,train,3.9099,777565,1123.65
lazy_sched,703,5100,train,3.6966,778685,1123.64
lazy_sched,704,5100,train,3.8366,779807,1123.64
lazy_sched,705,5100,train,3.8784,780926,1123.64
lazy_sched,706,5100,train,3.6697,782043,1123.62
lazy_sched,707,5100,train,3.8376,783157,1123.61
lazy_sched,708,5100,train,3.9132,784271,1123.60
lazy_sched,709,5100,train,3.6944,785388,1123.59
lazy_sched,710,5100,train,3.8901,786508,1123.58
lazy_sched,711,5100,train,3.6430,787628,1123.58
lazy_sched,712,5100,train,3.7764,788748,1123.57
lazy_sched,713,5100,train,3.7687,789868,1123.57
lazy_sched,714,5100,train,3.6956,790989,1123.56
lazy_sched,715,5100,train,3.8602,792109,1123.56
lazy_sched,716,5100,train,3.6594,793228,1123.55
lazy_sched,717,5100,train,3.7579,794348,1123.55
lazy_sched,718,5100,train,3.8511,795468,1123.54
lazy_sched,719,5100,train,3.6693,796588,1123.54
lazy_sched,720,5100,train,3.7139,797709,1123.53
lazy_sched,721,5100,train,4.1174,798827,1123.53
lazy_sched,722,5100,train,3.6724,799959,1123.54
lazy_sched,723,5100,train,3.8814,801085,1123.54
lazy_sched,724,5100,train,3.7159,802219,1123.56
lazy_sched,725,5100,train,3.7996,803346,1123.56
lazy_sched,726,5100,train,3.9320,804478,1123.57
lazy_sched,727,5100,train,3.7499,805605,1123.58
lazy_sched,728,5100,train,3.8051,806732,1123.58
lazy_sched,729,5100,train,3.7258,807860,1123.59
lazy_sched,730,5100,train,3.7600,808974,1123.57
lazy_sched,731,5100,train,3.9516,810090,1123.56
lazy_sched,732,5100,train,3.8764,811208,1123.56
lazy_sched,733,5100,train,3.6750,812326,1123.55
lazy_sched,734,5100,train,3.9748,813446,1123.54
lazy_sched,735,5100,train,3.7144,814567,1123.54
lazy_sched,736,5100,train,3.6654,815684,1123.53
lazy_sched,737,5100,train,3.7984,816795,1123.51
lazy_sched,738,5100,train,4.0704,817910,1123.50
lazy_sched,739,5100,train,3.7119,819029,1123.50
lazy_sched,740,5100,train,3.9262,820147,1123.49
lazy_sched,741,5100,train,3.7968,821266,1123.48
lazy_sched,742,5100,train,3.7269,822387,1123.48
lazy_sched,743,5100,train,3.7477,823508,1123.48
lazy_sched,744,5100,train,3.5583,824628,1123.47
lazy_sched,745,5100,train,3.8860,825747,1123.47
lazy_sched,746,5100,train,3.8210,826869,1123.46
lazy_sched,747,5100,train,3.7631,827988,1123.46
lazy_sched,748,5100,train,3.8366,829107,1123.45
lazy_sched,749,5100,train,3.7307,830227,1123.45
lazy_sched,750,5100,train,3.6702,831347,1123.44
lazy_sched,750,5100,val,3.7743,831347,1123.44
lazy_sched,751,5100,train,3.6933,832468,1123.44
lazy_sched,752,5100,train,3.7957,833596,1123.45
lazy_sched,753,5100,train,3.7514,834722,1123.45
lazy_sched,754,5100,train,3.7915,835852,1123.46
lazy_sched,755,5100,train,3.7413,836980,1123.46
lazy_sched,756,5100,train,4.1212,838103,1123.46
lazy_sched,757,5100,train,3.8626,839237,1123.48
lazy_sched,758,5100,train,3.7635,840364,1123.48
lazy_sched,759,5100,train,3.7938,841491,1123.49
lazy_sched,760,5100,train,3.7631,842608,1123.48
lazy_sched,761,5100,train,3.6486,843727,1123.47
lazy_sched,762,5100,train,3.7066,844847,1123.47
lazy_sched,763,5100,train,3.7615,846071,1123.60
lazy_sched,764,5100,train,3.8642,847187,1123.59
lazy_sched,765,5100,train,3.7640,848307,1123.58
lazy_sched,766,5100,train,3.7916,849425,1123.58
lazy_sched,767,5100,train,3.7400,850543,1123.57
lazy_sched,768,5100,train,3.7858,851661,1123.56
lazy_sched,769,5100,train,3.9515,852777,1123.55
lazy_sched,770,5100,train,3.8543,853893,1123.54
lazy_sched,771,5100,train,3.7739,855008,1123.53
lazy_sched,772,5100,train,3.5651,856126,1123.53
lazy_sched,773,5100,train,3.8206,857245,1123.52
lazy_sched,774,5100,train,3.6473,858365,1123.51
lazy_sched,775,5100,train,3.7184,859484,1123.51
lazy_sched,776,5100,train,4.1101,860604,1123.50
lazy_sched,777,5100,train,3.6442,861726,1123.50
lazy_sched,778,5100,train,3.7565,862847,1123.50
lazy_sched,779,5100,train,3.8647,863966,1123.49
lazy_sched,780,5100,train,3.8463,865082,1123.48
lazy_sched,781,5100,train,3.7508,866204,1123.48
lazy_sched,782,5100,train,3.7406,867323,1123.48
lazy_sched,783,5100,train,3.5960,868442,1123.47
lazy_sched,784,5100,train,3.7163,869563,1123.47
lazy_sched,785,5100,train,3.7067,870682,1123.46
lazy_sched,786,5100,train,3.6507,871803,1123.46
lazy_sched,787,5100,train,3.7221,872924,1123.45
lazy_sched,788,5100,train,3.8353,874042,1123.45
lazy_sched,789,5100,train,3.7307,875172,1123.46
lazy_sched,790,5100,train,3.7058,876296,1123.46
lazy_sched,791,5100,train,3.7574,877422,1123.46
lazy_sched,792,5100,train,3.7129,878555,1123.47
lazy_sched,793,5100,train,3.9857,879684,1123.48
lazy_sched,794,5100,train,3.9550,880825,1123.50
lazy_sched,795,5100,train,3.6723,881959,1123.51
lazy_sched,796,5100,train,3.7522,883086,1123.52
lazy_sched,797,5100,train,3.7599,884205,1123.51
lazy_sched,798,5100,train,4.1722,885324,1123.51
lazy_sched,799,5100,train,3.8991,886446,1123.51
lazy_sched,800,5100,train,3.9197,887565,1123.50
lazy_sched,801,5100,train,3.8727,888686,1123.50
lazy_sched,802,5100,train,3.6817,889805,1123.49
lazy_sched,803,5100,train,4.0077,890926,1123.49
lazy_sched,804,5100,train,3.7860,892046,1123.48
lazy_sched,805,5100,train,3.7460,893166,1123.48
lazy_sched,806,5100,train,3.7612,894286,1123.47
lazy_sched,807,5100,train,3.8192,895405,1123.47
lazy_sched,808,5100,train,3.6689,896526,1123.47
lazy_sched,809,5100,train,3.6476,897646,1123.46
lazy_sched,810,5100,train,3.8070,898766,1123.46
lazy_sched,811,5100,train,4.1756,899886,1123.45
lazy_sched,812,5100,train,3.7075,901004,1123.45
lazy_sched,813,5100,train,3.8075,902125,1123.44
lazy_sched,814,5100,train,3.8340,903244,1123.44
lazy_sched,815,5100,train,3.7511,904365,1123.44
lazy_sched,816,5100,train,3.9719,905484,1123.43
lazy_sched,817,5100,train,3.7368,906605,1123.43
lazy_sched,818,5100,train,3.7241,907727,1123.42
lazy_sched,819,5100,train,3.7245,908846,1123.42
lazy_sched,820,5100,train,3.7616,909966,1123.42
lazy_sched,821,5100,train,3.7503,911088,1123.41
lazy_sched,822,5100,train,3.8327,912207,1123.41
lazy_sched,823,5100,train,3.7888,913326,1123.40
lazy_sched,824,5100,train,3.7505,914445,1123.40
lazy_sched,825,5100,train,3.7362,915566,1123.39
lazy_sched,826,5100,train,3.7923,916695,1123.40
lazy_sched,827,5100,train,3.7290,917824,1123.41
lazy_sched,828,5100,train,3.8209,918962,1123.43
lazy_sched,829,5100,train,3.7180,920097,1123.44
lazy_sched,830,5100,train,3.7497,921227,1123.45
lazy_sched,831,5100,train,3.6809,922358,1123.46
lazy_sched,832,5100,train,3.8031,923483,1123.46
lazy_sched,833,5100,train,4.0133,924613,1123.47
lazy_sched,834,5100,train,3.7865,925729,1123.46
lazy_sched,835,5100,train,3.8771,926847,1123.45
lazy_sched,836,5100,train,3.7365,927966,1123.45
lazy_sched,837,5100,train,3.6624,929086,1123.44
lazy_sched,838,5100,train,3.7034,930204,1123.43
lazy_sched,839,5100,train,3.8019,931326,1123.43
lazy_sched,840,5100,train,3.7057,932445,1123.43
lazy_sched,841,5100,train,3.7886,933566,1123.42
lazy_sched,842,5100,train,3.8247,934687,1123.42
lazy_sched,843,5100,train,3.7648,935806,1123.42
lazy_sched,844,5100,train,3.5952,936926,1123.41
lazy_sched,845,5100,train,3.8485,938046,1123.41
lazy_sched,846,5100,train,3.7458,939166,1123.40
lazy_sched,847,5100,train,3.7200,940285,1123.40
lazy_sched,848,5100,train,3.7670,941406,1123.40
lazy_sched,849,5100,train,3.7958,942526,1123.39
lazy_sched,850,5100,train,3.8719,943645,1123.39
lazy_sched,851,5100,train,3.7722,944764,1123.38
lazy_sched,852,5100,train,4.0575,945882,1123.38
lazy_sched,853,5100,train,3.7483,947000,1123.37
lazy_sched,854,5100,train,3.7321,948114,1123.36
lazy_sched,855,5100,train,3.7468,949228,1123.35
lazy_sched,856,5100,train,3.7443,950347,1123.34
lazy_sched,857,5100,train,3.7044,951467,1123.34
lazy_sched,858,5100,train,3.7576,952586,1123.33
lazy_sched,859,5100,train,3.7974,953706,1123.33
lazy_sched,860,5100,train,3.5025,954824,1123.32
lazy_sched,861,5100,train,3.6267,955944,1123.32
lazy_sched,862,5100,train,3.7457,957066,1123.32
lazy_sched,863,5100,train,3.5669,958194,1123.32
lazy_sched,864,5100,train,3.6237,959322,1123.33
lazy_sched,865,5100,train,3.7069,960455,1123.34
lazy_sched,866,5100,train,3.8990,961586,1123.35
lazy_sched,867,5100,train,3.6638,962718,1123.36
lazy_sched,868,5100,train,3.6924,963843,1123.36
lazy_sched,869,5100,train,3.8698,964974,1123.37
lazy_sched,870,5100,train,3.7128,966101,1123.37
lazy_sched,871,5100,train,3.8329,967218,1123.37
lazy_sched,872,5100,train,3.8992,968330,1123.35
lazy_sched,873,5100,train,3.7039,969448,1123.35
lazy_sched,874,5100,train,3.7527,970568,1123.34
lazy_sched,875,5100,train,3.7849,971686,1123.34
lazy_sched,875,5100,val,3.7266,971687,1123.34
lazy_sched,876,5100,train,3.7034,972812,1123.34
lazy_sched,877,5100,train,3.7638,973935,1123.34
lazy_sched,878,5100,train,3.5676,975055,1123.34
lazy_sched,879,5100,train,3.7197,976176,1123.33
lazy_sched,880,5100,train,3.7959,977296,1123.33
lazy_sched,881,5100,train,3.5664,978415,1123.32
lazy_sched,882,5100,train,3.6762,979538,1123.32
lazy_sched,883,5100,train,3.8354,980657,1123.32
lazy_sched,884,5100,train,3.7582,981777,1123.32
lazy_sched,885,5100,train,3.6457,982898,1123.31
lazy_sched,886,5100,train,3.7059,984016,1123.31
lazy_sched,887,5100,train,3.6439,985134,1123.30
lazy_sched,888,5100,train,3.7487,986255,1123.30
lazy_sched,889,5100,train,3.9304,987377,1123.30
lazy_sched,890,5100,train,3.6950,988497,1123.29
lazy_sched,891,5100,train,3.6139,989614,1123.29
lazy_sched,892,5100,train,3.5032,990733,1123.28
lazy_sched,893,5100,train,3.5912,991863,1123.29
lazy_sched,894,5100,train,3.9258,992989,1123.29
lazy_sched,895,5100,train,3.7284,994115,1123.29
lazy_sched,896,5100,train,3.7327,995249,1123.31
lazy_sched,897,5100,train,3.6655,996377,1123.31
lazy_sched,898,5100,train,3.7290,997510,1123.32
lazy_sched,899,5100,train,3.7553,998634,1123.32
lazy_sched,900,5100,train,3.7100,999765,1123.33
lazy_sched,901,5100,train,3.6582,1000879,1123.32
lazy_sched,902,5100,train,3.7029,1001997,1123.32
lazy_sched,903,5100,train,3.6961,1003116,1123.31
lazy_sched,904,5100,train,4.1658,1004236,1123.31
lazy_sched,905,5100,train,3.6955,1005357,1123.30
lazy_sched,906,5100,train,3.7579,1006477,1123.30
lazy_sched,907,5100,train,3.6106,1007595,1123.29
lazy_sched,908,5100,train,3.7204,1008715,1123.29
lazy_sched,909,5100,train,3.8275,1009835,1123.29
lazy_sched,910,5100,train,3.7430,1010956,1123.28
lazy_sched,911,5100,train,3.8232,1012078,1123.28
lazy_sched,912,5100,train,3.6812,1013198,1123.28
lazy_sched,913,5100,train,3.6356,1014318,1123.28
lazy_sched,914,5100,train,3.6471,1015437,1123.27
lazy_sched,915,5100,train,3.7725,1016556,1123.27
lazy_sched,916,5100,train,3.7552,1017677,1123.26
lazy_sched,917,5100,train,3.6400,1018795,1123.26
lazy_sched,918,5100,train,3.8070,1019919,1123.26
lazy_sched,919,5100,train,3.6501,1021037,1123.25
lazy_sched,920,5100,train,3.6489,1022158,1123.25
lazy_sched,921,5100,train,3.5659,1023276,1123.24
lazy_sched,922,5100,train,3.7775,1024395,1123.24
lazy_sched,923,5100,train,3.6133,1025516,1123.24
lazy_sched,924,5100,train,3.6765,1026634,1123.23
lazy_sched,925,5100,train,3.6479,1027757,1123.23
lazy_sched,926,5100,train,3.6300,1028876,1123.23
lazy_sched,927,5100,train,3.7148,1029996,1123.22
lazy_sched,928,5100,train,3.6230,1031120,1123.22
lazy_sched,929,5100,train,3.5722,1032238,1123.22
lazy_sched,930,5100,train,3.7625,1033366,1123.22
lazy_sched,931,5100,train,3.8062,1034492,1123.23
lazy_sched,932,5100,train,3.8299,1035622,1123.23
lazy_sched,933,5100,train,3.8057,1036750,1123.24
lazy_sched,934,5100,train,4.0015,1037880,1123.25
lazy_sched,935,5100,train,3.6170,1039011,1123.25
lazy_sched,936,5100,train,3.8875,1040141,1123.26
lazy_sched,937,5100,train,3.6104,1041258,1123.26
lazy_sched,938,5100,train,3.9341,1042378,1123.25
lazy_sched,939,5100,train,3.8061,1043498,1123.25
lazy_sched,940,5100,train,3.6760,1044617,1123.24
lazy_sched,941,5100,train,3.6843,1045738,1123.24
lazy_sched,942,5100,train,3.6330,1046858,1123.24
lazy_sched,943,5100,train,4.2916,1047976,1123.23
lazy_sched,944,5100,train,3.6182,1049101,1123.23
lazy_sched,945,5100,train,3.9936,1050219,1123.23
lazy_sched,946,5100,train,3.6765,1051339,1123.23
lazy_sched,947,5100,train,3.9214,1052457,1123.22
lazy_sched,948,5100,train,3.6333,1053577,1123.22
lazy_sched,949,5100,train,4.0285,1054697,1123.21
lazy_sched,950,5100,train,3.7160,1055818,1123.21
lazy_sched,951,5100,train,3.6645,1056940,1123.21
lazy_sched,952,5100,train,3.5849,1058059,1123.20
lazy_sched,953,5100,train,3.7352,1059178,1123.20
lazy_sched,954,5100,train,3.6759,1060486,1123.40
lazy_sched,955,5100,train,3.6835,1061602,1123.39
lazy_sched,956,5100,train,3.7992,1062718,1123.38
lazy_sched,957,5100,train,3.7793,1063838,1123.38
lazy_sched,958,5100,train,3.9151,1064957,1123.37
lazy_sched,959,5100,train,3.6523,1066076,1123.37
lazy_sched,960,5100,train,3.9779,1067198,1123.37
lazy_sched,961,5100,train,3.6968,1068317,1123.36
lazy_sched,962,5100,train,3.6629,1069437,1123.36
lazy_sched,963,5100,train,3.5817,1070556,1123.35
lazy_sched,964,5100,train,3.6036,1071677,1123.35
lazy_sched,965,5100,train,3.6816,1072797,1123.35
lazy_sched,966,5100,train,3.6803,1073928,1123.36
lazy_sched,967,5100,train,3.8253,1075054,1123.36
lazy_sched,968,5100,train,3.7422,1076187,1123.37
lazy_sched,969,5100,train,3.8293,1077316,1123.37
lazy_sched,970,5100,train,3.7611,1078448,1123.38
lazy_sched,971,5100,train,3.8988,1079575,1123.39
lazy_sched,972,5100,train,3.6616,1080711,1123.40
lazy_sched,973,5100,train,3.9207,1081841,1123.41
lazy_sched,974,5100,train,3.6698,1082961,1123.40
lazy_sched,975,5100,train,3.7791,1084080,1123.40
lazy_sched,976,5100,train,3.6765,1085200,1123.39
lazy_sched,977,5100,train,3.6096,1086317,1123.39
lazy_sched,978,5100,train,3.7215,1087438,1123.39
lazy_sched,979,5100,train,3.6774,1088558,1123.38
lazy_sched,980,5100,train,3.6730,1089678,1123.38
lazy_sched,981,5100,train,3.6896,1090797,1123.38
lazy_sched,982,5100,train,3.7258,1091916,1123.37
lazy_sched,983,5100,train,3.7496,1093035,1123.37
lazy_sched,984,5100,train,3.7179,1094152,1123.36
lazy_sched,985,5100,train,3.7613,1095269,1123.35
lazy_sched,986,5100,train,3.7325,1096380,1123.34
lazy_sched,987,5100,train,3.8998,1097498,1123.33
lazy_sched,988,5100,train,3.5596,1098616,1123.33
lazy_sched,989,5100,train,3.7010,1099737,1123.33
lazy_sched,990,5100,train,3.6500,1100857,1123.32
lazy_sched,991,5100,train,3.6227,1101975,1123.32
lazy_sched,992,5100,train,3.7751,1103095,1123.31
lazy_sched,993,5100,train,3.6585,1104210,1123.31
lazy_sched,994,5100,train,3.6799,1105321,1123.29
lazy_sched,995,5100,train,3.7615,1106437,1123.29
lazy_sched,996,5100,train,3.5960,1107557,1123.28
lazy_sched,997,5100,train,3.4894,1108677,1123.28
lazy_sched,998,5100,train,3.8502,1109795,1123.27
lazy_sched,999,5100,train,3.7292,1110916,1123.27
lazy_sched,1000,5100,train,3.7002,1112035,1123.27
lazy_sched,1000,5100,val,3.6877,1112036,1123.27
lazy_sched,1001,5100,train,3.6550,1113177,1123.29
lazy_sched,1002,5100,train,3.5611,1114307,1123.29
lazy_sched,1003,5100,train,3.6230,1115436,1123.30
lazy_sched,1004,5100,train,3.6155,1116565,1123.31
lazy_sched,1005,5100,train,3.8116,1117687,1123.30
lazy_sched,1006,5100,train,3.8235,1118806,1123.30
lazy_sched,1007,5100,train,3.7946,1119927,1123.30
lazy_sched,1008,5100,train,3.7404,1121046,1123.29
lazy_sched,1009,5100,train,3.7237,1122164,1123.29
lazy_sched,1010,5100,train,3.5466,1123282,1123.28
lazy_sched,1011,5100,train,3.7681,1124392,1123.27
lazy_sched,1012,5100,train,3.6962,1125509,1123.26
lazy_sched,1013,5100,train,3.7844,1126631,1123.26
lazy_sched,1014,5100,train,3.7922,1127750,1123.26
lazy_sched,1015,5100,train,3.7142,1128869,1123.25
lazy_sched,1016,5100,train,3.6657,1129988,1123.25
lazy_sched,1017,5100,train,3.8869,1131108,1123.25
lazy_sched,1018,5100,train,3.8426,1132229,1123.24
lazy_sched,1019,5100,train,3.6342,1133350,1123.24
lazy_sched,1020,5100,train,3.7833,1134468,1123.24
lazy_sched,1021,5100,train,3.7274,1135587,1123.23
lazy_sched,1022,5100,train,3.5636,1136708,1123.23
lazy_sched,1023,5100,train,3.6518,1137828,1123.23
lazy_sched,1024,5100,train,3.7054,1138946,1123.22
lazy_sched,1025,5100,train,3.4409,1140062,1123.21
lazy_sched,1026,5100,train,3.6786,1141172,1123.20
lazy_sched,1027,5100,train,3.5702,1142290,1123.20
lazy_sched,1028,5100,train,3.6713,1143410,1123.19
lazy_sched,1029,5100,train,3.6179,1144529,1123.19
lazy_sched,1030,5100,train,3.9255,1145647,1123.18
lazy_sched,1031,5100,train,3.6352,1146767,1123.18
lazy_sched,1032,5100,train,3.6107,1147887,1123.18
lazy_sched,1033,5100,train,3.6594,1149008,1123.18
lazy_sched,1034,5100,train,3.7888,1150140,1123.18
lazy_sched,1035,5100,train,3.7104,1151267,1123.19
lazy_sched,1036,5100,train,3.5950,1152399,1123.20
lazy_sched,1037,5100,train,3.7306,1153528,1123.20
lazy_sched,1038,5100,train,3.7382,1154661,1123.21
lazy_sched,1039,5100,train,3.8260,1155786,1123.21
lazy_sched,1040,5100,train,3.6091,1156917,1123.22
lazy_sched,1041,5100,train,3.7369,1158044,1123.22
lazy_sched,1042,5100,train,3.9026,1159157,1123.21
lazy_sched,1043,5100,train,3.7844,1160270,1123.20
lazy_sched,1044,5100,train,3.4992,1161389,1123.20
lazy_sched,1045,5100,train,3.7566,1162507,1123.20
lazy_sched,1046,5100,train,3.6457,1163627,1123.19
lazy_sched,1047,5100,train,3.5235,1164747,1123.19
lazy_sched,1048,5100,train,3.6560,1165862,1123.18
lazy_sched,1049,5100,train,3.7320,1166975,1123.17
lazy_sched,1050,5100,train,3.5855,1168089,1123.16
lazy_sched,1051,5100,train,3.6613,1169209,1123.16
lazy_sched,1052,5100,train,3.7371,1170327,1123.15
lazy_sched,1053,5100,train,3.5694,1171447,1123.15
lazy_sched,1054,5100,train,3.5729,1172566,1123.15
lazy_sched,1055,5100,train,3.7213,1173689,1123.15
lazy_sched,1056,5100,train,3.7568,1174807,1123.14
lazy_sched,1057,5100,train,3.5892,1175928,1123.14
lazy_sched,1058,5100,train,3.7620,1177047,1123.14
lazy_sched,1059,5100,train,3.6849,1178168,1123.13
lazy_sched,1060,5100,train,3.6586,1179287,1123.13
lazy_sched,1061,5100,train,3.8316,1180404,1123.12
lazy_sched,1062,5100,train,3.7207,1181516,1123.11
lazy_sched,1063,5100,train,3.5935,1182630,1123.10
lazy_sched,1064,5100,train,3.7065,1183749,1123.10
lazy_sched,1065,5100,train,3.6659,1184866,1123.10
lazy_sched,1066,5100,train,3.6172,1185985,1123.09
lazy_sched,1067,5100,train,3.7080,1187103,1123.09
lazy_sched,1068,5100,train,3.6502,1188214,1123.08
lazy_sched,1069,5100,train,3.7701,1189331,1123.07
lazy_sched,1070,5100,train,3.7496,1190459,1123.07
lazy_sched,1071,5100,train,3.7261,1191582,1123.07
lazy_sched,1072,5100,train,3.6926,1192708,1123.08
lazy_sched,1073,5100,train,3.7259,1193843,1123.09
lazy_sched,1074,5100,train,3.5913,1194971,1123.09
lazy_sched,1075,5100,train,3.6240,1196104,1123.10
lazy_sched,1076,5100,train,3.7501,1197229,1123.10
lazy_sched,1077,5100,train,3.6262,1198359,1123.11
lazy_sched,1078,5100,train,3.7054,1199474,1123.10
lazy_sched,1079,5100,train,3.7871,1200591,1123.10
lazy_sched,1080,5100,train,3.5857,1201709,1123.09
lazy_sched,1081,5100,train,3.8006,1202827,1123.09
lazy_sched,1082,5100,train,3.7009,1203947,1123.08
lazy_sched,1083,5100,train,3.7024,1205067,1123.08
lazy_sched,1084,5100,train,3.6634,1206184,1123.08
lazy_sched,1085,5100,train,3.8657,1207301,1123.07
lazy_sched,1086,5100,train,3.7789,1208415,1123.06
lazy_sched,1087,5100,train,3.6802,1209531,1123.06
lazy_sched,1088,5100,train,3.6979,1210649,1123.05
lazy_sched,1089,5100,train,3.6953,1211767,1123.05
lazy_sched,1090,5100,train,3.7845,1212887,1123.04
lazy_sched,1091,5100,train,3.7268,1214009,1123.04
lazy_sched,1092,5100,train,3.6238,1215129,1123.04
lazy_sched,1093,5100,train,3.6587,1216249,1123.04
lazy_sched,1094,5100,train,3.8934,1217369,1123.03
lazy_sched,1095,5100,train,3.6235,1218490,1123.03
lazy_sched,1096,5100,train,3.3717,1219609,1123.03
lazy_sched,1097,5100,train,3.7354,1220729,1123.03
lazy_sched,1098,5100,train,3.5225,1221846,1123.02
lazy_sched,1099,5100,train,3.7927,1222964,1123.02
lazy_sched,1100,5100,train,3.7930,1224079,1123.01
lazy_sched,1101,5100,train,3.6970,1225190,1123.00
lazy_sched,1102,5100,train,3.7625,1226309,1122.99
lazy_sched,1103,5100,train,3.7502,1227429,1122.99
lazy_sched,1104,5100,train,3.7399,1228549,1122.99
lazy_sched,1105,5100,train,3.6159,1229669,1122.99
lazy_sched,1106,5100,train,3.6256,1230789,1122.98
lazy_sched,1107,5100,train,3.7505,1231918,1122.99
lazy_sched,1108,5100,train,3.6042,1233046,1122.99
lazy_sched,1109,5100,train,3.7903,1234181,1123.00
lazy_sched,1110,5100,train,3.6255,1235311,1123.01
lazy_sched,1111,5100,train,3.7328,1236441,1123.02
lazy_sched,1112,5100,train,3.6053,1237567,1123.02
lazy_sched,1113,5100,train,3.6798,1238694,1123.02
lazy_sched,1114,5100,train,3.4965,1239824,1123.03
lazy_sched,1115,5100,train,3.5296,1240938,1123.02
lazy_sched,1116,5100,train,3.8443,1242051,1123.01
lazy_sched,1117,5100,train,3.6384,1243170,1123.01
lazy_sched,1118,5100,train,3.6641,1244290,1123.01
lazy_sched,1119,5100,train,3.5999,1245409,1123.00
lazy_sched,1120,5100,train,3.6525,1246529,1123.00
lazy_sched,1121,5100,train,3.6675,1247647,1122.99
lazy_sched,1122,5100,train,3.6426,1248767,1122.99
lazy_sched,1123,5100,train,3.8566,1249888,1122.99
lazy_sched,1124,5100,train,3.7664,1251008,1122.99
lazy_sched,1125,5100,train,3.5740,1252129,1122.99
lazy_sched,1125,5100,val,3.6583,1252129,1122.99
lazy_sched,1126,5100,train,3.5865,1253254,1122.99
lazy_sched,1127,5100,train,3.6803,1254370,1122.98
lazy_sched,1128,5100,train,3.6268,1255485,1122.97
lazy_sched,1129,5100,train,3.4759,1256602,1122.97
lazy_sched,1130,5100,train,3.6149,1257722,1122.97
lazy_sched,1131,5100,train,3.6329,1258840,1122.96
lazy_sched,1132,5100,train,3.6254,1259962,1122.96
lazy_sched,1133,5100,train,3.7499,1261080,1122.96
lazy_sched,1134,5100,train,3.7144,1262201,1122.95
lazy_sched,1135,5100,train,3.6196,1263321,1122.95
lazy_sched,1136,5100,train,3.9626,1264446,1122.95
lazy_sched,1137,5100,train,3.5569,1265572,1122.96
lazy_sched,1138,5100,train,3.9631,1266702,1122.96
lazy_sched,1139,5100,train,3.7413,1267834,1122.97
lazy_sched,1140,5100,train,4.4337,1268966,1122.98
lazy_sched,1141,5100,train,3.6104,1270099,1122.99
lazy_sched,1142,5100,train,3.4712,1271235,1123.00
lazy_sched,1143,5100,train,3.6721,1272361,1123.00
lazy_sched,1144,5100,train,3.7985,1273746,1123.23
lazy_sched,1145,5100,train,3.6958,1274864,1123.23
lazy_sched,1146,5100,train,3.6099,1275983,1123.22
lazy_sched,1147,5100,train,3.7092,1277103,1123.22
lazy_sched,1148,5100,train,3.8366,1278223,1123.22
lazy_sched,1149,5100,train,3.8021,1279342,1123.21
lazy_sched,1150,5100,train,3.7287,1280462,1123.21
lazy_sched,1151,5100,train,3.7389,1281583,1123.21
lazy_sched,1152,5100,train,3.5918,1282703,1123.21
lazy_sched,1153,5100,train,3.6089,1283823,1123.20
lazy_sched,1154,5100,train,3.5740,1284943,1123.20
lazy_sched,1155,5100,train,3.7336,1286065,1123.20
lazy_sched,1156,5100,train,3.6915,1287182,1123.20
lazy_sched,1157,5100,train,3.7606,1288303,1123.19
lazy_sched,1158,5100,train,3.6074,1289422,1123.19
lazy_sched,1159,5100,train,3.7812,1290543,1123.19
lazy_sched,1160,5100,train,3.7308,1291663,1123.18
lazy_sched,1161,5100,train,3.5474,1292783,1123.18
lazy_sched,1162,5100,train,3.5805,1293903,1123.18
lazy_sched,1163,5100,train,3.5736,1295024,1123.18
lazy_sched,1164,5100,train,3.3981,1296142,1123.17
lazy_sched,1165,5100,train,3.6876,1297261,1123.17
lazy_sched,1166,5100,train,3.6571,1298382,1123.17
lazy_sched,1167,5100,train,3.5242,1299502,1123.16
lazy_sched,1168,5100,train,3.5239,1300621,1123.16
lazy_sched,1169,5100,train,3.6240,1301742,1123.16
lazy_sched,1170,5100,train,3.6311,1302863,1123.16
lazy_sched,1171,5100,train,3.9519,1303981,1123.15
lazy_sched,1172,5100,train,3.6353,1305102,1123.15
lazy_sched,1173,5100,train,3.6480,1306235,1123.16
lazy_sched,1174,5100,train,3.5811,1307364,1123.16
lazy_sched,1175,5100,train,3.6504,1308499,1123.17
lazy_sched,1176,5100,train,3.7896,1309631,1123.18
lazy_sched,1177,5100,train,3.6300,1310763,1123.19
lazy_sched,1178,5100,train,3.6460,1311898,1123.20
lazy_sched,1179,5100,train,3.6934,1313029,1123.21
lazy_sched,1180,5100,train,3.6795,1314156,1123.21
lazy_sched,1181,5100,train,3.7435,1315284,1123.21
lazy_sched,1182,5100,train,3.6484,1316403,1123.21
lazy_sched,1183,5100,train,3.6718,1317522,1123.21
lazy_sched,1184,5100,train,3.5952,1318642,1123.20
lazy_sched,1185,5100,train,3.6428,1319763,1123.20
lazy_sched,1186,5100,train,3.5824,1320883,1123.20
lazy_sched,1187,5100,train,3.7507,1322002,1123.20
lazy_sched,1188,5100,train,3.8130,1323120,1123.19
lazy_sched,1189,5100,train,3.6076,1324240,1123.19
lazy_sched,1190,5100,train,3.6610,1325361,1123.19
lazy_sched,1191,5100,train,3.6899,1326480,1123.18
lazy_sched,1192,5100,train,3.5275,1327600,1123.18
lazy_sched,1193,5100,train,3.6980,1328722,1123.18
lazy_sched,1194,5100,train,3.8418,1329840,1123.18
lazy_sched,1195,5100,train,3.6440,1330957,1123.17
lazy_sched,1196,5100,train,3.5288,1332074,1123.17
lazy_sched,1197,5100,train,3.8252,1333187,1123.16
lazy_sched,1198,5100,train,3.6251,1334304,1123.15
lazy_sched,1199,5100,train,3.6318,1335424,1123.15
lazy_sched,1200,5100,train,3.5291,1336544,1123.15
lazy_sched,1201,5100,train,3.5366,1337662,1123.14
lazy_sched,1202,5100,train,3.5989,1338783,1123.14
lazy_sched,1203,5100,train,3.6803,1339903,1123.14
lazy_sched,1204,5100,train,3.7569,1341022,1123.13
lazy_sched,1205,5100,train,3.8267,1342143,1123.13
lazy_sched,1206,5100,train,3.6643,1343263,1123.13
lazy_sched,1207,5100,train,3.5962,1344380,1123.12
lazy_sched,1208,5100,train,3.6781,1345500,1123.12
lazy_sched,1209,5100,train,3.7318,1346622,1123.12
lazy_sched,1210,5100,train,3.7753,1347743,1123.12
lazy_sched,1211,5100,train,3.6486,1348871,1123.12
lazy_sched,1212,5100,train,3.5026,1349997,1123.13
lazy_sched,1213,5100,train,3.5569,1351122,1123.13
lazy_sched,1214,5100,train,3.6603,1352256,1123.14
lazy_sched,1215,5100,train,3.6653,1353381,1123.14
lazy_sched,1216,5100,train,3.6981,1354515,1123.15
lazy_sched,1217,5100,train,3.5908,1355639,1123.15
lazy_sched,1218,5100,train,3.6502,1356766,1123.15
lazy_sched,1219,5100,train,3.5857,1357883,1123.15
lazy_sched,1220,5100,train,3.5875,1359001,1123.14
lazy_sched,1221,5100,train,3.6785,1360120,1123.14
lazy_sched,1222,5100,train,3.5258,1361240,1123.14
lazy_sched,1223,5100,train,3.7520,1362361,1123.13
lazy_sched,1224,5100,train,3.7750,1363481,1123.13
lazy_sched,1225,5100,train,3.7075,1364600,1123.13
lazy_sched,1226,5100,train,3.5482,1365713,1123.12
lazy_sched,1227,5100,train,3.5484,1366825,1123.11
lazy_sched,1228,5100,train,3.6209,1367942,1123.11
lazy_sched,1229,5100,train,3.6013,1369062,1123.10
lazy_sched,1230,5100,train,3.5372,1370183,1123.10
lazy_sched,1231,5100,train,3.7096,1371300,1123.10
lazy_sched,1232,5100,train,3.6366,1372418,1123.09
lazy_sched,1233,5100,train,3.6917,1373531,1123.08
lazy_sched,1234,5100,train,3.8500,1374644,1123.08
lazy_sched,1235,5100,train,3.7502,1375764,1123.07
lazy_sched,1236,5100,train,3.6853,1376883,1123.07
lazy_sched,1237,5100,train,3.8411,1378003,1123.07
lazy_sched,1238,5100,train,3.5989,1379123,1123.06
lazy_sched,1239,5100,train,3.5631,1380241,1123.06
lazy_sched,1240,5100,train,3.5170,1381361,1123.06
lazy_sched,1241,5100,train,3.5846,1382482,1123.06
lazy_sched,1242,5100,train,3.5996,1383600,1123.05
lazy_sched,1243,5100,train,3.6475,1384721,1123.05
lazy_sched,1244,5100,train,3.7005,1385840,1123.05
lazy_sched,1245,5100,train,3.5660,1386959,1123.04
lazy_sched,1246,5100,train,3.6702,1388079,1123.04
lazy_sched,1247,5100,train,3.6772,1389200,1123.04
lazy_sched,1248,5100,train,3.6778,1390333,1123.05
lazy_sched,1249,5100,train,3.5099,1391462,1123.05
lazy_sched,1250,5100,train,3.6472,1392596,1123.06
lazy_sched,1250,5100,val,3.6285,1392596,1123.06
lazy_sched,1251,5100,train,3.7159,1393720,1123.06
lazy_sched,1252,5100,train,3.6768,1394842,1123.06
lazy_sched,1253,5100,train,3.5700,1395957,1123.05
lazy_sched,1254,5100,train,3.7839,1397072,1123.05
lazy_sched,1255,5100,train,3.6486,1398193,1123.05
lazy_sched,1256,5100,train,3.5820,1399311,1123.04
lazy_sched,1257,5100,train,3.7102,1400432,1123.04
lazy_sched,1258,5100,train,3.7692,1401552,1123.04
lazy_sched,1259,5100,train,3.5858,1402670,1123.03
lazy_sched,1260,5100,train,3.6167,1403789,1123.03
lazy_sched,1261,5100,train,3.6626,1404908,1123.03
lazy_sched,1262,5100,train,3.6139,1406026,1123.02
lazy_sched,1263,5100,train,3.4699,1407141,1123.02
lazy_sched,1264,5100,train,3.5752,1408254,1123.01
lazy_sched,1265,5100,train,3.6553,1409374,1123.01
lazy_sched,1266,5100,train,3.4880,1410492,1123.00
lazy_sched,1267,5100,train,3.7056,1411612,1123.00
lazy_sched,1268,5100,train,3.6925,1412733,1123.00
lazy_sched,1269,5100,train,3.6957,1413852,1123.00
lazy_sched,1270,5100,train,3.6371,1414971,1122.99
lazy_sched,1271,5100,train,3.6724,1416091,1122.99
lazy_sched,1272,5100,train,3.5292,1417212,1122.99
lazy_sched,1273,5100,train,3.3797,1418329,1122.98
lazy_sched,1274,5100,train,3.6578,1419448,1122.98
lazy_sched,1275,5100,train,3.6196,1420567,1122.98
lazy_sched,1276,5100,train,3.6767,1421681,1122.97
lazy_sched,1277,5100,train,3.6141,1422804,1122.97
lazy_sched,1278,5100,train,3.7188,1423925,1122.97
lazy_sched,1279,5100,train,3.7416,1425023,1122.95
lazy_sched,1280,5100,train,3.6950,1426153,1122.96
lazy_sched,1281,5100,train,3.6861,1427258,1122.94
lazy_sched,1282,5100,train,3.5156,1428389,1122.95
lazy_sched,1283,5100,train,3.6305,1429496,1122.93
lazy_sched,1284,5100,train,3.6941,1430628,1122.94
lazy_sched,1285,5100,train,3.7348,1431729,1122.93
lazy_sched,1286,5100,train,3.6150,1432852,1122.92
lazy_sched,1287,5100,train,3.6444,1433958,1122.91
lazy_sched,1288,5100,train,3.6285,1435073,1122.91
lazy_sched,1289,5100,train,3.6005,1436178,1122.89
lazy_sched,1290,5100,train,3.7334,1437294,1122.89
lazy_sched,1291,5100,train,3.5641,1438397,1122.87
lazy_sched,1292,5100,train,3.6510,1439514,1122.87
lazy_sched,1293,5100,train,3.7166,1440618,1122.85
lazy_sched,1294,5100,train,3.6419,1441735,1122.85
lazy_sched,1295,5100,train,3.7467,1442839,1122.83
lazy_sched,1296,5100,train,3.7708,1443956,1122.83
lazy_sched,1297,5100,train,3.7398,1445058,1122.81
lazy_sched,1298,5100,train,3.5340,1446173,1122.81
lazy_sched,1299,5100,train,3.6202,1447276,1122.79
lazy_sched,1300,5100,train,3.5177,1448394,1122.79
lazy_sched,1301,5100,train,3.5885,1449497,1122.77
lazy_sched,1302,5100,train,3.6523,1450614,1122.77
lazy_sched,1303,5100,train,3.6618,1451719,1122.75
lazy_sched,1304,5100,train,3.6643,1452834,1122.75
lazy_sched,1305,5100,train,3.8213,1453939,1122.73
lazy_sched,1306,5100,train,3.5905,1455056,1122.73
lazy_sched,1307,5100,train,3.7922,1456159,1122.71
lazy_sched,1308,5100,train,3.5222,1457276,1122.71
lazy_sched,1309,5100,train,3.7187,1458380,1122.69
lazy_sched,1310,5100,train,3.7132,1459500,1122.69
lazy_sched,1311,5100,train,3.5732,1460600,1122.67
lazy_sched,1312,5100,train,3.5491,1461720,1122.67
lazy_sched,1313,5100,train,3.5569,1462821,1122.66
lazy_sched,1314,5100,train,3.5413,1463946,1122.66
lazy_sched,1315,5100,train,3.6587,1465053,1122.65
lazy_sched,1316,5100,train,3.6057,1466184,1122.65
lazy_sched,1317,5100,train,3.3205,1467286,1122.64
lazy_sched,1318,5100,train,3.5447,1468422,1122.65
lazy_sched,1319,5100,train,3.6258,1469522,1122.63
lazy_sched,1320,5100,train,3.6604,1470649,1122.63
lazy_sched,1321,5100,train,3.5544,1471755,1122.62
lazy_sched,1322,5100,train,3.6755,1472888,1122.63
lazy_sched,1323,5100,train,3.7263,1473996,1122.62
lazy_sched,1324,5100,train,3.6165,1475114,1122.61
lazy_sched,1325,5100,train,3.5576,1476219,1122.60
lazy_sched,1326,5100,train,3.5889,1477334,1122.59
lazy_sched,1327,5100,train,3.6900,1478439,1122.58
lazy_sched,1328,5100,train,3.7387,1479554,1122.58
lazy_sched,1329,5100,train,3.4896,1480658,1122.56
lazy_sched,1330,5100,train,3.4198,1481774,1122.56
lazy_sched,1331,5100,train,3.7261,1482878,1122.54
lazy_sched,1332,5100,train,3.5744,1483994,1122.54
lazy_sched,1333,5100,train,3.6929,1485097,1122.52
lazy_sched,1334,5100,train,3.5455,1486213,1122.52
lazy_sched,1335,5100,train,3.6657,1487418,1122.58
lazy_sched,1336,5100,train,3.6418,1488539,1122.58
lazy_sched,1337,5100,train,3.5330,1489642,1122.56
lazy_sched,1338,5100,train,3.6054,1490767,1122.57
lazy_sched,1339,5100,train,3.6318,1491864,1122.55
lazy_sched,1340,5100,train,3.6203,1492990,1122.55
lazy_sched,1341,5100,train,3.5499,1494097,1122.54
lazy_sched,1342,5100,train,3.5710,1495214,1122.53
lazy_sched,1343,5100,train,3.7372,1496319,1122.52
lazy_sched,1344,5100,train,3.4925,1497434,1122.51
lazy_sched,1345,5100,train,3.5681,1498539,1122.50
lazy_sched,1346,5100,train,3.7765,1499656,1122.50
lazy_sched,1347,5100,train,3.6240,1500759,1122.48
lazy_sched,1348,5100,train,3.6551,1501882,1122.48
lazy_sched,1349,5100,train,3.5734,1502980,1122.46
lazy_sched,1350,5100,train,3.8538,1504102,1122.46
lazy_sched,1351,5100,train,3.5933,1505207,1122.45
lazy_sched,1352,5100,train,3.4038,1506329,1122.45
lazy_sched,1353,5100,train,3.5372,1507435,1122.44
lazy_sched,1354,5100,train,3.5275,1508567,1122.45
lazy_sched,1355,5100,train,3.6089,1509675,1122.43
lazy_sched,1356,5100,train,3.6863,1510806,1122.44
lazy_sched,1357,5100,train,3.6056,1511908,1122.43
lazy_sched,1358,5100,train,3.6780,1513047,1122.44
lazy_sched,1359,5100,train,3.5083,1514150,1122.42
lazy_sched,1360,5100,train,3.5324,1515285,1122.43
lazy_sched,1361,5100,train,4.6259,1516389,1122.42
lazy_sched,1362,5100,train,3.5537,1517512,1122.42
lazy_sched,1363,5100,train,3.5398,1518617,1122.41
lazy_sched,1364,5100,train,3.5466,1519734,1122.40
lazy_sched,1365,5100,train,3.4153,1520838,1122.39
lazy_sched,1366,5100,train,3.6418,1521955,1122.39
lazy_sched,1367,5100,train,3.3067,1523058,1122.37
lazy_sched,1368,5100,train,3.6217,1524175,1122.37
lazy_sched,1369,5100,train,3.6743,1525279,1122.35
lazy_sched,1370,5100,train,3.6477,1526398,1122.35
lazy_sched,1371,5100,train,3.7041,1527498,1122.34
lazy_sched,1372,5100,train,3.9205,1528614,1122.33
lazy_sched,1373,5100,train,3.5711,1529718,1122.32
lazy_sched,1374,5100,train,3.6832,1530834,1122.31
lazy_sched,1375,5100,train,4.1564,1531937,1122.30
lazy_sched,1375,5100,val,3.5747,1531937,1122.30
lazy_sched,1376,5100,train,3.5657,1533061,1122.30
lazy_sched,1377,5100,train,3.5925,1534167,1122.29
lazy_sched,1378,5100,train,3.5357,1535282,1122.28
lazy_sched,1379,5100,train,3.6649,1536388,1122.27
lazy_sched,1380,5100,train,3.6635,1537503,1122.26
lazy_sched,1381,5100,train,3.5730,1538606,1122.25
lazy_sched,1382,5100,train,3.8613,1539723,1122.25
lazy_sched,1383,5100,train,3.5611,1540826,1122.23
lazy_sched,1384,5100,train,3.6537,1541959,1122.24
lazy_sched,1385,5100,train,3.5789,1543066,1122.23
lazy_sched,1386,5100,train,3.7375,1544199,1122.24
lazy_sched,1387,5100,train,3.3998,1545307,1122.23
lazy_sched,1388,5100,train,3.5562,1546436,1122.23
lazy_sched,1389,5100,train,3.4914,1547536,1122.22
lazy_sched,1390,5100,train,3.6343,1548673,1122.23
lazy_sched,1391,5100,train,3.6675,1549772,1122.21
lazy_sched,1392,5100,train,3.6379,1550888,1122.21
lazy_sched,1393,5100,train,3.5965,1551988,1122.19
lazy_sched,1394,5100,train,3.6880,1553106,1122.19
lazy_sched,1395,5100,train,3.6128,1554208,1122.17
lazy_sched,1396,5100,train,3.5102,1555323,1122.17
lazy_sched,1397,5100,train,3.7050,1556427,1122.15
lazy_sched,1398,5100,train,3.5059,1557544,1122.15
lazy_sched,1399,5100,train,3.5593,1558646,1122.14
lazy_sched,1400,5100,train,3.7554,1559765,1122.13
lazy_sched,1401,5100,train,3.5125,1560867,1122.12
lazy_sched,1402,5100,train,3.5053,1561982,1122.11
lazy_sched,1403,5100,train,3.5295,1563086,1122.10
lazy_sched,1404,5100,train,3.7810,1564203,1122.10
lazy_sched,1405,5100,train,3.4764,1565307,1122.08
lazy_sched,1406,5100,train,3.4559,1566423,1122.08
lazy_sched,1407,5100,train,3.6668,1567527,1122.07
lazy_sched,1408,5100,train,3.7545,1568654,1122.07
lazy_sched,1409,5100,train,3.4285,1569761,1122.06
lazy_sched,1410,5100,train,3.6029,1570880,1122.06
lazy_sched,1411,5100,train,3.7040,1571987,1122.05
lazy_sched,1412,5100,train,3.7370,1573104,1122.04
lazy_sched,1413,5100,train,3.6598,1574209,1122.03
lazy_sched,1414,5100,train,3.4122,1575325,1122.03
lazy_sched,1415,5100,train,3.4892,1576427,1122.01
lazy_sched,1416,5100,train,3.6427,1577543,1122.01
lazy_sched,1417,5100,train,3.5769,1578646,1121.99
lazy_sched,1418,5100,train,3.4318,1579762,1121.99
lazy_sched,1419,5100,train,3.6249,1580868,1121.98
lazy_sched,1420,5100,train,3.5405,1581988,1121.98
lazy_sched,1421,5100,train,3.5226,1583089,1121.96
lazy_sched,1422,5100,train,3.5535,1584219,1121.97
lazy_sched,1423,5100,train,3.8274,1585326,1121.96
lazy_sched,1424,5100,train,3.7842,1586456,1121.96
lazy_sched,1425,5100,train,3.4636,1587563,1121.95
lazy_sched,1426,5100,train,3.5349,1588697,1121.96
lazy_sched,1427,5100,train,3.4296,1589805,1121.95
lazy_sched,1428,5100,train,3.6267,1590935,1121.96
lazy_sched,1429,5100,train,3.6287,1592041,1121.95
lazy_sched,1430,5100,train,3.7031,1593163,1121.95
lazy_sched,1431,5100,train,3.5013,1594268,1121.93
lazy_sched,1432,5100,train,3.4122,1595387,1121.93
lazy_sched,1433,5100,train,3.6435,1596488,1121.92
lazy_sched,1434,5100,train,3.5623,1597613,1121.92
lazy_sched,1435,5100,train,3.5054,1598710,1121.90
lazy_sched,1436,5100,train,3.6116,1599833,1121.90
lazy_sched,1437,5100,train,3.5148,1600943,1121.89
lazy_sched,1438,5100,train,3.5350,1602061,1121.89
lazy_sched,1439,5100,train,3.5925,1603166,1121.88
lazy_sched,1440,5100,train,3.6779,1604287,1121.88
lazy_sched,1441,5100,train,3.6611,1605389,1121.86
lazy_sched,1442,5100,train,3.5899,1606512,1121.87
lazy_sched,1443,5100,train,3.4696,1607612,1121.85
lazy_sched,1444,5100,train,3.4658,1608737,1121.85
lazy_sched,1445,5100,train,3.5579,1609845,1121.84
lazy_sched,1446,5100,train,3.5074,1610961,1121.84
lazy_sched,1447,5100,train,3.6120,1612066,1121.83
lazy_sched,1448,5100,train,3.5812,1613189,1121.83
lazy_sched,1449,5100,train,3.6615,1614297,1121.82
lazy_sched,1450,5100,train,3.5106,1615420,1121.82
lazy_sched,1451,5100,train,3.5223,1616524,1121.81
lazy_sched,1452,5100,train,3.5888,1617644,1121.81
lazy_sched,1453,5100,train,3.5673,1618749,1121.79
lazy_sched,1454,5100,train,3.5693,1619869,1121.79
lazy_sched,1455,5100,train,3.3437,1620969,1121.78
lazy_sched,1456,5100,train,3.5421,1622092,1121.78
lazy_sched,1457,5100,train,3.5201,1623195,1121.77
lazy_sched,1458,5100,train,3.5975,1624320,1121.77
lazy_sched,1459,5100,train,3.5746,1625427,1121.76
lazy_sched,1460,5100,train,3.6152,1626558,1121.76
lazy_sched,1461,5100,train,3.5859,1627667,1121.76
lazy_sched,1462,5100,train,3.3120,1628800,1121.76
lazy_sched,1463,5100,train,3.5873,1629907,1121.75
lazy_sched,1464,5100,train,3.5660,1631035,1121.76
lazy_sched,1465,5100,train,3.5648,1632142,1121.75
lazy_sched,1466,5100,train,3.6108,1633275,1121.75
lazy_sched,1467,5100,train,3.9614,1634378,1121.74
lazy_sched,1468,5100,train,3.5573,1635501,1121.74
lazy_sched,1469,5100,train,3.6465,1636608,1121.73
lazy_sched,1470,5100,train,3.5493,1637723,1121.73
lazy_sched,1471,5100,train,3.5370,1638827,1121.72
lazy_sched,1472,5100,train,3.5413,1639947,1121.71
lazy_sched,1473,5100,train,3.6361,1641051,1121.70
lazy_sched,1474,5100,train,3.5573,1642173,1121.70
lazy_sched,1475,5100,train,3.5719,1643279,1121.69
lazy_sched,1476,5100,train,3.7012,1644402,1121.69
lazy_sched,1477,5100,train,3.5447,1645509,1121.68
lazy_sched,1478,5100,train,3.3947,1646624,1121.68
lazy_sched,1479,5100,train,3.5439,1647728,1121.67
lazy_sched,1480,5100,train,3.5981,1648848,1121.67
lazy_sched,1481,5100,train,3.5170,1649952,1121.65
lazy_sched,1482,5100,train,3.5050,1651078,1121.66
lazy_sched,1483,5100,train,3.6161,1652186,1121.65
lazy_sched,1484,5100,train,3.3553,1653302,1121.64
lazy_sched,1485,5100,train,3.6341,1654407,1121.63
lazy_sched,1486,5100,train,3.5213,1655530,1121.63
lazy_sched,1487,5100,train,3.5151,1656637,1121.62
lazy_sched,1488,5100,train,3.4751,1657760,1121.62
lazy_sched,1489,5100,train,3.5296,1658867,1121.61
lazy_sched,1490,5100,train,3.4125,1659984,1121.61
lazy_sched,1491,5100,train,3.5814,1661087,1121.60
lazy_sched,1492,5100,train,3.4832,1662212,1121.60
lazy_sched,1493,5100,train,3.4243,1663316,1121.59
lazy_sched,1494,5100,train,3.4479,1664439,1121.59
lazy_sched,1495,5100,train,3.5284,1665544,1121.58
lazy_sched,1496,5100,train,3.4531,1666660,1121.57
lazy_sched,1497,5100,train,3.5460,1667767,1121.57
lazy_sched,1498,5100,train,3.4765,1668904,1121.58
lazy_sched,1499,5100,train,3.3933,1670009,1121.56
lazy_sched,1500,5100,train,3.4417,1671136,1121.57
lazy_sched,1500,5100,val,3.5553,1671137,1121.57
lazy_sched,1501,5100,train,3.6037,1672247,1121.56
lazy_sched,1502,5100,train,3.5441,1673367,1121.56
lazy_sched,1503,5100,train,3.5357,1674472,1121.55
lazy_sched,1504,5100,train,3.6000,1675592,1121.55
lazy_sched,1505,5100,train,3.5183,1676693,1121.53
lazy_sched,1506,5100,train,3.5043,1677816,1121.53
lazy_sched,1507,5100,train,3.5051,1678915,1121.52
lazy_sched,1508,5100,train,3.5851,1680042,1121.52
lazy_sched,1509,5100,train,3.5707,1681150,1121.51
lazy_sched,1510,5100,train,3.5527,1682269,1121.51
lazy_sched,1511,5100,train,3.5844,1683372,1121.50
lazy_sched,1512,5100,train,3.5247,1684492,1121.50
lazy_sched,1513,5100,train,3.6571,1685593,1121.49
lazy_sched,1514,5100,train,3.5252,1686719,1121.49
lazy_sched,1515,5100,train,3.5513,1687827,1121.48
lazy_sched,1516,5100,train,3.5046,1688946,1121.48
lazy_sched,1517,5100,train,3.4519,1690050,1121.47
lazy_sched,1518,5100,train,3.6578,1691168,1121.46
lazy_sched,1519,5100,train,3.6452,1692273,1121.45
lazy_sched,1520,5100,train,3.6165,1693400,1121.46
lazy_sched,1521,5100,train,3.5072,1694504,1121.45
lazy_sched,1522,5100,train,3.6632,1695626,1121.45
lazy_sched,1523,5100,train,3.4646,1696732,1121.44
lazy_sched,1524,5100,train,3.5597,1697848,1121.43
lazy_sched,1525,5100,train,3.5465,1699061,1121.49
lazy_sched,1526,5100,train,3.5395,1700172,1121.49
lazy_sched,1527,5100,train,3.5070,1701274,1121.47
lazy_sched,1528,5100,train,3.6902,1702405,1121.48
lazy_sched,1529,5100,train,3.5446,1703513,1121.47
lazy_sched,1530,5100,train,3.5804,1704653,1121.48
lazy_sched,1531,5100,train,3.5553,1705754,1121.47
lazy_sched,1532,5100,train,3.5713,1706896,1121.48
lazy_sched,1533,5100,train,3.5109,1707996,1121.47
lazy_sched,1534,5100,train,3.5564,1709127,1121.47
lazy_sched,1535,5100,train,3.5328,1710233,1121.46
lazy_sched,1536,5100,train,3.6271,1711355,1121.46
lazy_sched,1537,5100,train,3.5158,1712455,1121.45
lazy_sched,1538,5100,train,3.6222,1713578,1121.45
lazy_sched,1539,5100,train,3.4686,1714678,1121.44
lazy_sched,1540,5100,train,3.7675,1715795,1121.43
lazy_sched,1541,5100,train,3.4257,1716896,1121.42
lazy_sched,1542,5100,train,3.5496,1718021,1121.42
lazy_sched,1543,5100,train,3.5620,1719130,1121.42
lazy_sched,1544,5100,train,3.4366,1720247,1121.41
lazy_sched,1545,5100,train,3.5234,1721352,1121.40
lazy_sched,1546,5100,train,3.7086,1722469,1121.40
lazy_sched,1547,5100,train,3.4262,1723573,1121.39
lazy_sched,1548,5100,train,3.5500,1724689,1121.38
lazy_sched,1549,5100,train,3.5512,1725792,1121.37
lazy_sched,1550,5100,train,3.7931,1726908,1121.37
lazy_sched,1551,5100,train,3.4864,1728011,1121.36
lazy_sched,1552,5100,train,3.6403,1729138,1121.36
lazy_sched,1553,5100,train,3.6115,1730247,1121.35
lazy_sched,1554,5100,train,3.6025,1731365,1121.35
lazy_sched,1555,5100,train,3.6864,1732471,1121.34
lazy_sched,1556,5100,train,3.4409,1733588,1121.34
lazy_sched,1557,5100,train,3.5992,1734692,1121.33
lazy_sched,1558,5100,train,3.5503,1735808,1121.32
lazy_sched,1559,5100,train,3.5868,1736911,1121.31
lazy_sched,1560,5100,train,3.6532,1738028,1121.31
lazy_sched,1561,5100,train,3.5737,1739133,1121.30
lazy_sched,1562,5100,train,3.3250,1740252,1121.30
lazy_sched,1563,5100,train,3.3638,1741353,1121.28
lazy_sched,1564,5100,train,3.7751,1742474,1121.28
lazy_sched,1565,5100,train,3.4889,1743574,1121.27
lazy_sched,1566,5100,train,3.5570,1744713,1121.28
lazy_sched,1567,5100,train,3.5648,1745816,1121.27
lazy_sched,1568,5100,train,3.5738,1746957,1121.28
lazy_sched,1569,5100,train,3.5599,1748058,1121.27
lazy_sched,1570,5100,train,3.5170,1749194,1121.28
lazy_sched,1571,5100,train,3.4367,1750295,1121.27
lazy_sched,1572,5100,train,3.5308,1751420,1121.27
lazy_sched,1573,5100,train,3.6103,1752524,1121.26
lazy_sched,1574,5100,train,3.5287,1753647,1121.26
lazy_sched,1575,5100,train,3.5639,1754752,1121.25
lazy_sched,1576,5100,train,3.4987,1755869,1121.24
lazy_sched,1577,5100,train,3.5108,1756973,1121.23
lazy_sched,1578,5100,train,3.6318,1758089,1121.23
lazy_sched,1579,5100,train,3.6811,1759192,1121.22
lazy_sched,1580,5100,train,3.5750,1760307,1121.21
lazy_sched,1581,5100,train,3.9053,1761411,1121.20
lazy_sched,1582,5100,train,3.5970,1762525,1121.20
lazy_sched,1583,5100,train,3.7258,1763629,1121.19
lazy_sched,1584,5100,train,3.4876,1764748,1121.19
lazy_sched,1585,5100,train,3.5472,1765852,1121.18
lazy_sched,1586,5100,train,3.7070,1766967,1121.17
lazy_sched,1587,5100,train,3.4674,1768071,1121.16
lazy_sched,1588,5100,train,3.5078,1769187,1121.16
lazy_sched,1589,5100,train,3.6033,1770293,1121.15
lazy_sched,1590,5100,train,3.4854,1771407,1121.14
lazy_sched,1591,5100,train,3.4652,1772511,1121.13
lazy_sched,1592,5100,train,3.4669,1773630,1121.13
lazy_sched,1593,5100,train,3.5800,1774733,1121.12
lazy_sched,1594,5100,train,3.4729,1775852,1121.12
lazy_sched,1595,5100,train,3.2228,1776953,1121.11
lazy_sched,1596,5100,train,3.4780,1778070,1121.10
lazy_sched,1597,5100,train,3.4621,1779173,1121.09
lazy_sched,1598,5100,train,3.6305,1780293,1121.09
lazy_sched,1599,5100,train,3.5203,1781393,1121.08
lazy_sched,1600,5100,train,3.5589,1782517,1121.08
lazy_sched,1601,5100,train,3.5630,1783620,1121.07
lazy_sched,1602,5100,train,3.4210,1784745,1121.07
lazy_sched,1603,5100,train,3.5007,1785851,1121.06
lazy_sched,1604,5100,train,3.4930,1786980,1121.07
lazy_sched,1605,5100,train,3.5659,1788080,1121.05
lazy_sched,1606,5100,train,3.5508,1789218,1121.06
lazy_sched,1607,5100,train,3.3732,1790322,1121.05
lazy_sched,1608,5100,train,3.5247,1791461,1121.06
lazy_sched,1609,5100,train,3.6361,1792562,1121.05
lazy_sched,1610,5100,train,3.5262,1793699,1121.06
lazy_sched,1611,5100,train,3.6775,1794798,1121.05
lazy_sched,1612,5100,train,3.4149,1795914,1121.04
lazy_sched,1613,5100,train,3.4745,1797014,1121.03
lazy_sched,1614,5100,train,3.5520,1798134,1121.03
lazy_sched,1615,5100,train,3.4924,1799234,1121.02
lazy_sched,1616,5100,train,3.5206,1800358,1121.02
lazy_sched,1617,5100,train,3.4793,1801456,1121.01
lazy_sched,1618,5100,train,3.4401,1802577,1121.01
lazy_sched,1619,5100,train,3.5486,1803680,1120.99
lazy_sched,1620,5100,train,3.4405,1804802,1121.00
lazy_sched,1621,5100,train,3.5380,1805910,1120.99
lazy_sched,1622,5100,train,3.4081,1807026,1120.98
lazy_sched,1623,5100,train,3.6507,1808131,1120.97
lazy_sched,1624,5100,train,3.3953,1809249,1120.97
lazy_sched,1625,5100,train,3.5259,1810353,1120.96
lazy_sched,1625,5100,val,3.5396,1810354,1120.96
lazy_sched,1626,5100,train,3.4460,1811477,1120.96
lazy_sched,1627,5100,train,3.4270,1812581,1120.95
lazy_sched,1628,5100,train,3.4992,1813702,1120.95
lazy_sched,1629,5100,train,3.2519,1814803,1120.94
lazy_sched,1630,5100,train,3.6009,1815928,1120.94
lazy_sched,1631,5100,train,3.5845,1817032,1120.93
lazy_sched,1632,5100,train,3.4031,1818152,1120.93
lazy_sched,1633,5100,train,3.4768,1819259,1120.92
lazy_sched,1634,5100,train,3.6395,1820388,1120.93
lazy_sched,1635,5100,train,3.6943,1821496,1120.92
lazy_sched,1636,5100,train,3.5320,1822628,1120.93
lazy_sched,1637,5100,train,3.4581,1823732,1120.92
lazy_sched,1638,5100,train,3.5738,1824868,1120.93
lazy_sched,1639,5100,train,3.3486,1825969,1120.91
lazy_sched,1640,5100,train,3.6654,1827099,1120.92
lazy_sched,1641,5100,train,3.5034,1828201,1120.91
lazy_sched,1642,5100,train,3.7562,1829321,1120.91
lazy_sched,1643,5100,train,3.3849,1830421,1120.89
lazy_sched,1644,5100,train,3.4019,1831540,1120.89
lazy_sched,1645,5100,train,3.4518,1832640,1120.88
lazy_sched,1646,5100,train,3.5192,1833761,1120.88
lazy_sched,1647,5100,train,3.4294,1834861,1120.87
lazy_sched,1648,5100,train,3.6370,1835985,1120.87
lazy_sched,1649,5100,train,3.4697,1837086,1120.86
lazy_sched,1650,5100,train,3.4946,1838209,1120.86
lazy_sched,1651,5100,train,3.4219,1839312,1120.85
lazy_sched,1652,5100,train,3.5225,1840434,1120.85
lazy_sched,1653,5100,train,3.7341,1841540,1120.84
lazy_sched,1654,5100,train,3.5843,1842657,1120.84
lazy_sched,1655,5100,train,3.3696,1843760,1120.83
lazy_sched,1656,5100,train,3.4903,1844881,1120.83
lazy_sched,1657,5100,train,3.5245,1845982,1120.81
lazy_sched,1658,5100,train,3.4859,1847105,1120.82
lazy_sched,1659,5100,train,3.5626,1848214,1120.81
lazy_sched,1660,5100,train,3.4964,1849332,1120.81
lazy_sched,1661,5100,train,3.6344,1850438,1120.80
lazy_sched,1662,5100,train,3.5786,1851556,1120.80
lazy_sched,1663,5100,train,3.6410,1852658,1120.79
lazy_sched,1664,5100,train,3.5381,1853775,1120.78
lazy_sched,1665,5100,train,3.4902,1854879,1120.77
lazy_sched,1666,5100,train,3.6400,1855994,1120.77
lazy_sched,1667,5100,train,3.4056,1857100,1120.76
lazy_sched,1668,5100,train,3.5117,1858215,1120.76
lazy_sched,1669,5100,train,3.4996,1859319,1120.75
lazy_sched,1670,5100,train,3.5214,1860437,1120.75
lazy_sched,1671,5100,train,3.4348,1861538,1120.73
lazy_sched,1672,5100,train,3.5878,1862675,1120.74
lazy_sched,1673,5100,train,3.4561,1863781,1120.73
lazy_sched,1674,5100,train,3.5350,1864910,1120.74
lazy_sched,1675,5100,train,3.5056,1866017,1120.73
lazy_sched,1676,5100,train,3.7162,1867149,1120.74
lazy_sched,1677,5100,train,3.5265,1868251,1120.73
lazy_sched,1678,5100,train,3.4214,1869386,1120.73
lazy_sched,1679,5100,train,3.5592,1870484,1120.72
lazy_sched,1680,5100,train,3.4875,1871597,1120.72
lazy_sched,1681,5100,train,3.6232,1872699,1120.71
lazy_sched,1682,5100,train,3.7121,1873819,1120.71
lazy_sched,1683,5100,train,3.6435,1874919,1120.69
lazy_sched,1684,5100,train,3.4889,1876044,1120.70
lazy_sched,1685,5100,train,3.5536,1877144,1120.68
lazy_sched,1686,5100,train,3.4971,1878265,1120.68
lazy_sched,1687,5100,train,3.5075,1879369,1120.67
lazy_sched,1688,5100,train,3.4341,1880491,1120.67
lazy_sched,1689,5100,train,3.5945,1881598,1120.67
lazy_sched,1690,5100,train,3.5337,1882713,1120.66
lazy_sched,1691,5100,train,3.5763,1883817,1120.65
lazy_sched,1692,5100,train,3.4702,1884934,1120.65
lazy_sched,1693,5100,train,3.6804,1886039,1120.64
lazy_sched,1694,5100,train,3.5199,1887154,1120.64
lazy_sched,1695,5100,train,3.3646,1888258,1120.63
lazy_sched,1696,5100,train,3.4731,1889373,1120.62
lazy_sched,1697,5100,train,3.5097,1890479,1120.62
lazy_sched,1698,5100,train,3.4819,1891595,1120.61
lazy_sched,1699,5100,train,3.5565,1892699,1120.60
lazy_sched,1700,5100,train,3.5360,1893816,1120.60
lazy_sched,1701,5100,train,3.5489,1894919,1120.59
lazy_sched,1702,5100,train,3.5880,1896034,1120.59
lazy_sched,1703,5100,train,3.4937,1897139,1120.58
lazy_sched,1704,5100,train,3.5226,1898255,1120.58
lazy_sched,1705,5100,train,3.7502,1899359,1120.57
lazy_sched,1706,5100,train,3.6031,1900475,1120.56
lazy_sched,1707,5100,train,3.5058,1901578,1120.55
lazy_sched,1708,5100,train,3.5048,1902704,1120.56
lazy_sched,1709,5100,train,3.5899,1903804,1120.54
lazy_sched,1710,5100,train,3.5671,1904939,1120.55
lazy_sched,1711,5100,train,3.6065,1906041,1120.54
lazy_sched,1712,5100,train,3.3794,1907173,1120.55
lazy_sched,1713,5100,train,3.4328,1908280,1120.54
lazy_sched,1714,5100,train,3.5779,1909412,1120.55
lazy_sched,1715,5100,train,3.3699,1910518,1120.54
lazy_sched,1716,5100,train,3.5250,1911904,1120.69
lazy_sched,1717,5100,train,3.5805,1913010,1120.69
lazy_sched,1718,5100,train,3.5924,1914128,1120.68
lazy_sched,1719,5100,train,3.4190,1915234,1120.68
lazy_sched,1720,5100,train,3.6893,1916355,1120.68
lazy_sched,1721,5100,train,3.4010,1917460,1120.67
lazy_sched,1722,5100,train,3.3928,1918573,1120.66
lazy_sched,1723,5100,train,3.5601,1919679,1120.65
lazy_sched,1724,5100,train,3.5292,1920795,1120.65
lazy_sched,1725,5100,train,3.4886,1921900,1120.64
lazy_sched,1726,5100,train,3.5934,1923018,1120.64
lazy_sched,1727,5100,train,3.4851,1924119,1120.63
lazy_sched,1728,5100,train,3.5616,1925234,1120.63
lazy_sched,1729,5100,train,3.5599,1926338,1120.62
lazy_sched,1730,5100,train,3.4997,1927454,1120.61
lazy_sched,1731,5100,train,3.5171,1928559,1120.60
lazy_sched,1732,5100,train,3.5701,1929675,1120.60
lazy_sched,1733,5100,train,3.6807,1930779,1120.59
lazy_sched,1734,5100,train,3.5746,1931895,1120.59
lazy_sched,1735,5100,train,3.5001,1933000,1120.58
lazy_sched,1736,5100,train,3.5939,1934117,1120.58
lazy_sched,1737,5100,train,3.5959,1935219,1120.57
lazy_sched,1738,5100,train,3.5036,1936335,1120.56
lazy_sched,1739,5100,train,3.3566,1937437,1120.55
lazy_sched,1740,5100,train,3.5871,1938554,1120.55
lazy_sched,1741,5100,train,3.7413,1939658,1120.54
lazy_sched,1742,5100,train,3.4547,1940774,1120.54
lazy_sched,1743,5100,train,3.5904,1941878,1120.53
lazy_sched,1744,5100,train,3.4559,1942996,1120.53
lazy_sched,1745,5100,train,3.5090,1944100,1120.52
lazy_sched,1746,5100,train,3.5192,1945231,1120.52
lazy_sched,1747,5100,train,3.4227,1946339,1120.52
lazy_sched,1748,5100,train,3.3769,1947468,1120.52
lazy_sched,1749,5100,train,3.4221,1948573,1120.51
lazy_sched,1750,5100,train,3.5340,1949707,1120.52
lazy_sched,1750,5100,val,3.5200,1949708,1120.52
lazy_sched,1751,5100,train,3.5144,1950817,1120.52
lazy_sched,1752,5100,train,3.7598,1951939,1120.52
lazy_sched,1753,5100,train,3.5427,1953044,1120.51
lazy_sched,1754,5100,train,3.5398,1954163,1120.51
lazy_sched,1755,5100,train,3.5351,1955266,1120.50
lazy_sched,1756,5100,train,3.5734,1956388,1120.50
lazy_sched,1757,5100,train,3.5358,1957494,1120.49
lazy_sched,1758,5100,train,3.5768,1958610,1120.49
lazy_sched,1759,5100,train,3.5664,1959714,1120.48
lazy_sched,1760,5100,train,3.5252,1960833,1120.48
lazy_sched,1761,5100,train,3.5807,1961934,1120.46
lazy_sched,1762,5100,train,3.5845,1963049,1120.46
lazy_sched,1763,5100,train,3.6259,1964152,1120.45
lazy_sched,1764,5100,train,3.5630,1965269,1120.45
lazy_sched,1765,5100,train,3.5484,1966375,1120.44
lazy_sched,1766,5100,train,3.7297,1967491,1120.44
lazy_sched,1767,5100,train,3.5754,1968593,1120.43
lazy_sched,1768,5100,train,3.5099,1969712,1120.43
lazy_sched,1769,5100,train,3.5310,1970813,1120.42
lazy_sched,1770,5100,train,3.4712,1971932,1120.42
lazy_sched,1771,5100,train,3.5533,1973035,1120.41
lazy_sched,1772,5100,train,3.4342,1974149,1120.40
lazy_sched,1773,5100,train,3.4559,1975254,1120.39
lazy_sched,1774,5100,train,3.5707,1976369,1120.39
lazy_sched,1775,5100,train,3.5568,1977475,1120.38
lazy_sched,1776,5100,train,3.5016,1978597,1120.38
lazy_sched,1777,5100,train,3.5253,1979699,1120.37
lazy_sched,1778,5100,train,3.4951,1980836,1120.38
lazy_sched,1779,5100,train,3.5100,1981937,1120.37
lazy_sched,1780,5100,train,3.4842,1983073,1120.38
lazy_sched,1781,5100,train,3.5316,1984176,1120.37
lazy_sched,1782,5100,train,3.5447,1985306,1120.38
lazy_sched,1783,5100,train,3.6037,1986414,1120.37
lazy_sched,1784,5100,train,3.3235,1987547,1120.38
lazy_sched,1785,5100,train,3.4410,1988655,1120.37
lazy_sched,1786,5100,train,3.4977,1989770,1120.37
lazy_sched,1787,5100,train,3.5900,1990875,1120.36
lazy_sched,1788,5100,train,3.3930,1991992,1120.36
lazy_sched,1789,5100,train,3.5404,1993094,1120.35
lazy_sched,1790,5100,train,3.5415,1994218,1120.35
lazy_sched,1791,5100,train,3.4869,1995325,1120.34
lazy_sched,1792,5100,train,3.4708,1996447,1120.34
lazy_sched,1793,5100,train,3.5665,1997554,1120.33
lazy_sched,1794,5100,train,3.5056,1998670,1120.33
lazy_sched,1795,5100,train,3.3446,1999773,1120.32
lazy_sched,1796,5100,train,3.4892,2000890,1120.32
lazy_sched,1797,5100,train,3.4520,2001993,1120.31
lazy_sched,1798,5100,train,3.5785,2003111,1120.31
lazy_sched,1799,5100,train,3.3689,2004214,1120.30
lazy_sched,1800,5100,train,3.5543,2005335,1120.30
lazy_sched,1801,5100,train,3.4779,2006436,1120.29
lazy_sched,1802,5100,train,3.5269,2007557,1120.29
lazy_sched,1803,5100,train,3.5505,2008656,1120.28
lazy_sched,1804,5100,train,3.4605,2009775,1120.28
lazy_sched,1805,5100,train,3.5400,2010877,1120.27
lazy_sched,1806,5100,train,3.5215,2012002,1120.27
lazy_sched,1807,5100,train,3.5115,2013111,1120.26
lazy_sched,1808,5100,train,3.5074,2014229,1120.26
lazy_sched,1809,5100,train,3.5936,2015333,1120.25
lazy_sched,1810,5100,train,3.5218,2016451,1120.25
lazy_sched,1811,5100,train,3.3965,2017556,1120.24
lazy_sched,1812,5100,train,3.4683,2018677,1120.24
lazy_sched,1813,5100,train,3.5727,2019778,1120.23
lazy_sched,1814,5100,train,3.5217,2020903,1120.23
lazy_sched,1815,5100,train,3.4512,2022010,1120.23
lazy_sched,1816,5100,train,3.3412,2023141,1120.23
lazy_sched,1817,5100,train,3.4697,2024244,1120.22
lazy_sched,1818,5100,train,3.5350,2025382,1120.23
lazy_sched,1819,5100,train,3.5967,2026482,1120.22
lazy_sched,1820,5100,train,3.5400,2027620,1120.23
lazy_sched,1821,5100,train,3.4609,2028718,1120.22
lazy_sched,1822,5100,train,3.4612,2029858,1120.23
lazy_sched,1823,5100,train,3.6136,2030960,1120.22
lazy_sched,1824,5100,train,3.4486,2032084,1120.22
lazy_sched,1825,5100,train,3.6511,2033192,1120.22
lazy_sched,1826,5100,train,3.5593,2034309,1120.21
lazy_sched,1827,5100,train,3.5117,2035415,1120.21
lazy_sched,1828,5100,train,3.5768,2036538,1120.21
lazy_sched,1829,5100,train,3.5515,2037639,1120.20
lazy_sched,1830,5100,train,3.4816,2038775,1120.21
lazy_sched,1831,5100,train,3.5254,2039877,1120.20
lazy_sched,1832,5100,train,3.5777,2041005,1120.20
lazy_sched,1833,5100,train,3.5892,2042114,1120.19
lazy_sched,1834,5100,train,3.3943,2043242,1120.20
lazy_sched,1835,5100,train,3.5189,2044339,1120.19
lazy_sched,1836,5100,train,3.4080,2045464,1120.19
lazy_sched,1837,5100,train,3.5679,2046570,1120.18
lazy_sched,1838,5100,train,3.6269,2047689,1120.18
lazy_sched,1839,5100,train,3.6375,2048794,1120.17
lazy_sched,1840,5100,train,3.5419,2049910,1120.17
lazy_sched,1841,5100,train,3.5618,2051013,1120.16
lazy_sched,1842,5100,train,3.5148,2052130,1120.16
lazy_sched,1843,5100,train,3.5824,2053235,1120.15
lazy_sched,1844,5100,train,3.4504,2054351,1120.15
lazy_sched,1845,5100,train,3.4509,2055455,1120.14
lazy_sched,1846,5100,train,3.5360,2056572,1120.14
lazy_sched,1847,5100,train,3.5093,2057675,1120.13
lazy_sched,1848,5100,train,3.6128,2058793,1120.13
lazy_sched,1849,5100,train,3.6352,2059894,1120.12
lazy_sched,1850,5100,train,3.9357,2061012,1120.12
lazy_sched,1851,5100,train,3.4423,2062114,1120.11
lazy_sched,1852,5100,train,3.6470,2063230,1120.10
lazy_sched,1853,5100,train,3.5924,2064333,1120.09
lazy_sched,1854,5100,train,3.4778,2065450,1120.09
lazy_sched,1855,5100,train,3.5418,2066553,1120.08
lazy_sched,1856,5100,train,3.5656,2067669,1120.08
lazy_sched,1857,5100,train,3.5019,2068773,1120.07
lazy_sched,1858,5100,train,3.4887,2069890,1120.07
lazy_sched,1859,5100,train,3.4795,2070992,1120.06
lazy_sched,1860,5100,train,3.5414,2072109,1120.06
lazy_sched,1861,5100,train,3.4783,2073214,1120.05
lazy_sched,1862,5100,train,3.5434,2074327,1120.05
lazy_sched,1863,5100,train,3.6393,2075434,1120.04
lazy_sched,1864,5100,train,3.5482,2076549,1120.04
lazy_sched,1865,5100,train,3.6089,2077654,1120.03
lazy_sched,1866,5100,train,3.5006,2078785,1120.04
lazy_sched,1867,5100,train,3.4445,2079892,1120.03
lazy_sched,1868,5100,train,3.3813,2081026,1120.04
lazy_sched,1869,5100,train,3.4022,2082134,1120.03
lazy_sched,1870,5100,train,3.3521,2083274,1120.04
lazy_sched,1871,5100,train,3.4756,2084376,1120.03
lazy_sched,1872,5100,train,3.3352,2085516,1120.04
lazy_sched,1873,5100,train,3.3628,2086621,1120.03
lazy_sched,1874,5100,train,3.5357,2087746,1120.04
lazy_sched,1875,5100,train,3.4966,2088854,1120.03
lazy_sched,1875,5100,val,3.5094,2088854,1120.03
lazy_sched,1876,5100,train,3.5890,2089976,1120.03
lazy_sched,1877,5100,train,3.4994,2091080,1120.02
lazy_sched,1878,5100,train,3.5233,2092199,1120.02
lazy_sched,1879,5100,train,3.6206,2093306,1120.01
lazy_sched,1880,5100,train,3.4115,2094425,1120.01
lazy_sched,1881,5100,train,3.5774,2095527,1120.00
lazy_sched,1882,5100,train,3.5072,2096645,1120.00
lazy_sched,1883,5100,train,3.4606,2097747,1119.99
lazy_sched,1884,5100,train,3.4834,2098863,1119.99
lazy_sched,1885,5100,train,3.5470,2099968,1119.98
lazy_sched,1886,5100,train,3.5816,2101092,1119.98
lazy_sched,1887,5100,train,3.5211,2102189,1119.97
lazy_sched,1888,5100,train,3.4807,2103313,1119.97
lazy_sched,1889,5100,train,3.4908,2104416,1119.97
lazy_sched,1890,5100,train,3.4507,2105537,1119.97
lazy_sched,1891,5100,train,3.5145,2106643,1119.96
lazy_sched,1892,5100,train,3.4582,2107759,1119.96
lazy_sched,1893,5100,train,3.4244,2108866,1119.95
lazy_sched,1894,5100,train,3.5056,2109994,1119.95
lazy_sched,1895,5100,train,3.4308,2111102,1119.95
lazy_sched,1896,5100,train,3.4679,2112231,1119.95
lazy_sched,1897,5100,train,3.4713,2113332,1119.94
lazy_sched,1898,5100,train,3.5979,2114473,1119.95
lazy_sched,1899,5100,train,3.4671,2115576,1119.94
lazy_sched,1900,5100,train,3.4310,2116713,1119.95
lazy_sched,1901,5100,train,3.4631,2117812,1119.94
lazy_sched,1902,5100,train,3.4227,2118949,1119.95
lazy_sched,1903,5100,train,3.7481,2120052,1119.94
lazy_sched,1904,5100,train,3.4130,2121174,1119.94
lazy_sched,1905,5100,train,3.6462,2122284,1119.94
lazy_sched,1906,5100,train,4.2763,2123400,1119.94
lazy_sched,1907,5100,train,3.4040,2124609,1119.98
lazy_sched,1908,5100,train,3.4910,2125732,1119.99
lazy_sched,1909,5100,train,3.4766,2126832,1119.97
lazy_sched,1910,5100,train,3.4102,2127955,1119.98
lazy_sched,1911,5100,train,3.4807,2129063,1119.97
lazy_sched,1912,5100,train,3.4534,2130180,1119.97
lazy_sched,1913,5100,train,3.4108,2131285,1119.96
lazy_sched,1914,5100,train,3.6305,2132400,1119.96
lazy_sched,1915,5100,train,3.5271,2133505,1119.95
lazy_sched,1916,5100,train,4.3123,2134627,1119.95
lazy_sched,1917,5100,train,3.7481,2135727,1119.94
lazy_sched,1918,5100,train,3.5624,2136851,1119.94
lazy_sched,1919,5100,train,3.4556,2137960,1119.94
lazy_sched,1920,5100,train,3.5290,2139081,1119.94
lazy_sched,1921,5100,train,3.4787,2140185,1119.93
lazy_sched,1922,5100,train,3.4370,2141300,1119.93
lazy_sched,1923,5100,train,3.4371,2142405,1119.92
lazy_sched,1924,5100,train,3.6037,2143522,1119.92
lazy_sched,1925,5100,train,3.4324,2144625,1119.91
lazy_sched,1926,5100,train,3.5150,2145739,1119.91
lazy_sched,1927,5100,train,3.5592,2146845,1119.90
lazy_sched,1928,5100,train,3.4952,2147961,1119.90
lazy_sched,1929,5100,train,3.4156,2149066,1119.89
lazy_sched,1930,5100,train,3.5849,2150187,1119.89
lazy_sched,1931,5100,train,3.5171,2151287,1119.88
lazy_sched,1932,5100,train,3.5045,2152422,1119.89
lazy_sched,1933,5100,train,3.4920,2153528,1119.88
lazy_sched,1934,5100,train,3.4903,2154673,1119.89
lazy_sched,1935,5100,train,3.5739,2155772,1119.88
lazy_sched,1936,5100,train,3.4641,2156911,1119.89
lazy_sched,1937,5100,train,3.5332,2158011,1119.88
lazy_sched,1938,5100,train,3.4482,2159159,1119.90
lazy_sched,1939,5100,train,3.4715,2160265,1119.89
lazy_sched,1940,5100,train,3.4574,2161388,1119.89
lazy_sched,1941,5100,train,3.5255,2162488,1119.88
lazy_sched,1942,5100,train,3.4994,2163613,1119.88
lazy_sched,1943,5100,train,3.4130,2164724,1119.88
lazy_sched,1944,5100,train,3.6241,2165842,1119.88
lazy_sched,1945,5100,train,3.4840,2166947,1119.87
lazy_sched,1946,5100,train,3.3397,2168063,1119.87
lazy_sched,1947,5100,train,3.5855,2169165,1119.86
lazy_sched,1948,5100,train,3.4715,2170288,1119.86
lazy_sched,1949,5100,train,3.4601,2171387,1119.85
lazy_sched,1950,5100,train,3.6083,2172511,1119.85
lazy_sched,1951,5100,train,3.5317,2173615,1119.84
lazy_sched,1952,5100,train,3.6291,2174739,1119.85
lazy_sched,1953,5100,train,3.5402,2175846,1119.84
lazy_sched,1954,5100,train,3.5907,2176964,1119.84
lazy_sched,1955,5100,train,3.5277,2178065,1119.83
lazy_sched,1956,5100,train,3.6896,2179184,1119.83
lazy_sched,1957,5100,train,3.5797,2180285,1119.82
lazy_sched,1958,5100,train,3.8735,2181404,1119.82
lazy_sched,1959,5100,train,3.5295,2182507,1119.81
lazy_sched,1960,5100,train,3.5338,2183625,1119.81
lazy_sched,1961,5100,train,3.5882,2184728,1119.80
lazy_sched,1962,5100,train,3.4640,2185844,1119.80
lazy_sched,1963,5100,train,3.4969,2186948,1119.79
lazy_sched,1964,5100,train,3.4732,2188067,1119.79
lazy_sched,1965,5100,train,3.5781,2189168,1119.78
lazy_sched,1966,5100,train,3.4929,2190292,1119.78
lazy_sched,1967,5100,train,3.4188,2191396,1119.77
lazy_sched,1968,5100,train,3.4735,2192519,1119.77
lazy_sched,1969,5100,train,3.5114,2193626,1119.77
lazy_sched,1970,5100,train,3.4093,2194756,1119.77
lazy_sched,1971,5100,train,3.4202,2195864,1119.77
lazy_sched,1972,5100,train,3.4480,2196996,1119.77
lazy_sched,1973,5100,train,3.5859,2198105,1119.77
lazy_sched,1974,5100,train,3.4002,2199236,1119.77
lazy_sched,1975,5100,train,3.5183,2200340,1119.77
lazy_sched,1976,5100,train,3.4809,2201475,1119.77
lazy_sched,1977,5100,train,3.5066,2202575,1119.76
lazy_sched,1978,5100,train,3.5551,2203696,1119.76
lazy_sched,1979,5100,train,3.6236,2204805,1119.76
lazy_sched,1980,5100,train,3.9709,2205922,1119.76
lazy_sched,1981,5100,train,3.4817,2207027,1119.75
lazy_sched,1982,5100,train,3.6986,2208145,1119.75
lazy_sched,1983,5100,train,3.4875,2209246,1119.74
lazy_sched,1984,5100,train,3.4966,2210362,1119.74
lazy_sched,1985,5100,train,3.5663,2211465,1119.73
lazy_sched,1986,5100,train,3.6404,2212582,1119.73
lazy_sched,1987,5100,train,3.5054,2213686,1119.72
lazy_sched,1988,5100,train,3.4569,2214803,1119.72
lazy_sched,1989,5100,train,3.4365,2215906,1119.71
lazy_sched,1990,5100,train,3.4522,2217026,1119.71
lazy_sched,1991,5100,train,3.5412,2218128,1119.70
lazy_sched,1992,5100,train,3.5905,2219251,1119.70
lazy_sched,1993,5100,train,3.3745,2220357,1119.70
lazy_sched,1994,5100,train,3.6743,2221479,1119.70
lazy_sched,1995,5100,train,3.5324,2222586,1119.69
lazy_sched,1996,5100,train,3.5676,2223702,1119.69
lazy_sched,1997,5100,train,3.4572,2224806,1119.68
lazy_sched,1998,5100,train,3.6939,2225920,1119.68
lazy_sched,1999,5100,train,3.4185,2227026,1119.67
lazy_sched,2000,5100,train,3.4310,2228145,1119.67
lazy_sched,2000,5100,val,3.4991,2228145,1119.67
lazy_sched,2001,5100,train,3.6158,2229261,1119.67
lazy_sched,2002,5100,train,3.5382,2230397,1119.68
lazy_sched,2003,5100,train,3.5682,2231500,1119.67
lazy_sched,2004,5100,train,3.5777,2232636,1119.68
lazy_sched,2005,5100,train,3.5615,2233737,1119.67
lazy_sched,2006,5100,train,3.4325,2234872,1119.68
lazy_sched,2007,5100,train,3.4236,2235975,1119.67
lazy_sched,2008,5100,train,3.5857,2237121,1119.68
lazy_sched,2009,5100,train,3.4096,2238228,1119.67
lazy_sched,2010,5100,train,3.7033,2239353,1119.68
lazy_sched,2011,5100,train,3.5695,2240456,1119.67
lazy_sched,2012,5100,train,3.4352,2241583,1119.67
lazy_sched,2013,5100,train,3.5103,2242692,1119.67
lazy_sched,2014,5100,train,3.4471,2243807,1119.66
lazy_sched,2015,5100,train,3.5517,2244911,1119.66
lazy_sched,2016,5100,train,3.4369,2246029,1119.66
lazy_sched,2017,5100,train,3.5387,2247131,1119.65
lazy_sched,2018,5100,train,3.4872,2248261,1119.65
lazy_sched,2019,5100,train,3.4598,2249366,1119.64
lazy_sched,2020,5100,train,3.4665,2250488,1119.65
lazy_sched,2021,5100,train,3.5993,2251591,1119.64
lazy_sched,2022,5100,train,3.5422,2252731,1119.65
lazy_sched,2023,5100,train,3.4473,2253836,1119.64
lazy_sched,2024,5100,train,3.6200,2254957,1119.64
lazy_sched,2025,5100,train,3.4641,2256068,1119.64
lazy_sched,2026,5100,train,3.5579,2257187,1119.64
lazy_sched,2027,5100,train,3.5213,2258291,1119.63
lazy_sched,2028,5100,train,3.4508,2259417,1119.63
lazy_sched,2029,5100,train,3.5625,2260520,1119.62
lazy_sched,2030,5100,train,3.4914,2261647,1119.63
lazy_sched,2031,5100,train,3.2608,2262749,1119.62
lazy_sched,2032,5100,train,3.4899,2263874,1119.62
lazy_sched,2033,5100,train,3.5077,2264984,1119.62
lazy_sched,2034,5100,train,3.4165,2266104,1119.62
lazy_sched,2035,5100,train,3.4449,2267210,1119.61
lazy_sched,2036,5100,train,3.5196,2268328,1119.61
lazy_sched,2037,5100,train,3.5124,2269432,1119.60
lazy_sched,2038,5100,train,3.4012,2270550,1119.60
lazy_sched,2039,5100,train,3.4281,2271650,1119.59
lazy_sched,2040,5100,train,3.5298,2272778,1119.59
lazy_sched,2041,5100,train,3.5577,2273884,1119.59
lazy_sched,2042,5100,train,3.5027,2275003,1119.59
lazy_sched,2043,5100,train,3.7814,2276109,1119.58
lazy_sched,2044,5100,train,3.5186,2277224,1119.58
lazy_sched,2045,5100,train,3.5795,2278329,1119.57
lazy_sched,2046,5100,train,3.4563,2279446,1119.57
lazy_sched,2047,5100,train,4.0008,2280549,1119.56
lazy_sched,2048,5100,train,3.4472,2281666,1119.56
lazy_sched,2049,5100,train,3.3475,2282769,1119.55
lazy_sched,2050,5100,train,3.5063,2283886,1119.55
lazy_sched,2051,5100,train,3.5461,2284990,1119.54
lazy_sched,2052,5100,train,3.5300,2286114,1119.55
lazy_sched,2053,5100,train,3.5256,2287213,1119.54
lazy_sched,2054,5100,train,3.5895,2288335,1119.54
lazy_sched,2055,5100,train,3.4259,2289435,1119.53
lazy_sched,2056,5100,train,3.4115,2290559,1119.53
lazy_sched,2057,5100,train,3.4183,2291667,1119.52
lazy_sched,2058,5100,train,3.4861,2292785,1119.52
lazy_sched,2059,5100,train,3.5584,2293890,1119.52
lazy_sched,2060,5100,train,3.5160,2295011,1119.52
lazy_sched,2061,5100,train,3.4822,2296113,1119.51
lazy_sched,2062,5100,train,3.5211,2297232,1119.51
lazy_sched,2063,5100,train,3.4852,2298336,1119.50
lazy_sched,2064,5100,train,3.4176,2299460,1119.50
lazy_sched,2065,5100,train,3.5372,2300567,1119.50
lazy_sched,2066,5100,train,3.7518,2301687,1119.50
lazy_sched,2067,5100,train,3.4119,2302790,1119.49
lazy_sched,2068,5100,train,3.4671,2303911,1119.49
lazy_sched,2069,5100,train,3.4378,2305012,1119.48
lazy_sched,2070,5100,train,3.3723,2306133,1119.48
lazy_sched,2071,5100,train,3.4839,2307238,1119.48
lazy_sched,2072,5100,train,3.4294,2308360,1119.48
lazy_sched,2073,5100,train,3.5638,2309468,1119.47
lazy_sched,2074,5100,train,3.5084,2310585,1119.47
lazy_sched,2075,5100,train,3.4364,2311689,1119.46
lazy_sched,2076,5100,train,3.6887,2312816,1119.47
lazy_sched,2077,5100,train,3.7137,2313917,1119.46
lazy_sched,2078,5100,train,3.4933,2315041,1119.46
lazy_sched,2079,5100,train,3.4051,2316148,1119.45
lazy_sched,2080,5100,train,3.5729,2317265,1119.45
lazy_sched,2081,5100,train,3.3901,2318371,1119.45
lazy_sched,2082,5100,train,3.5149,2319485,1119.44
lazy_sched,2083,5100,train,3.4196,2320591,1119.44
lazy_sched,2084,5100,train,3.5321,2321707,1119.43
lazy_sched,2085,5100,train,3.5256,2322810,1119.43
lazy_sched,2086,5100,train,3.3364,2323933,1119.43
lazy_sched,2087,5100,train,3.3523,2325034,1119.42
lazy_sched,2088,5100,train,3.5053,2326159,1119.42
lazy_sched,2089,5100,train,3.4366,2327268,1119.42
lazy_sched,2090,5100,train,3.5586,2328387,1119.42
lazy_sched,2091,5100,train,3.4490,2329491,1119.41
lazy_sched,2092,5100,train,3.3666,2330605,1119.41
lazy_sched,2093,5100,train,3.1117,2331709,1119.40
lazy_sched,2094,5100,train,3.3485,2332825,1119.40
lazy_sched,2095,5100,train,3.3500,2333929,1119.39
lazy_sched,2096,5100,train,3.4570,2335045,1119.39
lazy_sched,2097,5100,train,3.5137,2336284,1119.45
lazy_sched,2098,5100,train,3.3329,2337402,1119.45
lazy_sched,2099,5100,train,3.6158,2338509,1119.44
lazy_sched,2100,5100,train,3.6594,2339625,1119.44
lazy_sched,2101,5100,train,3.4329,2340727,1119.43
lazy_sched,2102,5100,train,3.4751,2341849,1119.43
lazy_sched,2103,5100,train,3.4932,2342951,1119.42
lazy_sched,2104,5100,train,3.3894,2344074,1119.42
lazy_sched,2105,5100,train,3.5809,2345177,1119.42
lazy_sched,2106,5100,train,3.4713,2346299,1119.42
lazy_sched,2107,5100,train,3.8241,2347409,1119.41
lazy_sched,2108,5100,train,3.4367,2348523,1119.41
lazy_sched,2109,5100,train,3.2808,2349629,1119.40
lazy_sched,2110,5100,train,3.5636,2350747,1119.40
lazy_sched,2111,5100,train,3.3716,2351851,1119.40
lazy_sched,2112,5100,train,3.6751,2352973,1119.40
lazy_sched,2113,5100,train,3.2601,2354077,1119.39
lazy_sched,2114,5100,train,3.5432,2355202,1119.39
lazy_sched,2115,5100,train,3.4578,2356311,1119.39
lazy_sched,2116,5100,train,3.3501,2357426,1119.39
lazy_sched,2117,5100,train,3.4805,2358530,1119.38
lazy_sched,2118,5100,train,3.4833,2359645,1119.38
lazy_sched,2119,5100,train,3.3881,2360748,1119.37
lazy_sched,2120,5100,train,3.4316,2361870,1119.37
lazy_sched,2121,5100,train,3.3014,2362981,1119.37
lazy_sched,2122,5100,train,3.6166,2364103,1119.37
lazy_sched,2123,5100,train,3.5011,2365208,1119.36
lazy_sched,2124,5100,train,3.5811,2366325,1119.36
lazy_sched,2125,5100,train,3.3417,2367430,1119.35
lazy_sched,2125,5100,val,3.4882,2367430,1119.35
lazy_sched,2126,5100,train,3.4520,2368557,1119.36
lazy_sched,2127,5100,train,3.5148,2369658,1119.35
lazy_sched,2128,5100,train,3.4928,2370784,1119.35
lazy_sched,2129,5100,train,3.5057,2371893,1119.35
lazy_sched,2130,5100,train,3.5221,2373011,1119.34
lazy_sched,2131,5100,train,3.6006,2374115,1119.34
lazy_sched,2132,5100,train,3.6165,2375233,1119.34
lazy_sched,2133,5100,train,3.4998,2376336,1119.33
lazy_sched,2134,5100,train,3.5071,2377454,1119.33
lazy_sched,2135,5100,train,3.5503,2378557,1119.32
lazy_sched,2136,5100,train,3.2994,2379675,1119.32
lazy_sched,2137,5100,train,3.5386,2380777,1119.31
lazy_sched,2138,5100,train,3.5657,2381894,1119.31
lazy_sched,2139,5100,train,3.5695,2382997,1119.30
lazy_sched,2140,5100,train,3.5072,2384117,1119.30
lazy_sched,2141,5100,train,3.7490,2385222,1119.30
lazy_sched,2142,5100,train,3.5379,2386345,1119.30
lazy_sched,2143,5100,train,3.4772,2387451,1119.29
lazy_sched,2144,5100,train,3.5905,2388570,1119.29
lazy_sched,2145,5100,train,3.3868,2389676,1119.29
lazy_sched,2146,5100,train,3.4828,2390792,1119.28
lazy_sched,2147,5100,train,3.3910,2391897,1119.28
lazy_sched,2148,5100,train,3.4824,2393012,1119.28
lazy_sched,2149,5100,train,3.3915,2394115,1119.27
lazy_sched,2150,5100,train,3.4384,2395232,1119.27
lazy_sched,2151,5100,train,3.5477,2396336,1119.26
lazy_sched,2152,5100,train,3.4225,2397453,1119.26
lazy_sched,2153,5100,train,3.4423,2398557,1119.25
lazy_sched,2154,5100,train,3.4054,2399673,1119.25
lazy_sched,2155,5100,train,3.4427,2400775,1119.24
lazy_sched,2156,5100,train,3.4488,2401901,1119.25
lazy_sched,2157,5100,train,3.4475,2402999,1119.24
lazy_sched,2158,5100,train,3.5349,2404125,1119.24
lazy_sched,2159,5100,train,3.5678,2405230,1119.23
lazy_sched,2160,5100,train,3.4090,2406350,1119.23
lazy_sched,2161,5100,train,3.5513,2407454,1119.23
lazy_sched,2162,5100,train,3.5254,2408570,1119.22
lazy_sched,2163,5100,train,3.3078,2409677,1119.22
lazy_sched,2164,5100,train,3.5667,2410792,1119.22
lazy_sched,2165,5100,train,3.3411,2411896,1119.21
lazy_sched,2166,5100,train,3.4432,2413013,1119.21
lazy_sched,2167,5100,train,3.4510,2414117,1119.20
lazy_sched,2168,5100,train,3.6726,2415233,1119.20
lazy_sched,2169,5100,train,3.4992,2416337,1119.19
lazy_sched,2170,5100,train,3.3999,2417455,1119.19
lazy_sched,2171,5100,train,3.4278,2418557,1119.18
lazy_sched,2172,5100,train,3.4409,2419675,1119.18
lazy_sched,2173,5100,train,3.4270,2420778,1119.18
lazy_sched,2174,5100,train,3.6067,2421904,1119.18
lazy_sched,2175,5100,train,3.5456,2423014,1119.17
lazy_sched,2176,5100,train,3.5413,2424131,1119.17
lazy_sched,2177,5100,train,3.5865,2425236,1119.17
lazy_sched,2178,5100,train,3.6707,2426352,1119.17
lazy_sched,2179,5100,train,3.4940,2427457,1119.16
lazy_sched,2180,5100,train,3.5024,2428573,1119.16
lazy_sched,2181,5100,train,3.5487,2429677,1119.15
lazy_sched,2182,5100,train,3.4804,2430800,1119.15
lazy_sched,2183,5100,train,3.4037,2431899,1119.14
lazy_sched,2184,5100,train,3.5814,2433025,1119.15
lazy_sched,2185,5100,train,3.5242,2434133,1119.14
lazy_sched,2186,5100,train,3.4340,2435251,1119.14
lazy_sched,2187,5100,train,3.4585,2436357,1119.13
lazy_sched,2188,5100,train,3.4526,2437472,1119.13
lazy_sched,2189,5100,train,3.5631,2438577,1119.13
lazy_sched,2190,5100,train,3.4457,2439695,1119.13
lazy_sched,2191,5100,train,3.4728,2440797,1119.12
lazy_sched,2192,5100,train,3.4328,2441916,1119.12
lazy_sched,2193,5100,train,3.5286,2443018,1119.11
lazy_sched,2194,5100,train,3.5236,2444135,1119.11
lazy_sched,2195,5100,train,3.5846,2445239,1119.10
lazy_sched,2196,5100,train,3.4087,2446359,1119.10
lazy_sched,2197,5100,train,3.6534,2447465,1119.10
lazy_sched,2198,5100,train,3.4943,2448587,1119.10
lazy_sched,2199,5100,train,3.5138,2449691,1119.09
lazy_sched,2200,5100,train,3.3489,2450810,1119.09
lazy_sched,2201,5100,train,3.4308,2451916,1119.09
lazy_sched,2202,5100,train,3.2186,2453032,1119.08
lazy_sched,2203,5100,train,3.6103,2454136,1119.08
lazy_sched,2204,5100,train,3.4842,2455251,1119.08
lazy_sched,2205,5100,train,3.4318,2456356,1119.07
lazy_sched,2206,5100,train,3.3511,2457472,1119.07
lazy_sched,2207,5100,train,3.4243,2458577,1119.06
lazy_sched,2208,5100,train,3.3862,2459694,1119.06
lazy_sched,2209,5100,train,3.5319,2460797,1119.05
lazy_sched,2210,5100,train,3.4729,2461912,1119.05
lazy_sched,2211,5100,train,3.2945,2463017,1119.04
lazy_sched,2212,5100,train,3.4566,2464139,1119.05
lazy_sched,2213,5100,train,3.3718,2465243,1119.04
lazy_sched,2214,5100,train,3.4032,2466367,1119.04
lazy_sched,2215,5100,train,3.6243,2467473,1119.04
lazy_sched,2216,5100,train,3.5431,2468590,1119.03
lazy_sched,2217,5100,train,3.5612,2469697,1119.03
lazy_sched,2218,5100,train,3.4678,2470811,1119.03
lazy_sched,2219,5100,train,3.5411,2471916,1119.02
lazy_sched,2220,5100,train,3.4807,2473032,1119.02
lazy_sched,2221,5100,train,3.6559,2474138,1119.01
lazy_sched,2222,5100,train,3.5198,2475255,1119.01
lazy_sched,2223,5100,train,3.3865,2476357,1119.00
lazy_sched,2224,5100,train,3.5664,2477472,1119.00
lazy_sched,2225,5100,train,3.4206,2478577,1119.00
lazy_sched,2226,5100,train,3.3170,2479696,1119.00
lazy_sched,2227,5100,train,3.6447,2480798,1118.99
lazy_sched,2228,5100,train,3.3987,2481915,1118.99
lazy_sched,2229,5100,train,3.4674,2483017,1118.98
lazy_sched,2230,5100,train,3.7840,2484133,1118.98
lazy_sched,2231,5100,train,3.5314,2485236,1118.97
lazy_sched,2232,5100,train,3.5687,2486354,1118.97
lazy_sched,2233,5100,train,3.4130,2487456,1118.96
lazy_sched,2234,5100,train,3.5083,2488572,1118.96
lazy_sched,2235,5100,train,3.4290,2489677,1118.96
lazy_sched,2236,5100,train,3.5123,2490803,1118.96
lazy_sched,2237,5100,train,3.6487,2491910,1118.95
lazy_sched,2238,5100,train,3.4839,2493029,1118.95
lazy_sched,2239,5100,train,3.4211,2494135,1118.95
lazy_sched,2240,5100,train,3.4601,2495252,1118.95
lazy_sched,2241,5100,train,3.3690,2496356,1118.94
lazy_sched,2242,5100,train,3.4916,2497471,1118.94
lazy_sched,2243,5100,train,3.4565,2498573,1118.93
lazy_sched,2244,5100,train,3.4354,2499690,1118.93
lazy_sched,2245,5100,train,3.4331,2500795,1118.92
lazy_sched,2246,5100,train,3.4123,2501911,1118.92
lazy_sched,2247,5100,train,3.5453,2503017,1118.92
lazy_sched,2248,5100,train,3.2441,2504142,1118.92
lazy_sched,2249,5100,train,3.4725,2505240,1118.91
lazy_sched,2250,5100,train,3.5062,2506357,1118.91
lazy_sched,2250,5100,val,3.4805,2506357,1118.91
lazy_sched,2251,5100,train,3.4756,2507463,1118.90
lazy_sched,2252,5100,train,3.7691,2508584,1118.90
lazy_sched,2253,5100,train,3.4106,2509687,1118.90
lazy_sched,2254,5100,train,3.2710,2510805,1118.90
lazy_sched,2255,5100,train,3.5619,2511908,1118.89
lazy_sched,2256,5100,train,4.2214,2513026,1118.89
lazy_sched,2257,5100,train,3.2614,2514130,1118.88
lazy_sched,2258,5100,train,3.4720,2515247,1118.88
lazy_sched,2259,5100,train,3.5224,2516352,1118.88
lazy_sched,2260,5100,train,3.4821,2517466,1118.87
lazy_sched,2261,5100,train,3.4915,2518571,1118.87
lazy_sched,2262,5100,train,3.5147,2519686,1118.87
lazy_sched,2263,5100,train,3.3110,2520791,1118.86
lazy_sched,2264,5100,train,3.3887,2521907,1118.86
lazy_sched,2265,5100,train,3.4725,2523007,1118.85
lazy_sched,2266,5100,train,3.3408,2524127,1118.85
lazy_sched,2267,5100,train,3.6928,2525233,1118.84
lazy_sched,2268,5100,train,3.4166,2526346,1118.84
lazy_sched,2269,5100,train,3.3807,2527449,1118.84
lazy_sched,2270,5100,train,3.4897,2528565,1118.83
lazy_sched,2271,5100,train,3.4927,2529669,1118.83
lazy_sched,2272,5100,train,3.5471,2530787,1118.83
lazy_sched,2273,5100,train,3.5136,2531892,1118.82
lazy_sched,2274,5100,train,3.3945,2533007,1118.82
lazy_sched,2275,5100,train,3.3671,2534111,1118.81
lazy_sched,2276,5100,train,3.7878,2535227,1118.81
lazy_sched,2277,5100,train,3.3913,2536331,1118.80
lazy_sched,2278,5100,train,3.5127,2537448,1118.80
lazy_sched,2279,5100,train,3.4225,2538552,1118.80
lazy_sched,2280,5100,train,3.5880,2539667,1118.80
lazy_sched,2281,5100,train,3.4887,2540772,1118.79
lazy_sched,2282,5100,train,3.4590,2541887,1118.79
lazy_sched,2283,5100,train,3.4785,2542992,1118.78
lazy_sched,2284,5100,train,3.5110,2544108,1118.78
lazy_sched,2285,5100,train,3.4559,2545210,1118.77
lazy_sched,2286,5100,train,3.5170,2546326,1118.77
lazy_sched,2287,5100,train,3.4744,2547430,1118.77
lazy_sched,2288,5100,train,3.4050,2548707,1118.84
lazy_sched,2289,5100,train,3.4370,2549810,1118.83
lazy_sched,2290,5100,train,3.6087,2550931,1118.83
lazy_sched,2291,5100,train,3.4651,2552034,1118.82
lazy_sched,2292,5100,train,3.5139,2553154,1118.82
lazy_sched,2293,5100,train,3.3928,2554252,1118.81
lazy_sched,2294,5100,train,3.5653,2555369,1118.81
lazy_sched,2295,5100,train,3.5309,2556469,1118.80
lazy_sched,2296,5100,train,3.5423,2557586,1118.80
lazy_sched,2297,5100,train,3.5476,2558691,1118.80
lazy_sched,2298,5100,train,3.3935,2559809,1118.80
lazy_sched,2299,5100,train,3.5296,2560912,1118.79
lazy_sched,2300,5100,train,3.4180,2562028,1118.79
lazy_sched,2301,5100,train,3.4752,2563131,1118.78
lazy_sched,2302,5100,train,3.4829,2564247,1118.78
lazy_sched,2303,5100,train,3.4191,2565350,1118.77
lazy_sched,2304,5100,train,3.5259,2566468,1118.77
lazy_sched,2305,5100,train,3.5145,2567573,1118.77
lazy_sched,2306,5100,train,3.5375,2568690,1118.77
lazy_sched,2307,5100,train,3.4980,2569793,1118.76
lazy_sched,2308,5100,train,3.6247,2570907,1118.76
lazy_sched,2309,5100,train,3.4731,2572012,1118.75
lazy_sched,2310,5100,train,3.3496,2573127,1118.75
lazy_sched,2311,5100,train,3.4437,2574232,1118.74
lazy_sched,2312,5100,train,3.4727,2575346,1118.74
lazy_sched,2313,5100,train,3.5374,2576450,1118.74
lazy_sched,2314,5100,train,3.4553,2577566,1118.74
lazy_sched,2315,5100,train,3.4997,2578672,1118.73
lazy_sched,2316,5100,train,3.4701,2579788,1118.73
lazy_sched,2317,5100,train,3.5542,2580891,1118.72
lazy_sched,2318,5100,train,3.3754,2582007,1118.72
lazy_sched,2319,5100,train,3.3936,2583110,1118.71
lazy_sched,2320,5100,train,3.5599,2584228,1118.71
lazy_sched,2321,5100,train,3.4990,2585333,1118.71
lazy_sched,2322,5100,train,3.3464,2586447,1118.71
lazy_sched,2323,5100,train,3.4026,2587551,1118.70
lazy_sched,2324,5100,train,3.3780,2588666,1118.70
lazy_sched,2325,5100,train,3.4507,2589770,1118.69
lazy_sched,2326,5100,train,3.5135,2590887,1118.69
lazy_sched,2327,5100,train,3.4126,2591991,1118.68
lazy_sched,2328,5100,train,3.4818,2593107,1118.68
lazy_sched,2329,5100,train,3.2158,2594211,1118.68
lazy_sched,2330,5100,train,3.3147,2595327,1118.68
lazy_sched,2331,5100,train,3.4604,2596430,1118.67
lazy_sched,2332,5100,train,3.4041,2597548,1118.67
lazy_sched,2333,5100,train,3.5702,2598652,1118.66
lazy_sched,2334,5100,train,3.5704,2599768,1118.66
lazy_sched,2335,5100,train,3.4960,2600871,1118.65
lazy_sched,2336,5100,train,3.4383,2601988,1118.65
lazy_sched,2337,5100,train,3.3955,2603091,1118.65
lazy_sched,2338,5100,train,3.6360,2604207,1118.65
lazy_sched,2339,5100,train,3.6065,2605310,1118.64
lazy_sched,2340,5100,train,3.5212,2606427,1118.64
lazy_sched,2341,5100,train,3.4783,2607531,1118.63
lazy_sched,2342,5100,train,3.4065,2608648,1118.63
lazy_sched,2343,5100,train,3.4725,2609751,1118.62
lazy_sched,2344,5100,train,3.6171,2610868,1118.62
lazy_sched,2345,5100,train,3.4126,2611973,1118.62
lazy_sched,2346,5100,train,3.4913,2613091,1118.62
lazy_sched,2347,5100,train,3.4382,2614193,1118.61
lazy_sched,2348,5100,train,3.4813,2615310,1118.61
lazy_sched,2349,5100,train,3.3173,2616414,1118.60
lazy_sched,2350,5100,train,3.6454,2617539,1118.61
lazy_sched,2351,5100,train,3.4717,2618641,1118.60
lazy_sched,2352,5100,train,3.4249,2619764,1118.60
lazy_sched,2353,5100,train,3.4577,2620872,1118.60
lazy_sched,2354,5100,train,3.4955,2621990,1118.60
lazy_sched,2355,5100,train,3.4619,2623093,1118.59
lazy_sched,2356,5100,train,3.3007,2624214,1118.59
lazy_sched,2357,5100,train,3.5656,2625315,1118.58
lazy_sched,2358,5100,train,3.4885,2626437,1118.58
lazy_sched,2359,5100,train,3.2640,2627538,1118.58
lazy_sched,2360,5100,train,3.4691,2628660,1118.58
lazy_sched,2361,5100,train,3.6076,2629759,1118.57
lazy_sched,2362,5100,train,3.4300,2630880,1118.57
lazy_sched,2363,5100,train,3.5111,2631981,1118.56
lazy_sched,2364,5100,train,3.4568,2633104,1118.57
lazy_sched,2365,5100,train,3.5439,2634211,1118.56
lazy_sched,2366,5100,train,3.4582,2635328,1118.56
lazy_sched,2367,5100,train,3.5713,2636433,1118.55
lazy_sched,2368,5100,train,3.2581,2637548,1118.55
lazy_sched,2369,5100,train,3.3741,2638652,1118.55
lazy_sched,2370,5100,train,3.3801,2639767,1118.55
lazy_sched,2371,5100,train,3.5486,2640871,1118.54
lazy_sched,2372,5100,train,3.3570,2641989,1118.54
lazy_sched,2373,5100,train,3.5310,2643092,1118.53
lazy_sched,2374,5100,train,3.2668,2644211,1118.53
lazy_sched,2375,5100,train,3.4235,2645313,1118.53
lazy_sched,2375,5100,val,3.4738,2645314,1118.53
lazy_sched,2376,5100,train,3.3779,2646434,1118.53
lazy_sched,2377,5100,train,3.4865,2647540,1118.52
lazy_sched,2378,5100,train,3.6125,2648658,1118.52
lazy_sched,2379,5100,train,3.4264,2649763,1118.52
lazy_sched,2380,5100,train,3.4570,2650878,1118.51
lazy_sched,2381,5100,train,3.4300,2651983,1118.51
lazy_sched,2382,5100,train,3.5981,2653106,1118.51
lazy_sched,2383,5100,train,3.3522,2654205,1118.50
lazy_sched,2384,5100,train,3.5442,2655324,1118.50
lazy_sched,2385,5100,train,3.6526,2656425,1118.49
lazy_sched,2386,5100,train,3.4550,2657545,1118.50
lazy_sched,2387,5100,train,3.3782,2658645,1118.49
lazy_sched,2388,5100,train,3.4310,2659770,1118.49
lazy_sched,2389,5100,train,3.4486,2660870,1118.48
lazy_sched,2390,5100,train,3.3895,2661992,1118.48
lazy_sched,2391,5100,train,3.4822,2663101,1118.48
lazy_sched,2392,5100,train,3.4117,2664217,1118.48
lazy_sched,2393,5100,train,3.5004,2665321,1118.47
lazy_sched,2394,5100,train,3.3887,2666438,1118.47
lazy_sched,2395,5100,train,3.2835,2667543,1118.47
lazy_sched,2396,5100,train,3.2772,2668665,1118.47
lazy_sched,2397,5100,train,3.4339,2669764,1118.46
lazy_sched,2398,5100,train,3.3817,2670889,1118.46
lazy_sched,2399,5100,train,3.5929,2671996,1118.46
lazy_sched,2400,5100,train,4.0871,2673116,1118.46
lazy_sched,2401,5100,train,3.6629,2674222,1118.45
lazy_sched,2402,5100,train,3.4630,2675338,1118.45
lazy_sched,2403,5100,train,3.3948,2676443,1118.45
lazy_sched,2404,5100,train,3.3756,2677559,1118.45
lazy_sched,2405,5100,train,3.3758,2678663,1118.44
lazy_sched,2406,5100,train,3.4166,2679780,1118.44
lazy_sched,2407,5100,train,3.5042,2680882,1118.43
lazy_sched,2408,5100,train,3.5009,2682001,1118.43
lazy_sched,2409,5100,train,3.4171,2683103,1118.43
lazy_sched,2410,5100,train,3.3868,2684221,1118.43
lazy_sched,2411,5100,train,3.4283,2685324,1118.42
lazy_sched,2412,5100,train,3.4069,2686449,1118.42
lazy_sched,2413,5100,train,3.4425,2687551,1118.42
lazy_sched,2414,5100,train,3.3617,2688674,1118.42
lazy_sched,2415,5100,train,3.3459,2689779,1118.41
lazy_sched,2416,5100,train,3.3939,2690897,1118.41
lazy_sched,2417,5100,train,3.3344,2692002,1118.41
lazy_sched,2418,5100,train,3.5246,2693116,1118.40
lazy_sched,2419,5100,train,3.3680,2694221,1118.40
lazy_sched,2420,5100,train,3.4168,2695337,1118.40
lazy_sched,2421,5100,train,3.5375,2696440,1118.39
lazy_sched,2422,5100,train,3.5303,2697557,1118.39
lazy_sched,2423,5100,train,3.3519,2698661,1118.38
lazy_sched,2424,5100,train,3.4368,2699778,1118.38
lazy_sched,2425,5100,train,3.3640,2700883,1118.38
lazy_sched,2426,5100,train,3.5272,2701998,1118.38
lazy_sched,2427,5100,train,3.4321,2703103,1118.37
lazy_sched,2428,5100,train,3.5300,2704217,1118.37
lazy_sched,2429,5100,train,3.4737,2705320,1118.36
lazy_sched,2430,5100,train,3.4949,2706437,1118.36
lazy_sched,2431,5100,train,3.3952,2707543,1118.36
lazy_sched,2432,5100,train,3.3649,2708662,1118.36
lazy_sched,2433,5100,train,3.3196,2709764,1118.35
lazy_sched,2434,5100,train,3.4424,2710889,1118.35
lazy_sched,2435,5100,train,3.4775,2711997,1118.35
lazy_sched,2436,5100,train,3.3241,2713116,1118.35
lazy_sched,2437,5100,train,3.6263,2714222,1118.34
lazy_sched,2438,5100,train,3.4916,2715339,1118.34
lazy_sched,2439,5100,train,3.4181,2716444,1118.34
lazy_sched,2440,5100,train,3.4932,2717563,1118.34
lazy_sched,2441,5100,train,3.4240,2718664,1118.33
lazy_sched,2442,5100,train,3.4392,2719784,1118.33
lazy_sched,2443,5100,train,3.2840,2720885,1118.33
lazy_sched,2444,5100,train,3.5154,2722008,1118.33
lazy_sched,2445,5100,train,3.4419,2723109,1118.32
lazy_sched,2446,5100,train,3.4488,2724233,1118.32
lazy_sched,2447,5100,train,3.4904,2725341,1118.32
lazy_sched,2448,5100,train,3.5320,2726458,1118.32
lazy_sched,2449,5100,train,3.3396,2727562,1118.31
lazy_sched,2450,5100,train,3.4207,2728679,1118.31
lazy_sched,2451,5100,train,3.5530,2729783,1118.31
lazy_sched,2452,5100,train,3.5101,2730900,1118.30
lazy_sched,2453,5100,train,3.3367,2732002,1118.30
lazy_sched,2454,5100,train,3.4513,2733122,1118.30
lazy_sched,2455,5100,train,3.4204,2734224,1118.29
lazy_sched,2456,5100,train,3.4900,2735344,1118.29
lazy_sched,2457,5100,train,3.5455,2736444,1118.29
lazy_sched,2458,5100,train,3.5011,2737565,1118.29
lazy_sched,2459,5100,train,3.5841,2738671,1118.28
lazy_sched,2460,5100,train,3.5113,2739792,1118.28
lazy_sched,2461,5100,train,3.3806,2740896,1118.28
lazy_sched,2462,5100,train,3.4529,2742014,1118.28
lazy_sched,2463,5100,train,3.5026,2743122,1118.27
lazy_sched,2464,5100,train,3.5341,2744238,1118.27
lazy_sched,2465,5100,train,3.5522,2745342,1118.27
lazy_sched,2466,5100,train,3.3672,2746460,1118.27
lazy_sched,2467,5100,train,3.4217,2747563,1118.26
lazy_sched,2468,5100,train,3.4629,2748679,1118.26
lazy_sched,2469,5100,train,3.4069,2749782,1118.25
lazy_sched,2470,5100,train,3.4268,2750898,1118.25
lazy_sched,2471,5100,train,3.5791,2752001,1118.25
lazy_sched,2472,5100,train,3.5192,2753117,1118.24
lazy_sched,2473,5100,train,3.3650,2754223,1118.24
lazy_sched,2474,5100,train,3.4232,2755339,1118.24
lazy_sched,2475,5100,train,3.4463,2756443,1118.23
lazy_sched,2476,5100,train,3.4448,2757559,1118.23
lazy_sched,2477,5100,train,3.4458,2758663,1118.23
lazy_sched,2478,5100,train,3.4584,2759781,1118.23
lazy_sched,2479,5100,train,3.5959,2761112,1118.31
lazy_sched,2480,5100,train,3.3807,2762233,1118.31
lazy_sched,2481,5100,train,3.4034,2763343,1118.31
lazy_sched,2482,5100,train,3.4808,2764458,1118.31
lazy_sched,2483,5100,train,3.4867,2765562,1118.30
lazy_sched,2484,5100,train,3.5860,2766677,1118.30
lazy_sched,2485,5100,train,3.4781,2767783,1118.30
lazy_sched,2486,5100,train,3.4354,2768898,1118.29
lazy_sched,2487,5100,train,3.5052,2770003,1118.29
lazy_sched,2488,5100,train,3.4543,2771117,1118.29
lazy_sched,2489,5100,train,3.3443,2772223,1118.28
lazy_sched,2490,5100,train,3.4714,2773340,1118.28
lazy_sched,2491,5100,train,3.5599,2774442,1118.28
lazy_sched,2492,5100,train,3.5389,2775562,1118.28
lazy_sched,2493,5100,train,3.5015,2776663,1118.27
lazy_sched,2494,5100,train,3.4623,2777782,1118.27
lazy_sched,2495,5100,train,3.4433,2778883,1118.26
lazy_sched,2496,5100,train,3.4829,2780006,1118.26
lazy_sched,2497,5100,train,3.5329,2781105,1118.26
lazy_sched,2498,5100,train,3.3882,2782225,1118.26
lazy_sched,2499,5100,train,3.4606,2783325,1118.25
lazy_sched,2500,5100,train,3.4389,2784449,1118.25
lazy_sched,2500,5100,val,3.4684,2784450,1118.25
lazy_sched,2501,5100,train,3.5370,2785555,1118.25
lazy_sched,2502,5100,train,3.4083,2786674,1118.25
lazy_sched,2503,5100,train,3.4312,2787781,1118.24
lazy_sched,2504,5100,train,3.4841,2788896,1118.24
lazy_sched,2505,5100,train,3.4817,2790000,1118.24
lazy_sched,2506,5100,train,3.4556,2791116,1118.24
lazy_sched,2507,5100,train,3.4714,2792221,1118.23
lazy_sched,2508,5100,train,3.5247,2793335,1118.23
lazy_sched,2509,5100,train,3.4898,2794438,1118.22
lazy_sched,2510,5100,train,3.3761,2795560,1118.22
lazy_sched,2511,5100,train,3.4127,2796659,1118.22
lazy_sched,2512,5100,train,3.6697,2797779,1118.22
lazy_sched,2513,5100,train,3.4817,2798882,1118.21
lazy_sched,2514,5100,train,3.4805,2800003,1118.21
lazy_sched,2515,5100,train,3.6863,2801106,1118.21
lazy_sched,2516,5100,train,3.4322,2802230,1118.21
lazy_sched,2517,5100,train,3.3539,2803336,1118.20
lazy_sched,2518,5100,train,3.4272,2804454,1118.20
lazy_sched,2519,5100,train,3.3608,2805559,1118.20
lazy_sched,2520,5100,train,3.4513,2806675,1118.20
lazy_sched,2521,5100,train,3.4798,2807779,1118.19
lazy_sched,2522,5100,train,3.4101,2808897,1118.19
lazy_sched,2523,5100,train,3.4393,2810000,1118.19
lazy_sched,2524,5100,train,3.5906,2811116,1118.18
lazy_sched,2525,5100,train,3.3379,2812220,1118.18
lazy_sched,2526,5100,train,3.3991,2813337,1118.18
lazy_sched,2527,5100,train,3.3852,2814440,1118.17
lazy_sched,2528,5100,train,3.4854,2815557,1118.17
lazy_sched,2529,5100,train,3.4430,2816659,1118.17
lazy_sched,2530,5100,train,3.4676,2817775,1118.16
lazy_sched,2531,5100,train,3.3637,2818879,1118.16
lazy_sched,2532,5100,train,3.3850,2819995,1118.16
lazy_sched,2533,5100,train,3.5280,2821099,1118.15
lazy_sched,2534,5100,train,3.3917,2822215,1118.15
lazy_sched,2535,5100,train,3.7165,2823317,1118.15
lazy_sched,2536,5100,train,3.4158,2824435,1118.15
lazy_sched,2537,5100,train,3.3725,2825538,1118.14
lazy_sched,2538,5100,train,3.3989,2826653,1118.14
lazy_sched,2539,5100,train,3.4656,2827758,1118.13
lazy_sched,2540,5100,train,3.2874,2828874,1118.13
lazy_sched,2541,5100,train,3.3032,2829980,1118.13
lazy_sched,2542,5100,train,3.5000,2831095,1118.13
lazy_sched,2543,5100,train,3.1521,2832199,1118.12
lazy_sched,2544,5100,train,3.3121,2833315,1118.12
lazy_sched,2545,5100,train,3.4386,2834418,1118.11
lazy_sched,2546,5100,train,3.5189,2835535,1118.11
lazy_sched,2547,5100,train,3.6674,2836639,1118.11
lazy_sched,2548,5100,train,3.4763,2837754,1118.11
lazy_sched,2549,5100,train,3.5833,2838858,1118.10
lazy_sched,2550,5100,train,3.4359,2839974,1118.10
lazy_sched,2551,5100,train,3.4531,2841078,1118.09
lazy_sched,2552,5100,train,3.4902,2842195,1118.09
lazy_sched,2553,5100,train,3.4373,2843299,1118.09
lazy_sched,2554,5100,train,3.5243,2844400,1118.08
lazy_sched,2555,5100,train,3.2993,2845501,1118.08
lazy_sched,2556,5100,train,3.4842,2846620,1118.08
lazy_sched,2557,5100,train,3.4213,2847721,1118.07
lazy_sched,2558,5100,train,3.4139,2848822,1118.06
lazy_sched,2559,5100,train,3.4422,2849930,1118.06
lazy_sched,2560,5100,train,3.3753,2851052,1118.06
lazy_sched,2561,5100,train,3.5782,2852158,1118.05
lazy_sched,2562,5100,train,3.7624,2853260,1118.05
lazy_sched,2563,5100,train,3.7098,2854362,1118.04
lazy_sched,2564,5100,train,3.3758,2855481,1118.04
lazy_sched,2565,5100,train,3.5258,2856587,1118.04
lazy_sched,2566,5100,train,3.4722,2857696,1118.03
lazy_sched,2567,5100,train,3.4001,2858801,1118.03
lazy_sched,2568,5100,train,3.2212,2859916,1118.03
lazy_sched,2569,5100,train,3.3371,2861019,1118.02
lazy_sched,2570,5100,train,3.4164,2862122,1118.02
lazy_sched,2571,5100,train,3.5269,2863231,1118.01
lazy_sched,2572,5100,train,3.3577,2864351,1118.01
lazy_sched,2573,5100,train,3.4978,2865457,1118.01
lazy_sched,2574,5100,train,3.4789,2866560,1118.00
lazy_sched,2575,5100,train,3.3368,2867662,1118.00
lazy_sched,2576,5100,train,3.3587,2868786,1118.00
lazy_sched,2577,5100,train,3.4603,2869894,1118.00
lazy_sched,2578,5100,train,3.4467,2871000,1117.99
lazy_sched,2579,5100,train,3.5907,2872105,1117.99
lazy_sched,2580,5100,train,3.2956,2873229,1117.99
lazy_sched,2581,5100,train,3.4790,2874337,1117.98
lazy_sched,2582,5100,train,3.3997,2875441,1117.98
lazy_sched,2583,5100,train,3.4155,2876543,1117.97
lazy_sched,2584,5100,train,3.4738,2877669,1117.98
lazy_sched,2585,5100,train,3.4374,2878777,1117.97
lazy_sched,2586,5100,train,3.3199,2879881,1117.97
lazy_sched,2587,5100,train,3.3457,2880984,1117.96
lazy_sched,2588,5100,train,3.3385,2882105,1117.96
lazy_sched,2589,5100,train,3.3524,2883207,1117.96
lazy_sched,2590,5100,train,3.4305,2884315,1117.95
lazy_sched,2591,5100,train,3.2993,2885421,1117.95
lazy_sched,2592,5100,train,3.4786,2886536,1117.95
lazy_sched,2593,5100,train,3.4782,2887640,1117.94
lazy_sched,2594,5100,train,3.5017,2888743,1117.93
lazy_sched,2595,5100,train,3.3877,2889853,1117.93
lazy_sched,2596,5100,train,3.6288,2890973,1117.93
lazy_sched,2597,5100,train,3.3730,2892076,1117.93
lazy_sched,2598,5100,train,3.5106,2893180,1117.92
lazy_sched,2599,5100,train,3.4429,2894289,1117.92
lazy_sched,2600,5100,train,3.4601,2895419,1117.92
lazy_sched,2601,5100,train,3.3237,2896523,1117.92
lazy_sched,2602,5100,train,3.4791,2897624,1117.91
lazy_sched,2603,5100,train,3.3736,2898734,1117.91
lazy_sched,2604,5100,train,3.4816,2899854,1117.91
lazy_sched,2605,5100,train,3.3869,2900960,1117.90
lazy_sched,2606,5100,train,3.3650,2902061,1117.90
lazy_sched,2607,5100,train,3.2935,2903165,1117.89
lazy_sched,2608,5100,train,3.4425,2904288,1117.89
lazy_sched,2609,5100,train,3.3395,2905398,1117.89
lazy_sched,2610,5100,train,3.4369,2906502,1117.89
lazy_sched,2611,5100,train,3.4483,2907610,1117.88
lazy_sched,2612,5100,train,3.5054,2908731,1117.88
lazy_sched,2613,5100,train,3.5256,2909838,1117.88
lazy_sched,2614,5100,train,3.3651,2910941,1117.87
lazy_sched,2615,5100,train,3.3156,2912042,1117.87
lazy_sched,2616,5100,train,3.3825,2913167,1117.87
lazy_sched,2617,5100,train,3.2833,2914270,1117.86
lazy_sched,2618,5100,train,3.4319,2915379,1117.86
lazy_sched,2619,5100,train,3.3966,2916482,1117.85
lazy_sched,2620,5100,train,3.4756,2917609,1117.86
lazy_sched,2621,5100,train,3.4161,2918709,1117.85
lazy_sched,2622,5100,train,3.3814,2919817,1117.85
lazy_sched,2623,5100,train,3.6633,2920921,1117.84
lazy_sched,2624,5100,train,3.5592,2922039,1117.84
lazy_sched,2625,5100,train,3.3074,2923141,1117.84
lazy_sched,2625,5100,val,3.4531,2923141,1117.84
lazy_sched,2626,5100,train,3.5556,2924249,1117.83
lazy_sched,2627,5100,train,3.5334,2925357,1117.83
lazy_sched,2628,5100,train,3.4766,2926480,1117.83
lazy_sched,2629,5100,train,3.5224,2927583,1117.82
lazy_sched,2630,5100,train,3.3613,2928690,1117.82
lazy_sched,2631,5100,train,3.4974,2929793,1117.81
lazy_sched,2632,5100,train,3.6988,2930910,1117.81
lazy_sched,2633,5100,train,3.4473,2932013,1117.81
lazy_sched,2634,5100,train,3.5291,2933124,1117.81
lazy_sched,2635,5100,train,3.4586,2934230,1117.80
lazy_sched,2636,5100,train,3.3925,2935345,1117.80
lazy_sched,2637,5100,train,3.5992,2936450,1117.80
lazy_sched,2638,5100,train,3.6043,2937555,1117.79
lazy_sched,2639,5100,train,3.3660,2938662,1117.79
lazy_sched,2640,5100,train,3.3508,2939783,1117.79
lazy_sched,2641,5100,train,3.5030,2940890,1117.78
lazy_sched,2642,5100,train,3.5607,2941993,1117.78
lazy_sched,2643,5100,train,3.4730,2943096,1117.77
lazy_sched,2644,5100,train,3.6778,2944218,1117.77
lazy_sched,2645,5100,train,3.4700,2945325,1117.77
lazy_sched,2646,5100,train,3.3994,2946430,1117.77
lazy_sched,2647,5100,train,3.4036,2947534,1117.76
lazy_sched,2648,5100,train,3.4806,2948659,1117.76
lazy_sched,2649,5100,train,3.3865,2949763,1117.76
lazy_sched,2650,5100,train,3.4713,2950869,1117.75
lazy_sched,2651,5100,train,3.5268,2951978,1117.75
lazy_sched,2652,5100,train,3.5198,2953099,1117.75
lazy_sched,2653,5100,train,3.5460,2954205,1117.75
lazy_sched,2654,5100,train,3.3423,2955310,1117.74
lazy_sched,2655,5100,train,3.2466,2956415,1117.74
lazy_sched,2656,5100,train,3.4354,2957541,1117.74
lazy_sched,2657,5100,train,3.5579,2958648,1117.74
lazy_sched,2658,5100,train,3.3917,2959753,1117.73
lazy_sched,2659,5100,train,3.5242,2960855,1117.73
lazy_sched,2660,5100,train,3.4195,2961982,1117.73
lazy_sched,2661,5100,train,3.5657,2963087,1117.72
lazy_sched,2662,5100,train,3.3820,2964193,1117.72
lazy_sched,2663,5100,train,3.3959,2965295,1117.71
lazy_sched,2664,5100,train,3.4203,2966417,1117.72
lazy_sched,2665,5100,train,3.4065,2967518,1117.71
lazy_sched,2666,5100,train,3.3625,2968627,1117.71
lazy_sched,2667,5100,train,3.5659,2969731,1117.70
lazy_sched,2668,5100,train,3.5915,2970846,1117.70
lazy_sched,2669,5100,train,3.3215,2972077,1117.74
lazy_sched,2670,5100,train,3.4132,2973186,1117.74
lazy_sched,2671,5100,train,3.4731,2974291,1117.73
lazy_sched,2672,5100,train,3.3761,2975406,1117.73
lazy_sched,2673,5100,train,3.3941,2976510,1117.73
lazy_sched,2674,5100,train,3.3643,2977614,1117.72
lazy_sched,2675,5100,train,3.4082,2978722,1117.72
lazy_sched,2676,5100,train,3.4139,2979844,1117.72
lazy_sched,2677,5100,train,3.4375,2980949,1117.72
lazy_sched,2678,5100,train,3.3313,2982054,1117.71
lazy_sched,2679,5100,train,3.5587,2983162,1117.71
lazy_sched,2680,5100,train,3.5052,2984284,1117.71
lazy_sched,2681,5100,train,3.3442,2985393,1117.71
lazy_sched,2682,5100,train,3.3741,2986493,1117.70
lazy_sched,2683,5100,train,3.4078,2987599,1117.69
lazy_sched,2684,5100,train,3.6218,2988722,1117.70
lazy_sched,2685,5100,train,3.4465,2989830,1117.69
lazy_sched,2686,5100,train,3.4255,2990931,1117.69
lazy_sched,2687,5100,train,3.5029,2992038,1117.68
lazy_sched,2688,5100,train,3.3109,2993160,1117.68
lazy_sched,2689,5100,train,3.4571,2994270,1117.68
lazy_sched,2690,5100,train,3.4002,2995373,1117.68
lazy_sched,2691,5100,train,3.4610,2996476,1117.67
lazy_sched,2692,5100,train,3.5227,2997601,1117.67
lazy_sched,2693,5100,train,3.4044,2998707,1117.67
lazy_sched,2694,5100,train,3.6087,2999811,1117.66
lazy_sched,2695,5100,train,3.4960,3000919,1117.66
lazy_sched,2696,5100,train,3.2949,3002041,1117.66
lazy_sched,2697,5100,train,3.5866,3003140,1117.66
lazy_sched,2698,5100,train,3.3453,3004251,1117.65
lazy_sched,2699,5100,train,3.5095,3005352,1117.65
lazy_sched,2700,5100,train,3.4720,3006474,1117.65
lazy_sched,2701,5100,train,3.4536,3007575,1117.64
lazy_sched,2702,5100,train,3.4416,3008684,1117.64
lazy_sched,2703,5100,train,3.5139,3009792,1117.64
lazy_sched,2704,5100,train,3.3479,3010907,1117.63
lazy_sched,2705,5100,train,3.4243,3012011,1117.63
lazy_sched,2706,5100,train,3.3885,3013115,1117.62
lazy_sched,2707,5100,train,3.3534,3014223,1117.62
lazy_sched,2708,5100,train,3.5934,3015344,1117.62
lazy_sched,2709,5100,train,3.3951,3016451,1117.62
lazy_sched,2710,5100,train,3.3848,3017553,1117.61
lazy_sched,2711,5100,train,3.4327,3018660,1117.61
lazy_sched,2712,5100,train,3.5311,3019782,1117.61
lazy_sched,2713,5100,train,3.4665,3020889,1117.61
lazy_sched,2714,5100,train,3.3958,3021992,1117.60
lazy_sched,2715,5100,train,3.7066,3023093,1117.59
lazy_sched,2716,5100,train,3.3914,3024209,1117.59
lazy_sched,2717,5100,train,3.5233,3025310,1117.59
lazy_sched,2718,5100,train,3.3971,3026413,1117.58
lazy_sched,2719,5100,train,3.4318,3027524,1117.58
lazy_sched,2720,5100,train,3.3100,3028644,1117.58
lazy_sched,2721,5100,train,3.5115,3029751,1117.58
lazy_sched,2722,5100,train,3.5505,3030853,1117.57
lazy_sched,2723,5100,train,3.3304,3031961,1117.57
lazy_sched,2724,5100,train,3.4163,3033086,1117.57
lazy_sched,2725,5100,train,3.3722,3034191,1117.57
lazy_sched,2726,5100,train,3.4904,3035293,1117.56
lazy_sched,2727,5100,train,3.6092,3036393,1117.55
lazy_sched,2728,5100,train,3.4969,3037520,1117.56
lazy_sched,2729,5100,train,3.4718,3038628,1117.55
lazy_sched,2730,5100,train,3.3303,3039732,1117.55
lazy_sched,2731,5100,train,3.4633,3040838,1117.54
lazy_sched,2732,5100,train,3.5657,3041962,1117.55
lazy_sched,2733,5100,train,3.2916,3043066,1117.54
lazy_sched,2734,5100,train,3.3661,3044173,1117.54
lazy_sched,2735,5100,train,3.3382,3045274,1117.53
lazy_sched,2736,5100,train,3.3321,3046393,1117.53
lazy_sched,2737,5100,train,3.4594,3047494,1117.53
lazy_sched,2738,5100,train,3.3523,3048603,1117.52
lazy_sched,2739,5100,train,3.3095,3049710,1117.52
lazy_sched,2740,5100,train,3.4220,3050829,1117.52
lazy_sched,2741,5100,train,3.4358,3051932,1117.51
lazy_sched,2742,5100,train,3.4349,3053036,1117.51
lazy_sched,2743,5100,train,3.4335,3054147,1117.51
lazy_sched,2744,5100,train,3.5709,3055265,1117.51
lazy_sched,2745,5100,train,3.2799,3056372,1117.50
lazy_sched,2746,5100,train,3.3582,3057473,1117.50
lazy_sched,2747,5100,train,3.2660,3058582,1117.49
lazy_sched,2748,5100,train,3.4775,3059705,1117.50
lazy_sched,2749,5100,train,3.4371,3060810,1117.49
lazy_sched,2750,5100,train,3.6293,3061912,1117.49
lazy_sched,2750,5100,val,3.4424,3061912,1117.49
lazy_sched,2751,5100,train,3.4403,3063025,1117.48
lazy_sched,2752,5100,train,3.3325,3064146,1117.49
lazy_sched,2753,5100,train,3.3876,3065252,1117.48
lazy_sched,2754,5100,train,3.4387,3066353,1117.48
lazy_sched,2755,5100,train,3.7639,3067454,1117.47
lazy_sched,2756,5100,train,3.5611,3068581,1117.47
lazy_sched,2757,5100,train,3.4741,3069690,1117.47
lazy_sched,2758,5100,train,3.3643,3070794,1117.46
lazy_sched,2759,5100,train,3.4445,3071904,1117.46
lazy_sched,2760,5100,train,3.4684,3073026,1117.46
lazy_sched,2761,5100,train,3.4118,3074133,1117.46
lazy_sched,2762,5100,train,3.4206,3075234,1117.45
lazy_sched,2763,5100,train,3.4793,3076342,1117.45
lazy_sched,2764,5100,train,3.3909,3077464,1117.45
lazy_sched,2765,5100,train,3.5772,3078571,1117.45
lazy_sched,2766,5100,train,3.4414,3079675,1117.44
lazy_sched,2767,5100,train,3.3726,3080781,1117.44
lazy_sched,2768,5100,train,3.3369,3081904,1117.44
lazy_sched,2769,5100,train,3.4564,3083005,1117.44
lazy_sched,2770,5100,train,3.3344,3084110,1117.43
lazy_sched,2771,5100,train,3.6631,3085215,1117.43
lazy_sched,2772,5100,train,3.4931,3086341,1117.43
lazy_sched,2773,5100,train,3.3628,3087448,1117.43
lazy_sched,2774,5100,train,3.4623,3088552,1117.42
lazy_sched,2775,5100,train,3.5332,3089654,1117.42
lazy_sched,2776,5100,train,3.2535,3090777,1117.42
lazy_sched,2777,5100,train,3.3686,3091882,1117.41
lazy_sched,2778,5100,train,3.4044,3092990,1117.41
lazy_sched,2779,5100,train,3.3668,3094093,1117.40
lazy_sched,2780,5100,train,3.3432,3095211,1117.40
lazy_sched,2781,5100,train,3.4243,3096312,1117.40
lazy_sched,2782,5100,train,3.3284,3097422,1117.40
lazy_sched,2783,5100,train,3.3426,3098530,1117.39
lazy_sched,2784,5100,train,3.3716,3099647,1117.39
lazy_sched,2785,5100,train,3.2633,3100752,1117.39
lazy_sched,2786,5100,train,3.3964,3101855,1117.38
lazy_sched,2787,5100,train,3.2474,3102964,1117.38
lazy_sched,2788,5100,train,3.5287,3104085,1117.38
lazy_sched,2789,5100,train,3.4810,3105189,1117.38
lazy_sched,2790,5100,train,3.4121,3106294,1117.37
lazy_sched,2791,5100,train,3.4792,3107397,1117.37
lazy_sched,2792,5100,train,3.3998,3108522,1117.37
lazy_sched,2793,5100,train,3.3713,3109631,1117.37
lazy_sched,2794,5100,train,3.7750,3110732,1117.36
lazy_sched,2795,5100,train,3.3931,3111835,1117.36
lazy_sched,2796,5100,train,3.1635,3112959,1117.36
lazy_sched,2797,5100,train,3.5070,3114067,1117.35
lazy_sched,2798,5100,train,3.4074,3115172,1117.35
lazy_sched,2799,5100,train,3.4582,3116279,1117.35
lazy_sched,2800,5100,train,3.5676,3117400,1117.35
lazy_sched,2801,5100,train,3.4555,3118509,1117.34
lazy_sched,2802,5100,train,3.4313,3119614,1117.34
lazy_sched,2803,5100,train,3.4135,3120716,1117.33
lazy_sched,2804,5100,train,3.5942,3121832,1117.33
lazy_sched,2805,5100,train,3.4718,3122935,1117.33
lazy_sched,2806,5100,train,3.3319,3124041,1117.33
lazy_sched,2807,5100,train,3.3485,3125147,1117.32
lazy_sched,2808,5100,train,3.4570,3126275,1117.32
lazy_sched,2809,5100,train,3.2618,3127375,1117.32
lazy_sched,2810,5100,train,3.4502,3128483,1117.32
lazy_sched,2811,5100,train,3.5823,3129591,1117.31
lazy_sched,2812,5100,train,3.4289,3130708,1117.31
lazy_sched,2813,5100,train,3.3922,3131813,1117.31
lazy_sched,2814,5100,train,3.4033,3132913,1117.30
lazy_sched,2815,5100,train,3.4637,3134019,1117.30
lazy_sched,2816,5100,train,3.5326,3135144,1117.30
lazy_sched,2817,5100,train,3.4926,3136251,1117.30
lazy_sched,2818,5100,train,3.4062,3137355,1117.29
lazy_sched,2819,5100,train,3.2718,3138458,1117.29
lazy_sched,2820,5100,train,3.3535,3139583,1117.29
lazy_sched,2821,5100,train,3.4190,3140689,1117.29
lazy_sched,2822,5100,train,3.3024,3141793,1117.28
lazy_sched,2823,5100,train,4.0636,3142902,1117.28
lazy_sched,2824,5100,train,3.1993,3144024,1117.28
lazy_sched,2825,5100,train,3.5467,3145130,1117.28
lazy_sched,2826,5100,train,3.3300,3146234,1117.27
lazy_sched,2827,5100,train,3.4769,3147336,1117.27
lazy_sched,2828,5100,train,3.3995,3148465,1117.27
lazy_sched,2829,5100,train,3.4631,3149570,1117.27
lazy_sched,2830,5100,train,3.5415,3150675,1117.26
lazy_sched,2831,5100,train,3.4002,3151784,1117.26
lazy_sched,2832,5100,train,3.3601,3152905,1117.26
lazy_sched,2833,5100,train,3.2229,3154013,1117.26
lazy_sched,2834,5100,train,3.4231,3155114,1117.25
lazy_sched,2835,5100,train,3.5645,3156219,1117.25
lazy_sched,2836,5100,train,3.6095,3157345,1117.25
lazy_sched,2837,5100,train,3.4454,3158453,1117.25
lazy_sched,2838,5100,train,3.4702,3159555,1117.24
lazy_sched,2839,5100,train,3.3782,3160663,1117.24
lazy_sched,2840,5100,train,3.4344,3161785,1117.24
lazy_sched,2841,5100,train,3.5572,3162891,1117.23
lazy_sched,2842,5100,train,3.3259,3163992,1117.23
lazy_sched,2843,5100,train,3.2235,3165097,1117.22
lazy_sched,2844,5100,train,3.4544,3166223,1117.23
lazy_sched,2845,5100,train,3.6599,3167329,1117.22
lazy_sched,2846,5100,train,3.2187,3168434,1117.22
lazy_sched,2847,5100,train,3.5464,3169535,1117.21
lazy_sched,2848,5100,train,3.3592,3170658,1117.22
lazy_sched,2849,5100,train,3.4036,3171757,1117.21
lazy_sched,2850,5100,train,3.3495,3172862,1117.21
lazy_sched,2851,5100,train,3.4935,3173970,1117.20
lazy_sched,2852,5100,train,3.4278,3175087,1117.20
lazy_sched,2853,5100,train,3.4969,3176192,1117.20
lazy_sched,2854,5100,train,3.5490,3177295,1117.19
lazy_sched,2855,5100,train,3.4331,3178404,1117.19
lazy_sched,2856,5100,train,3.3359,3179526,1117.19
lazy_sched,2857,5100,train,3.6524,3180631,1117.19
lazy_sched,2858,5100,train,3.4440,3181735,1117.18
lazy_sched,2859,5100,train,3.5288,3182845,1117.18
lazy_sched,2860,5100,train,3.3781,3184070,1117.22
lazy_sched,2861,5100,train,3.5571,3185176,1117.21
lazy_sched,2862,5100,train,3.3598,3186285,1117.21
lazy_sched,2863,5100,train,3.3363,3187391,1117.21
lazy_sched,2864,5100,train,3.3641,3188509,1117.21
lazy_sched,2865,5100,train,3.4649,3189611,1117.20
lazy_sched,2866,5100,train,3.2460,3190714,1117.20
lazy_sched,2867,5100,train,3.5556,3191818,1117.19
lazy_sched,2868,5100,train,3.3461,3192942,1117.19
lazy_sched,2869,5100,train,3.4627,3194045,1117.19
lazy_sched,2870,5100,train,3.4173,3195152,1117.19
lazy_sched,2871,5100,train,3.4393,3196256,1117.18
lazy_sched,2872,5100,train,3.4624,3197379,1117.18
lazy_sched,2873,5100,train,3.4819,3198488,1117.18
lazy_sched,2874,5100,train,3.3621,3199592,1117.18
lazy_sched,2875,5100,train,3.4568,3200695,1117.17
lazy_sched,2875,5100,val,3.4354,3200695,1117.17
lazy_sched,2876,5100,train,3.3934,3201819,1117.17
lazy_sched,2877,5100,train,3.5383,3202924,1117.17
lazy_sched,2878,5100,train,3.5367,3204029,1117.17
lazy_sched,2879,5100,train,3.3196,3205132,1117.16
lazy_sched,2880,5100,train,3.4417,3206257,1117.16
lazy_sched,2881,5100,train,3.4831,3207360,1117.16
lazy_sched,2882,5100,train,3.4267,3208469,1117.15
lazy_sched,2883,5100,train,3.3096,3209573,1117.15
lazy_sched,2884,5100,train,3.5669,3210695,1117.15
lazy_sched,2885,5100,train,3.4054,3211797,1117.15
lazy_sched,2886,5100,train,3.4183,3212906,1117.14
lazy_sched,2887,5100,train,3.4598,3214011,1117.14
lazy_sched,2888,5100,train,3.2807,3215129,1117.14
lazy_sched,2889,5100,train,3.5234,3216232,1117.14
lazy_sched,2890,5100,train,3.5389,3217334,1117.13
lazy_sched,2891,5100,train,3.2601,3218441,1117.13
lazy_sched,2892,5100,train,3.3808,3219564,1117.13
lazy_sched,2893,5100,train,3.3561,3220670,1117.12
lazy_sched,2894,5100,train,3.2695,3221773,1117.12
lazy_sched,2895,5100,train,3.0664,3222875,1117.11
lazy_sched,2896,5100,train,3.3954,3223997,1117.12
lazy_sched,2897,5100,train,3.3859,3225097,1117.11
lazy_sched,2898,5100,train,3.2267,3226206,1117.11
lazy_sched,2899,5100,train,3.4157,3227310,1117.10
lazy_sched,2900,5100,train,3.4149,3228429,1117.10
lazy_sched,2901,5100,train,3.3518,3229531,1117.10
lazy_sched,2902,5100,train,3.3900,3230634,1117.09
lazy_sched,2903,5100,train,3.3789,3231741,1117.09
lazy_sched,2904,5100,train,3.4435,3232862,1117.09
lazy_sched,2905,5100,train,3.2574,3233967,1117.09
lazy_sched,2906,5100,train,3.2874,3235073,1117.08
lazy_sched,2907,5100,train,3.4722,3236174,1117.08
lazy_sched,2908,5100,train,3.3752,3237300,1117.08
lazy_sched,2909,5100,train,3.3932,3238405,1117.08
lazy_sched,2910,5100,train,3.5611,3239511,1117.07
lazy_sched,2911,5100,train,3.4831,3240614,1117.07
lazy_sched,2912,5100,train,3.4930,3241737,1117.07
lazy_sched,2913,5100,train,3.3992,3242845,1117.07
lazy_sched,2914,5100,train,3.6387,3243950,1117.06
lazy_sched,2915,5100,train,3.5141,3245052,1117.06
lazy_sched,2916,5100,train,3.1259,3246170,1117.06
lazy_sched,2917,5100,train,3.5096,3247272,1117.05
lazy_sched,2918,5100,train,3.5656,3248377,1117.05
lazy_sched,2919,5100,train,3.3617,3249485,1117.05
lazy_sched,2920,5100,train,3.6104,3250604,1117.05
lazy_sched,2921,5100,train,3.4622,3251711,1117.04
lazy_sched,2922,5100,train,3.2190,3252813,1117.04
lazy_sched,2923,5100,train,3.5586,3253923,1117.03
lazy_sched,2924,5100,train,3.1624,3255043,1117.04
lazy_sched,2925,5100,train,3.2753,3256150,1117.03
lazy_sched,2926,5100,train,3.5712,3257252,1117.03
lazy_sched,2927,5100,train,3.3715,3258355,1117.02
lazy_sched,2928,5100,train,3.3947,3259478,1117.02
lazy_sched,2929,5100,train,3.4450,3260583,1117.02
lazy_sched,2930,5100,train,3.5536,3261689,1117.02
lazy_sched,2931,5100,train,3.4461,3262791,1117.01
lazy_sched,2932,5100,train,3.4165,3263915,1117.01
lazy_sched,2933,5100,train,3.4623,3265023,1117.01
lazy_sched,2934,5100,train,3.4453,3266128,1117.01
lazy_sched,2935,5100,train,3.4092,3267232,1117.00
lazy_sched,2936,5100,train,3.3560,3268359,1117.01
lazy_sched,2937,5100,train,3.3864,3269466,1117.00
lazy_sched,2938,5100,train,3.4883,3270570,1117.00
lazy_sched,2939,5100,train,3.3537,3271673,1116.99
lazy_sched,2940,5100,train,3.3184,3272795,1116.99
lazy_sched,2941,5100,train,3.6046,3273897,1116.99
lazy_sched,2942,5100,train,3.4153,3275005,1116.99
lazy_sched,2943,5100,train,3.4366,3276112,1116.98
lazy_sched,2944,5100,train,3.5483,3277227,1116.98
lazy_sched,2945,5100,train,3.1394,3278330,1116.98
lazy_sched,2946,5100,train,3.3708,3279432,1116.97
lazy_sched,2947,5100,train,3.2802,3280540,1116.97
lazy_sched,2948,5100,train,3.4754,3281662,1116.97
lazy_sched,2949,5100,train,3.4296,3282770,1116.97
lazy_sched,2950,5100,train,3.3941,3283873,1116.96
lazy_sched,2951,5100,train,3.3103,3284984,1116.96
lazy_sched,2952,5100,train,3.3587,3286104,1116.96
lazy_sched,2953,5100,train,3.5221,3287211,1116.96
lazy_sched,2954,5100,train,3.4446,3288313,1116.95
lazy_sched,2955,5100,train,3.4129,3289417,1116.95
lazy_sched,2956,5100,train,3.2570,3290540,1116.95
lazy_sched,2957,5100,train,3.3360,3291647,1116.95
lazy_sched,2958,5100,train,3.3805,3292753,1116.94
lazy_sched,2959,5100,train,3.3959,3293855,1116.94
lazy_sched,2960,5100,train,3.5738,3294976,1116.94
lazy_sched,2961,5100,train,3.4877,3296079,1116.94
lazy_sched,2962,5100,train,3.3785,3297186,1116.93
lazy_sched,2963,5100,train,3.3088,3298290,1116.93
lazy_sched,2964,5100,train,3.3168,3299413,1116.93
lazy_sched,2965,5100,train,3.5072,3300514,1116.93
lazy_sched,2966,5100,train,3.4033,3301623,1116.92
lazy_sched,2967,5100,train,3.3454,3302729,1116.92
lazy_sched,2968,5100,train,3.4143,3303848,1116.92
lazy_sched,2969,5100,train,3.3443,3304952,1116.92
lazy_sched,2970,5100,train,3.4012,3306060,1116.91
lazy_sched,2971,5100,train,3.4016,3307166,1116.91
lazy_sched,2972,5100,train,3.3797,3308287,1116.91
lazy_sched,2973,5100,train,3.4059,3309391,1116.91
lazy_sched,2974,5100,train,3.3582,3310493,1116.90
lazy_sched,2975,5100,train,3.4064,3311600,1116.90
lazy_sched,2976,5100,train,3.3152,3312723,1116.90
lazy_sched,2977,5100,train,3.4104,3313830,1116.90
lazy_sched,2978,5100,train,3.4807,3314933,1116.89
lazy_sched,2979,5100,train,3.3755,3316043,1116.89
lazy_sched,2980,5100,train,3.1943,3317163,1116.89
lazy_sched,2981,5100,train,3.5161,3318268,1116.89
lazy_sched,2982,5100,train,3.3961,3319372,1116.88
lazy_sched,2983,5100,train,3.3868,3320479,1116.88
lazy_sched,2984,5100,train,3.3986,3321602,1116.88
lazy_sched,2985,5100,train,3.4533,3322710,1116.88
lazy_sched,2986,5100,train,3.4078,3323811,1116.87
lazy_sched,2987,5100,train,3.3638,3324914,1116.87
lazy_sched,2988,5100,train,3.3173,3326041,1116.87
lazy_sched,2989,5100,train,3.6954,3327148,1116.87
lazy_sched,2990,5100,train,3.4299,3328251,1116.86
lazy_sched,2991,5100,train,3.4168,3329361,1116.86
lazy_sched,2992,5100,train,3.4827,3330483,1116.86
lazy_sched,2993,5100,train,3.3964,3331590,1116.86
lazy_sched,2994,5100,train,3.3007,3332692,1116.85
lazy_sched,2995,5100,train,3.2520,3333799,1116.85
lazy_sched,2996,5100,train,3.3282,3334924,1116.85
lazy_sched,2997,5100,train,3.4142,3336028,1116.85
lazy_sched,2998,5100,train,3.4627,3337132,1116.84
lazy_sched,2999,5100,train,3.5606,3338238,1116.84
lazy_sched,3000,5100,train,3.4269,3339364,1116.84
lazy_sched,3000,5100,val,3.4322,3339364,1116.84
lazy_sched,3001,5100,train,3.5218,3340476,1116.84
lazy_sched,3002,5100,train,3.2857,3341587,1116.84
lazy_sched,3003,5100,train,3.4549,3342691,1116.84
lazy_sched,3004,5100,train,3.4123,3343807,1116.84
lazy_sched,3005,5100,train,3.6052,3344911,1116.83
lazy_sched,3006,5100,train,3.1333,3346017,1116.83
lazy_sched,3007,5100,train,3.4589,3347128,1116.83
lazy_sched,3008,5100,train,3.4604,3348246,1116.83
lazy_sched,3009,5100,train,3.4300,3349351,1116.82
lazy_sched,3010,5100,train,3.2998,3350454,1116.82
lazy_sched,3011,5100,train,3.4044,3351556,1116.81
lazy_sched,3012,5100,train,3.4845,3352678,1116.81
lazy_sched,3013,5100,train,3.3517,3353783,1116.81
lazy_sched,3014,5100,train,3.4301,3354889,1116.81
lazy_sched,3015,5100,train,3.5170,3355992,1116.80
lazy_sched,3016,5100,train,3.4977,3357111,1116.80
lazy_sched,3017,5100,train,3.5494,3358215,1116.80
lazy_sched,3018,5100,train,3.2817,3359327,1116.80
lazy_sched,3019,5100,train,3.4434,3360430,1116.79
lazy_sched,3020,5100,train,3.5749,3361550,1116.79
lazy_sched,3021,5100,train,3.3354,3362653,1116.79
lazy_sched,3022,5100,train,3.3619,3363763,1116.79
lazy_sched,3023,5100,train,3.4343,3364868,1116.78
lazy_sched,3024,5100,train,3.4574,3365987,1116.78
lazy_sched,3025,5100,train,3.4524,3367091,1116.78
lazy_sched,3026,5100,train,3.3868,3368194,1116.78
lazy_sched,3027,5100,train,3.5612,3369304,1116.77
lazy_sched,3028,5100,train,3.5644,3370423,1116.77
lazy_sched,3029,5100,train,3.3271,3371528,1116.77
lazy_sched,3030,5100,train,3.4088,3372633,1116.77
lazy_sched,3031,5100,train,3.3597,3373743,1116.76
lazy_sched,3032,5100,train,3.3873,3374867,1116.77
lazy_sched,3033,5100,train,3.3208,3375972,1116.76
lazy_sched,3034,5100,train,3.5640,3377085,1116.76
lazy_sched,3035,5100,train,3.5133,3378191,1116.76
lazy_sched,3036,5100,train,3.3786,3379310,1116.76
lazy_sched,3037,5100,train,3.4194,3380412,1116.75
lazy_sched,3038,5100,train,3.6067,3381523,1116.75
lazy_sched,3039,5100,train,3.4453,3382630,1116.75
lazy_sched,3040,5100,train,3.3209,3383748,1116.75
lazy_sched,3041,5100,train,3.4260,3384851,1116.74
lazy_sched,3042,5100,train,3.3855,3385956,1116.74
lazy_sched,3043,5100,train,3.4696,3387066,1116.74
lazy_sched,3044,5100,train,3.3536,3388188,1116.74
lazy_sched,3045,5100,train,3.4190,3389295,1116.74
lazy_sched,3046,5100,train,3.6187,3390405,1116.73
lazy_sched,3047,5100,train,3.3340,3391511,1116.73
lazy_sched,3048,5100,train,3.4999,3392632,1116.73
lazy_sched,3049,5100,train,3.4686,3393733,1116.73
lazy_sched,3050,5100,train,3.4435,3394965,1116.76
lazy_sched,3051,5100,train,3.3198,3396072,1116.76
lazy_sched,3052,5100,train,3.3899,3397188,1116.76
lazy_sched,3053,5100,train,3.3724,3398292,1116.76
lazy_sched,3054,5100,train,3.4563,3399394,1116.75
lazy_sched,3055,5100,train,3.4686,3400504,1116.75
lazy_sched,3056,5100,train,3.4435,3401626,1116.75
lazy_sched,3057,5100,train,3.5415,3402731,1116.75
lazy_sched,3058,5100,train,3.2038,3403836,1116.74
lazy_sched,3059,5100,train,3.0645,3404947,1116.74
lazy_sched,3060,5100,train,3.4496,3406065,1116.74
lazy_sched,3061,5100,train,3.3757,3407171,1116.74
lazy_sched,3062,5100,train,3.3814,3408272,1116.73
lazy_sched,3063,5100,train,3.4588,3409382,1116.73
lazy_sched,3064,5100,train,3.3425,3410504,1116.73
lazy_sched,3065,5100,train,3.4847,3411611,1116.73
lazy_sched,3066,5100,train,3.5047,3412713,1116.73
lazy_sched,3067,5100,train,3.4383,3413824,1116.72
lazy_sched,3068,5100,train,3.3975,3414944,1116.72
lazy_sched,3069,5100,train,3.3918,3416051,1116.72
lazy_sched,3070,5100,train,3.5009,3417153,1116.72
lazy_sched,3071,5100,train,3.4561,3418264,1116.71
lazy_sched,3072,5100,train,3.3659,3419385,1116.72
lazy_sched,3073,5100,train,3.3463,3420491,1116.71
lazy_sched,3074,5100,train,3.4342,3421592,1116.71
lazy_sched,3075,5100,train,3.4055,3422699,1116.70
lazy_sched,3076,5100,train,3.3766,3423821,1116.71
lazy_sched,3077,5100,train,3.3872,3424924,1116.70
lazy_sched,3078,5100,train,3.5259,3426030,1116.70
lazy_sched,3079,5100,train,3.3625,3427133,1116.69
lazy_sched,3080,5100,train,3.2216,3428255,1116.70
lazy_sched,3081,5100,train,3.4246,3429355,1116.69
lazy_sched,3082,5100,train,3.4605,3430462,1116.69
lazy_sched,3083,5100,train,3.2829,3431570,1116.68
lazy_sched,3084,5100,train,3.4315,3432691,1116.69
lazy_sched,3085,5100,train,3.3550,3433792,1116.68
lazy_sched,3086,5100,train,3.3631,3434901,1116.68
lazy_sched,3087,5100,train,3.4535,3436008,1116.67
lazy_sched,3088,5100,train,3.4010,3437127,1116.68
lazy_sched,3089,5100,train,3.3641,3438230,1116.67
lazy_sched,3090,5100,train,3.9198,3439333,1116.67
lazy_sched,3091,5100,train,3.3690,3440443,1116.66
lazy_sched,3092,5100,train,3.4592,3441564,1116.67
lazy_sched,3093,5100,train,3.3547,3442667,1116.66
lazy_sched,3094,5100,train,3.3537,3443773,1116.66
lazy_sched,3095,5100,train,3.4058,3444880,1116.65
lazy_sched,3096,5100,train,3.6169,3446004,1116.66
lazy_sched,3097,5100,train,3.3284,3447109,1116.65
lazy_sched,3098,5100,train,3.3991,3448217,1116.65
lazy_sched,3099,5100,train,3.2578,3449328,1116.65
lazy_sched,3100,5100,train,3.1666,3450446,1116.65
lazy_sched,3101,5100,train,3.3679,3451551,1116.65
lazy_sched,3102,5100,train,3.3302,3452653,1116.64
lazy_sched,3103,5100,train,3.6628,3453760,1116.64
lazy_sched,3104,5100,train,3.3393,3454883,1116.64
lazy_sched,3105,5100,train,3.2599,3455989,1116.64
lazy_sched,3106,5100,train,3.4754,3457093,1116.63
lazy_sched,3107,5100,train,3.3593,3458198,1116.63
lazy_sched,3108,5100,train,3.4145,3459322,1116.63
lazy_sched,3109,5100,train,3.4813,3460429,1116.63
lazy_sched,3110,5100,train,3.3756,3461532,1116.62
lazy_sched,3111,5100,train,3.3784,3462634,1116.62
lazy_sched,3112,5100,train,3.4858,3463758,1116.62
lazy_sched,3113,5100,train,3.3894,3464862,1116.62
lazy_sched,3114,5100,train,3.3937,3465970,1116.61
lazy_sched,3115,5100,train,3.4811,3467074,1116.61
lazy_sched,3116,5100,train,3.3790,3468197,1116.61
lazy_sched,3117,5100,train,3.4649,3469298,1116.61
lazy_sched,3118,5100,train,3.4651,3470407,1116.60
lazy_sched,3119,5100,train,3.2213,3471510,1116.60
lazy_sched,3120,5100,train,3.4063,3472628,1116.60
lazy_sched,3121,5100,train,3.4397,3473730,1116.60
lazy_sched,3122,5100,train,3.4387,3474832,1116.59
lazy_sched,3123,5100,train,3.4357,3475938,1116.59
lazy_sched,3124,5100,train,3.4019,3477059,1116.59
lazy_sched,3125,5100,train,3.4349,3478161,1116.58
lazy_sched,3125,5100,val,3.4297,3478162,1116.58
lazy_sched,3126,5100,train,3.3493,3479268,1116.58
lazy_sched,3127,5100,train,3.3780,3480375,1116.58
lazy_sched,3128,5100,train,3.3381,3481499,1116.58
lazy_sched,3129,5100,train,3.3850,3482596,1116.57
lazy_sched,3130,5100,train,3.3887,3483705,1116.57
lazy_sched,3131,5100,train,3.3832,3484809,1116.57
lazy_sched,3132,5100,train,3.5031,3485927,1116.57
lazy_sched,3133,5100,train,3.4256,3487031,1116.56
lazy_sched,3134,5100,train,3.4157,3488134,1116.56
lazy_sched,3135,5100,train,3.4530,3489243,1116.56
lazy_sched,3136,5100,train,3.3896,3490364,1116.56
lazy_sched,3137,5100,train,3.4839,3491469,1116.56
lazy_sched,3138,5100,train,3.3539,3492574,1116.55
lazy_sched,3139,5100,train,3.4543,3493681,1116.55
lazy_sched,3140,5100,train,3.4001,3494803,1116.55
lazy_sched,3141,5100,train,3.4091,3495909,1116.55
lazy_sched,3142,5100,train,3.6472,3497013,1116.54
lazy_sched,3143,5100,train,3.3056,3498126,1116.54
lazy_sched,3144,5100,train,3.5856,3499257,1116.55
lazy_sched,3145,5100,train,3.3798,3500355,1116.54
lazy_sched,3146,5100,train,3.3407,3501470,1116.54
lazy_sched,3147,5100,train,3.4739,3502572,1116.54
lazy_sched,3148,5100,train,3.3075,3503709,1116.54
lazy_sched,3149,5100,train,3.3872,3504816,1116.54
lazy_sched,3150,5100,train,3.3415,3505922,1116.54
lazy_sched,3151,5100,train,3.4237,3507033,1116.53
lazy_sched,3152,5100,train,3.3184,3508151,1116.53
lazy_sched,3153,5100,train,3.3913,3509253,1116.53
lazy_sched,3154,5100,train,3.2497,3510364,1116.53
lazy_sched,3155,5100,train,3.2078,3511469,1116.52
lazy_sched,3156,5100,train,3.2868,3512591,1116.53
lazy_sched,3157,5100,train,3.4502,3513696,1116.52
lazy_sched,3158,5100,train,3.4021,3514806,1116.52
lazy_sched,3159,5100,train,3.3742,3515909,1116.52
lazy_sched,3160,5100,train,3.4702,3517034,1116.52
lazy_sched,3161,5100,train,3.3379,3518138,1116.51
lazy_sched,3162,5100,train,3.2868,3519249,1116.51
lazy_sched,3163,5100,train,3.4754,3520353,1116.51
lazy_sched,3164,5100,train,3.4670,3521479,1116.51
lazy_sched,3165,5100,train,3.4023,3522583,1116.51
lazy_sched,3166,5100,train,3.4387,3523691,1116.51
lazy_sched,3167,5100,train,3.2283,3524793,1116.50
lazy_sched,3168,5100,train,3.5227,3525924,1116.51
lazy_sched,3169,5100,train,3.2315,3527031,1116.50
lazy_sched,3170,5100,train,3.4894,3528136,1116.50
lazy_sched,3171,5100,train,3.2248,3529244,1116.50
lazy_sched,3172,5100,train,3.4440,3530366,1116.50
lazy_sched,3173,5100,train,3.4153,3531468,1116.49
lazy_sched,3174,5100,train,3.4152,3532572,1116.49
lazy_sched,3175,5100,train,3.3370,3533676,1116.49
lazy_sched,3176,5100,train,3.4264,3534802,1116.49
lazy_sched,3177,5100,train,3.5454,3535908,1116.48
lazy_sched,3178,5100,train,3.4112,3537012,1116.48
lazy_sched,3179,5100,train,3.4045,3538123,1116.48
lazy_sched,3180,5100,train,3.3458,3539245,1116.48
lazy_sched,3181,5100,train,3.4236,3540351,1116.48
lazy_sched,3182,5100,train,3.3004,3541456,1116.47
lazy_sched,3183,5100,train,3.5096,3542568,1116.47
lazy_sched,3184,5100,train,3.4185,3543705,1116.48
lazy_sched,3185,5100,train,3.3858,3544811,1116.48
lazy_sched,3186,5100,train,3.4963,3545916,1116.47
lazy_sched,3187,5100,train,3.3279,3547028,1116.47
lazy_sched,3188,5100,train,3.3853,3548157,1116.47
lazy_sched,3189,5100,train,3.4342,3549258,1116.47
lazy_sched,3190,5100,train,3.1381,3550366,1116.47
lazy_sched,3191,5100,train,3.3598,3551472,1116.46
lazy_sched,3192,5100,train,3.4228,3552586,1116.46
lazy_sched,3193,5100,train,3.3301,3553691,1116.46
lazy_sched,3194,5100,train,3.3836,3554792,1116.45
lazy_sched,3195,5100,train,3.3463,3555900,1116.45
lazy_sched,3196,5100,train,3.5403,3557022,1116.45
lazy_sched,3197,5100,train,3.3069,3558129,1116.45
lazy_sched,3198,5100,train,3.4845,3559233,1116.45
lazy_sched,3199,5100,train,3.3225,3560342,1116.44
lazy_sched,3200,5100,train,3.4855,3561469,1116.45
lazy_sched,3201,5100,train,3.4541,3562572,1116.44
lazy_sched,3202,5100,train,3.3757,3563678,1116.44
lazy_sched,3203,5100,train,3.3163,3564785,1116.44
lazy_sched,3204,5100,train,3.4075,3565910,1116.44
lazy_sched,3205,5100,train,3.5010,3567013,1116.44
lazy_sched,3206,5100,train,3.4317,3568123,1116.43
lazy_sched,3207,5100,train,3.4334,3569230,1116.43
lazy_sched,3208,5100,train,3.7863,3570348,1116.43
lazy_sched,3209,5100,train,3.5757,3571452,1116.43
lazy_sched,3210,5100,train,3.6010,3572554,1116.42
lazy_sched,3211,5100,train,3.4296,3573661,1116.42
lazy_sched,3212,5100,train,3.4145,3574787,1116.42
lazy_sched,3213,5100,train,3.4130,3575891,1116.42
lazy_sched,3214,5100,train,3.3783,3576993,1116.41
lazy_sched,3215,5100,train,3.3357,3578101,1116.41
lazy_sched,3216,5100,train,3.4142,3579227,1116.42
lazy_sched,3217,5100,train,3.4133,3580331,1116.41
lazy_sched,3218,5100,train,3.3352,3581438,1116.41
lazy_sched,3219,5100,train,3.4060,3582548,1116.41
lazy_sched,3220,5100,train,3.4316,3583682,1116.41
lazy_sched,3221,5100,train,3.6238,3584792,1116.41
lazy_sched,3222,5100,train,3.4677,3585894,1116.41
lazy_sched,3223,5100,train,3.0593,3587003,1116.40
lazy_sched,3224,5100,train,3.3091,3588142,1116.41
lazy_sched,3225,5100,train,3.3172,3589243,1116.41
lazy_sched,3226,5100,train,3.3374,3590353,1116.40
lazy_sched,3227,5100,train,3.2996,3591458,1116.40
lazy_sched,3228,5100,train,3.3492,3592584,1116.40
lazy_sched,3229,5100,train,3.3035,3593693,1116.40
lazy_sched,3230,5100,train,3.5106,3594793,1116.40
lazy_sched,3231,5100,train,3.4381,3595900,1116.39
lazy_sched,3232,5100,train,3.3495,3597023,1116.39
lazy_sched,3233,5100,train,3.4154,3598131,1116.39
lazy_sched,3234,5100,train,3.4808,3599232,1116.39
lazy_sched,3235,5100,train,3.3651,3600333,1116.38
lazy_sched,3236,5100,train,3.4153,3601459,1116.39
lazy_sched,3237,5100,train,3.3915,3602562,1116.38
lazy_sched,3238,5100,train,3.3552,3603669,1116.38
lazy_sched,3239,5100,train,3.4604,3604771,1116.37
lazy_sched,3240,5100,train,3.3760,3605895,1116.38
lazy_sched,3241,5100,train,3.3334,3607148,1116.42
lazy_sched,3242,5100,train,3.3255,3608251,1116.41
lazy_sched,3243,5100,train,3.4108,3609359,1116.41
lazy_sched,3244,5100,train,3.4483,3610482,1116.41
lazy_sched,3245,5100,train,3.4318,3611586,1116.41
lazy_sched,3246,5100,train,3.4267,3612692,1116.41
lazy_sched,3247,5100,train,3.2344,3613793,1116.40
lazy_sched,3248,5100,train,3.4569,3614918,1116.40
lazy_sched,3249,5100,train,3.3346,3616026,1116.40
lazy_sched,3250,5100,train,3.4784,3617132,1116.40
lazy_sched,3250,5100,val,3.4210,3617133,1116.40
lazy_sched,3251,5100,train,3.4827,3618244,1116.40
lazy_sched,3252,5100,train,3.4437,3619380,1116.40
lazy_sched,3253,5100,train,3.3471,3620482,1116.40
lazy_sched,3254,5100,train,3.3408,3621592,1116.40
lazy_sched,3255,5100,train,3.3846,3622693,1116.39
lazy_sched,3256,5100,train,3.4075,3623831,1116.40
lazy_sched,3257,5100,train,3.3998,3624933,1116.39
lazy_sched,3258,5100,train,3.2411,3626035,1116.39
lazy_sched,3259,5100,train,3.9135,3627141,1116.39
lazy_sched,3260,5100,train,3.3588,3628264,1116.39
lazy_sched,3261,5100,train,3.3952,3629369,1116.39
lazy_sched,3262,5100,train,3.2678,3630475,1116.38
lazy_sched,3263,5100,train,3.4048,3631582,1116.38
lazy_sched,3264,5100,train,3.3296,3632705,1116.38
lazy_sched,3265,5100,train,3.4401,3633813,1116.38
lazy_sched,3266,5100,train,3.5096,3634915,1116.37
lazy_sched,3267,5100,train,3.3812,3636024,1116.37
lazy_sched,3268,5100,train,3.3906,3637145,1116.37
lazy_sched,3269,5100,train,3.3483,3638251,1116.37
lazy_sched,3270,5100,train,3.3861,3639354,1116.37
lazy_sched,3271,5100,train,3.3564,3640462,1116.36
lazy_sched,3272,5100,train,3.5509,3641585,1116.37
lazy_sched,3273,5100,train,3.4189,3642692,1116.36
lazy_sched,3274,5100,train,3.4517,3643793,1116.36
lazy_sched,3275,5100,train,3.2626,3644898,1116.35
lazy_sched,3276,5100,train,3.5599,3646021,1116.36
lazy_sched,3277,5100,train,3.5497,3647128,1116.35
lazy_sched,3278,5100,train,3.2482,3648233,1116.35
lazy_sched,3279,5100,train,3.3455,3649336,1116.35
lazy_sched,3280,5100,train,3.3690,3650458,1116.35
lazy_sched,3281,5100,train,3.8040,3651559,1116.34
lazy_sched,3282,5100,train,3.3227,3652667,1116.34
lazy_sched,3283,5100,train,3.3998,3653770,1116.34
lazy_sched,3284,5100,train,3.2834,3654889,1116.34
lazy_sched,3285,5100,train,3.2947,3655992,1116.33
lazy_sched,3286,5100,train,3.3390,3657097,1116.33
lazy_sched,3287,5100,train,3.4127,3658206,1116.33
lazy_sched,3288,5100,train,3.3969,3659334,1116.33
lazy_sched,3289,5100,train,3.4385,3660438,1116.33
lazy_sched,3290,5100,train,3.3686,3661550,1116.33
lazy_sched,3291,5100,train,3.4769,3662653,1116.32
lazy_sched,3292,5100,train,3.3702,3663791,1116.33
lazy_sched,3293,5100,train,3.4112,3664894,1116.32
lazy_sched,3294,5100,train,3.2492,3665996,1116.32
lazy_sched,3295,5100,train,3.5159,3667108,1116.32
lazy_sched,3296,5100,train,3.4328,3668227,1116.32
lazy_sched,3297,5100,train,3.4403,3669333,1116.32
lazy_sched,3298,5100,train,3.4355,3670435,1116.31
lazy_sched,3299,5100,train,3.2977,3671539,1116.31
lazy_sched,3300,5100,train,3.3111,3672663,1116.31
lazy_sched,3301,5100,train,3.5045,3673769,1116.31
lazy_sched,3302,5100,train,3.2569,3674872,1116.30
lazy_sched,3303,5100,train,3.3632,3675982,1116.30
lazy_sched,3304,5100,train,3.3173,3677104,1116.30
lazy_sched,3305,5100,train,3.3213,3678210,1116.30
lazy_sched,3306,5100,train,3.4473,3679313,1116.30
lazy_sched,3307,5100,train,3.4201,3680427,1116.30
lazy_sched,3308,5100,train,3.2873,3681549,1116.30
lazy_sched,3309,5100,train,3.3345,3682651,1116.29
lazy_sched,3310,5100,train,3.4707,3683754,1116.29
lazy_sched,3311,5100,train,3.3162,3684864,1116.29
lazy_sched,3312,5100,train,3.4196,3685984,1116.29
lazy_sched,3313,5100,train,3.4353,3687091,1116.29
lazy_sched,3314,5100,train,3.4176,3688193,1116.28
lazy_sched,3315,5100,train,3.4151,3689297,1116.28
lazy_sched,3316,5100,train,3.2805,3690420,1116.28
lazy_sched,3317,5100,train,3.3066,3691528,1116.28
lazy_sched,3318,5100,train,3.4020,3692633,1116.27
lazy_sched,3319,5100,train,3.5088,3693744,1116.27
lazy_sched,3320,5100,train,3.4919,3694866,1116.27
lazy_sched,3321,5100,train,3.3292,3695972,1116.27
lazy_sched,3322,5100,train,3.8642,3697076,1116.27
lazy_sched,3323,5100,train,3.4584,3698188,1116.27
lazy_sched,3324,5100,train,3.4655,3699305,1116.27
lazy_sched,3325,5100,train,3.4453,3700412,1116.26
lazy_sched,3326,5100,train,3.5108,3701515,1116.26
lazy_sched,3327,5100,train,3.3258,3702628,1116.26
lazy_sched,3328,5100,train,3.3292,3703775,1116.27
lazy_sched,3329,5100,train,3.3617,3704877,1116.26
lazy_sched,3330,5100,train,3.3646,3705991,1116.26
lazy_sched,3331,5100,train,3.3429,3707094,1116.26
lazy_sched,3332,5100,train,3.3229,3708236,1116.27
lazy_sched,3333,5100,train,3.5001,3709337,1116.26
lazy_sched,3334,5100,train,3.4758,3710446,1116.26
lazy_sched,3335,5100,train,3.4079,3711553,1116.26
lazy_sched,3336,5100,train,3.3482,3712675,1116.26
lazy_sched,3337,5100,train,3.4137,3713777,1116.25
lazy_sched,3338,5100,train,3.3454,3714889,1116.25
lazy_sched,3339,5100,train,3.3589,3715993,1116.25
lazy_sched,3340,5100,train,3.4837,3717114,1116.25
lazy_sched,3341,5100,train,3.3594,3718224,1116.25
lazy_sched,3342,5100,train,3.2964,3719331,1116.25
lazy_sched,3343,5100,train,3.2767,3720434,1116.24
lazy_sched,3344,5100,train,3.4840,3721561,1116.24
lazy_sched,3345,5100,train,3.4391,3722667,1116.24
lazy_sched,3346,5100,train,3.3865,3723773,1116.24
lazy_sched,3347,5100,train,3.4780,3724878,1116.24
lazy_sched,3348,5100,train,3.2943,3726003,1116.24
lazy_sched,3349,5100,train,3.5180,3727112,1116.24
lazy_sched,3350,5100,train,3.5035,3728214,1116.23
lazy_sched,3351,5100,train,3.3131,3729325,1116.23
lazy_sched,3352,5100,train,3.3326,3730445,1116.23
lazy_sched,3353,5100,train,3.3554,3731551,1116.23
lazy_sched,3354,5100,train,3.8253,3732653,1116.22
lazy_sched,3355,5100,train,3.5005,3733759,1116.22
lazy_sched,3356,5100,train,3.5109,3734881,1116.22
lazy_sched,3357,5100,train,3.3488,3735990,1116.22
lazy_sched,3358,5100,train,3.4994,3737094,1116.22
lazy_sched,3359,5100,train,3.2042,3738204,1116.22
lazy_sched,3360,5100,train,3.3774,3739328,1116.22
lazy_sched,3361,5100,train,3.2963,3740434,1116.21
lazy_sched,3362,5100,train,3.4142,3741539,1116.21
lazy_sched,3363,5100,train,3.3308,3742648,1116.21
lazy_sched,3364,5100,train,3.2221,3743782,1116.21
lazy_sched,3365,5100,train,3.3356,3744890,1116.21
lazy_sched,3366,5100,train,3.4370,3745994,1116.21
lazy_sched,3367,5100,train,3.4298,3747103,1116.21
lazy_sched,3368,5100,train,3.5010,3748240,1116.21
lazy_sched,3369,5100,train,3.3157,3749343,1116.21
lazy_sched,3370,5100,train,3.3717,3750454,1116.21
lazy_sched,3371,5100,train,3.3855,3751554,1116.20
lazy_sched,3372,5100,train,3.2385,3752673,1116.20
lazy_sched,3373,5100,train,3.4428,3753774,1116.20
lazy_sched,3374,5100,train,3.2623,3754883,1116.20
lazy_sched,3375,5100,train,3.4392,3755992,1116.19
lazy_sched,3375,5100,val,3.4180,3755992,1116.19
lazy_sched,3376,5100,train,3.3851,3757122,1116.20
lazy_sched,3377,5100,train,3.4468,3758229,1116.20
lazy_sched,3378,5100,train,3.4317,3759335,1116.19
lazy_sched,3379,5100,train,3.3342,3760445,1116.19
lazy_sched,3380,5100,train,3.4682,3761565,1116.19
lazy_sched,3381,5100,train,3.2496,3762672,1116.19
lazy_sched,3382,5100,train,3.3892,3763774,1116.18
lazy_sched,3383,5100,train,3.3922,3764877,1116.18
lazy_sched,3384,5100,train,3.3744,3766002,1116.18
lazy_sched,3385,5100,train,3.3716,3767105,1116.18
lazy_sched,3386,5100,train,3.4630,3768213,1116.18
lazy_sched,3387,5100,train,3.8461,3769323,1116.17
lazy_sched,3388,5100,train,3.5114,3770444,1116.18
lazy_sched,3389,5100,train,3.3569,3771550,1116.17
lazy_sched,3390,5100,train,3.3099,3772653,1116.17
lazy_sched,3391,5100,train,3.3308,3773764,1116.17
lazy_sched,3392,5100,train,3.3668,3774885,1116.17
lazy_sched,3393,5100,train,3.3776,3775991,1116.17
lazy_sched,3394,5100,train,3.3282,3777098,1116.16
lazy_sched,3395,5100,train,3.4966,3778209,1116.16
lazy_sched,3396,5100,train,3.4183,3779341,1116.17
lazy_sched,3397,5100,train,3.4464,3780444,1116.16
lazy_sched,3398,5100,train,3.3629,3781553,1116.16
lazy_sched,3399,5100,train,3.3621,3782654,1116.16
lazy_sched,3400,5100,train,3.3410,3783796,1116.16
lazy_sched,3401,5100,train,3.3284,3784897,1116.16
lazy_sched,3402,5100,train,3.3676,3786009,1116.16
lazy_sched,3403,5100,train,3.3607,3787112,1116.15
lazy_sched,3404,5100,train,3.4448,3788228,1116.15
lazy_sched,3405,5100,train,3.3984,3789331,1116.15
lazy_sched,3406,5100,train,3.3039,3790436,1116.15
lazy_sched,3407,5100,train,3.4274,3791549,1116.15
lazy_sched,3408,5100,train,3.3083,3792667,1116.15
lazy_sched,3409,5100,train,3.4689,3793772,1116.14
lazy_sched,3410,5100,train,3.3368,3794876,1116.14
lazy_sched,3411,5100,train,3.3708,3795988,1116.14
lazy_sched,3412,5100,train,3.4408,3797106,1116.14
lazy_sched,3413,5100,train,3.2483,3798211,1116.14
lazy_sched,3414,5100,train,3.3491,3799314,1116.13
lazy_sched,3415,5100,train,3.3224,3800420,1116.13
lazy_sched,3416,5100,train,3.4734,3801544,1116.13
lazy_sched,3417,5100,train,3.3389,3802651,1116.13
lazy_sched,3418,5100,train,3.4960,3803755,1116.13
lazy_sched,3419,5100,train,3.4608,3804866,1116.12
lazy_sched,3420,5100,train,3.6020,3805986,1116.12
lazy_sched,3421,5100,train,3.3952,3807093,1116.12
lazy_sched,3422,5100,train,3.4004,3808196,1116.12
lazy_sched,3423,5100,train,3.3680,3809308,1116.12
lazy_sched,3424,5100,train,3.3079,3810426,1116.12
lazy_sched,3425,5100,train,3.4251,3811533,1116.12
lazy_sched,3426,5100,train,3.4528,3812636,1116.11
lazy_sched,3427,5100,train,3.3804,3813748,1116.11
lazy_sched,3428,5100,train,3.4284,3814868,1116.11
lazy_sched,3429,5100,train,3.2996,3815972,1116.11
lazy_sched,3430,5100,train,3.8743,3817079,1116.11
lazy_sched,3431,5100,train,3.5812,3818188,1116.10
lazy_sched,3432,5100,train,3.3024,3819516,1116.16
lazy_sched,3433,5100,train,3.3796,3820621,1116.16
lazy_sched,3434,5100,train,3.3956,3821731,1116.16
lazy_sched,3435,5100,train,3.2552,3822837,1116.16
lazy_sched,3436,5100,train,3.3652,3823976,1116.16
lazy_sched,3437,5100,train,3.3957,3825075,1116.16
lazy_sched,3438,5100,train,3.4845,3826187,1116.16
lazy_sched,3439,5100,train,3.2512,3827292,1116.15
lazy_sched,3440,5100,train,3.3845,3828417,1116.16
lazy_sched,3441,5100,train,3.3372,3829518,1116.15
lazy_sched,3442,5100,train,3.4629,3830627,1116.15
lazy_sched,3443,5100,train,3.3064,3831731,1116.15
lazy_sched,3444,5100,train,3.4363,3832852,1116.15
lazy_sched,3445,5100,train,3.4360,3833954,1116.14
lazy_sched,3446,5100,train,3.4323,3835057,1116.14
lazy_sched,3447,5100,train,3.3218,3836164,1116.14
lazy_sched,3448,5100,train,3.3064,3837285,1116.14
lazy_sched,3449,5100,train,3.5863,3838391,1116.14
lazy_sched,3450,5100,train,3.2996,3839496,1116.13
lazy_sched,3451,5100,train,3.5506,3840606,1116.13
lazy_sched,3452,5100,train,3.7958,3841726,1116.13
lazy_sched,3453,5100,train,3.2731,3842833,1116.13
lazy_sched,3454,5100,train,3.3695,3843937,1116.13
lazy_sched,3455,5100,train,3.5250,3845046,1116.12
lazy_sched,3456,5100,train,3.4334,3846167,1116.12
lazy_sched,3457,5100,train,3.4022,3847273,1116.12
lazy_sched,3458,5100,train,3.4687,3848377,1116.12
lazy_sched,3459,5100,train,3.3579,3849490,1116.12
lazy_sched,3460,5100,train,3.6822,3850609,1116.12
lazy_sched,3461,5100,train,3.5095,3851711,1116.11
lazy_sched,3462,5100,train,3.5291,3852820,1116.11
lazy_sched,3463,5100,train,3.4600,3853929,1116.11
lazy_sched,3464,5100,train,3.3750,3855049,1116.11
lazy_sched,3465,5100,train,3.4023,3856152,1116.11
lazy_sched,3466,5100,train,3.5583,3857258,1116.10
lazy_sched,3467,5100,train,3.4691,3858368,1116.10
lazy_sched,3468,5100,train,3.6202,3859500,1116.11
lazy_sched,3469,5100,train,3.4200,3860606,1116.10
lazy_sched,3470,5100,train,3.4911,3861713,1116.10
lazy_sched,3471,5100,train,3.3344,3862820,1116.10
lazy_sched,3472,5100,train,3.5019,3863959,1116.11
lazy_sched,3473,5100,train,3.3854,3865069,1116.10
lazy_sched,3474,5100,train,3.4252,3866174,1116.10
lazy_sched,3475,5100,train,3.3394,3867290,1116.10
lazy_sched,3476,5100,train,3.2040,3868410,1116.10
lazy_sched,3477,5100,train,3.3415,3869513,1116.10
lazy_sched,3478,5100,train,3.2983,3870621,1116.10
lazy_sched,3479,5100,train,3.3866,3871732,1116.09
lazy_sched,3480,5100,train,3.3490,3872847,1116.09
lazy_sched,3481,5100,train,3.2919,3873953,1116.09
lazy_sched,3482,5100,train,3.1857,3875067,1116.09
lazy_sched,3483,5100,train,3.4353,3876172,1116.09
lazy_sched,3484,5100,train,3.2794,3877294,1116.09
lazy_sched,3485,5100,train,3.2982,3878399,1116.09
lazy_sched,3486,5100,train,3.3586,3879510,1116.08
lazy_sched,3487,5100,train,3.3608,3880613,1116.08
lazy_sched,3488,5100,train,3.4338,3881735,1116.08
lazy_sched,3489,5100,train,3.4173,3882836,1116.08
lazy_sched,3490,5100,train,3.3748,3883947,1116.08
lazy_sched,3491,5100,train,3.3444,3885052,1116.07
lazy_sched,3492,5100,train,3.3990,3886173,1116.07
lazy_sched,3493,5100,train,3.4376,3887274,1116.07
lazy_sched,3494,5100,train,3.4279,3888386,1116.07
lazy_sched,3495,5100,train,3.4472,3889491,1116.07
lazy_sched,3496,5100,train,3.3049,3890615,1116.07
lazy_sched,3497,5100,train,3.3899,3891724,1116.07
lazy_sched,3498,5100,train,3.3448,3892831,1116.06
lazy_sched,3499,5100,train,3.3668,3893935,1116.06
lazy_sched,3500,5100,train,3.3215,3895061,1116.06
lazy_sched,3500,5100,val,3.4148,3895061,1116.06
lazy_sched,3501,5100,train,3.3108,3896171,1116.06
lazy_sched,3502,5100,train,3.2617,3897279,1116.06
lazy_sched,3503,5100,train,3.4008,3898391,1116.06
lazy_sched,3504,5100,train,3.3202,3899528,1116.06
lazy_sched,3505,5100,train,3.3407,3900633,1116.06
lazy_sched,3506,5100,train,3.3174,3901737,1116.06
lazy_sched,3507,5100,train,3.2357,3902848,1116.06
lazy_sched,3508,5100,train,3.4235,3903968,1116.06
lazy_sched,3509,5100,train,3.3924,3905073,1116.05
lazy_sched,3510,5100,train,3.2826,3906181,1116.05
lazy_sched,3511,5100,train,3.3673,3907292,1116.05
lazy_sched,3512,5100,train,3.2751,3908407,1116.05
lazy_sched,3513,5100,train,3.4012,3909513,1116.05
lazy_sched,3514,5100,train,3.3904,3910622,1116.05
lazy_sched,3515,5100,train,3.2958,3911731,1116.04
lazy_sched,3516,5100,train,3.2683,3912849,1116.04
lazy_sched,3517,5100,train,3.4771,3913954,1116.04
lazy_sched,3518,5100,train,3.4346,3915059,1116.04
lazy_sched,3519,5100,train,3.3272,3916170,1116.04
lazy_sched,3520,5100,train,3.3784,3917288,1116.04
lazy_sched,3521,5100,train,3.3599,3918392,1116.03
lazy_sched,3522,5100,train,3.4533,3919498,1116.03
lazy_sched,3523,5100,train,3.3013,3920611,1116.03
lazy_sched,3524,5100,train,3.3808,3921730,1116.03
lazy_sched,3525,5100,train,3.5320,3922835,1116.03
lazy_sched,3526,5100,train,3.4370,3923939,1116.02
lazy_sched,3527,5100,train,3.3111,3925049,1116.02
lazy_sched,3528,5100,train,3.4071,3926168,1116.02
lazy_sched,3529,5100,train,3.3673,3927274,1116.02
lazy_sched,3530,5100,train,3.3861,3928379,1116.02
lazy_sched,3531,5100,train,3.4249,3929490,1116.02
lazy_sched,3532,5100,train,3.2893,3930606,1116.02
lazy_sched,3533,5100,train,3.4371,3931712,1116.01
lazy_sched,3534,5100,train,3.4228,3932814,1116.01
lazy_sched,3535,5100,train,3.4708,3933926,1116.01
lazy_sched,3536,5100,train,3.3622,3935057,1116.01
lazy_sched,3537,5100,train,3.5283,3936156,1116.01
lazy_sched,3538,5100,train,3.3706,3937267,1116.01
lazy_sched,3539,5100,train,3.2908,3938374,1116.00
lazy_sched,3540,5100,train,3.6270,3939509,1116.01
lazy_sched,3541,5100,train,3.4030,3940616,1116.01
lazy_sched,3542,5100,train,3.2505,3941720,1116.00
lazy_sched,3543,5100,train,3.5860,3942832,1116.00
lazy_sched,3544,5100,train,3.3080,3943951,1116.00
lazy_sched,3545,5100,train,3.4135,3945054,1116.00
lazy_sched,3546,5100,train,3.4536,3946162,1116.00
lazy_sched,3547,5100,train,3.3615,3947271,1115.99
lazy_sched,3548,5100,train,3.2451,3948390,1115.99
lazy_sched,3549,5100,train,3.4771,3949493,1115.99
lazy_sched,3550,5100,train,3.2876,3950601,1115.99
lazy_sched,3551,5100,train,3.3600,3951710,1115.99
lazy_sched,3552,5100,train,3.3979,3952828,1115.99
lazy_sched,3553,5100,train,3.3162,3953934,1115.98
lazy_sched,3554,5100,train,3.3161,3955037,1115.98
lazy_sched,3555,5100,train,3.2466,3956146,1115.98
lazy_sched,3556,5100,train,3.3268,3957267,1115.98
lazy_sched,3557,5100,train,3.2338,3958373,1115.98
lazy_sched,3558,5100,train,3.4410,3959474,1115.97
lazy_sched,3559,5100,train,3.4129,3960581,1115.97
lazy_sched,3560,5100,train,3.4449,3961705,1115.97
lazy_sched,3561,5100,train,3.3253,3962812,1115.97
lazy_sched,3562,5100,train,3.4787,3963915,1115.97
lazy_sched,3563,5100,train,3.3279,3965026,1115.97
lazy_sched,3564,5100,train,3.3254,3966146,1115.97
lazy_sched,3565,5100,train,3.4406,3967253,1115.96
lazy_sched,3566,5100,train,3.2266,3968354,1115.96
lazy_sched,3567,5100,train,3.2887,3969460,1115.96
lazy_sched,3568,5100,train,3.3705,3970584,1115.96
lazy_sched,3569,5100,train,3.3877,3971691,1115.96
lazy_sched,3570,5100,train,3.5371,3972793,1115.95
lazy_sched,3571,5100,train,3.4433,3973903,1115.95
lazy_sched,3572,5100,train,3.3367,3975026,1115.95
lazy_sched,3573,5100,train,3.4458,3976133,1115.95
lazy_sched,3574,5100,train,3.4998,3977235,1115.95
lazy_sched,3575,5100,train,3.5152,3978349,1115.95
lazy_sched,3576,5100,train,3.3352,3979468,1115.95
lazy_sched,3577,5100,train,3.3740,3980573,1115.94
lazy_sched,3578,5100,train,3.4000,3981680,1115.94
lazy_sched,3579,5100,train,3.2785,3982791,1115.94
lazy_sched,3580,5100,train,3.2970,3983908,1115.94
lazy_sched,3581,5100,train,3.2710,3985015,1115.94
lazy_sched,3582,5100,train,3.3658,3986125,1115.94
lazy_sched,3583,5100,train,3.2234,3987233,1115.93
lazy_sched,3584,5100,train,3.4527,3988360,1115.94
lazy_sched,3585,5100,train,3.2617,3989469,1115.94
lazy_sched,3586,5100,train,3.2774,3990575,1115.93
lazy_sched,3587,5100,train,3.3700,3991687,1115.93
lazy_sched,3588,5100,train,3.4670,3992807,1115.93
lazy_sched,3589,5100,train,3.3427,3993913,1115.93
lazy_sched,3590,5100,train,3.3570,3995016,1115.93
lazy_sched,3591,5100,train,3.2173,3996128,1115.93
lazy_sched,3592,5100,train,3.3222,3997249,1115.93
lazy_sched,3593,5100,train,3.3296,3998355,1115.92
lazy_sched,3594,5100,train,3.3858,3999460,1115.92
lazy_sched,3595,5100,train,3.3191,4000571,1115.92
lazy_sched,3596,5100,train,3.3436,4001690,1115.92
lazy_sched,3597,5100,train,3.5172,4002795,1115.92
lazy_sched,3598,5100,train,3.4139,4003906,1115.92
lazy_sched,3599,5100,train,3.3473,4005013,1115.91
lazy_sched,3600,5100,train,3.3950,4006136,1115.92
lazy_sched,3601,5100,train,3.5105,4007239,1115.91
lazy_sched,3602,5100,train,3.0384,4008349,1115.91
lazy_sched,3603,5100,train,3.3149,4009453,1115.91
lazy_sched,3604,5100,train,3.3056,4010580,1115.91
lazy_sched,3605,5100,train,3.5343,4011689,1115.91
lazy_sched,3606,5100,train,3.2731,4012793,1115.90
lazy_sched,3607,5100,train,3.3893,4013901,1115.90
lazy_sched,3608,5100,train,3.4851,4015025,1115.90
lazy_sched,3609,5100,train,3.3997,4016133,1115.90
lazy_sched,3610,5100,train,3.3634,4017235,1115.90
lazy_sched,3611,5100,train,3.3887,4018342,1115.90
lazy_sched,3612,5100,train,3.2895,4019465,1115.90
lazy_sched,3613,5100,train,3.3973,4020571,1115.90
lazy_sched,3614,5100,train,3.3135,4021675,1115.89
lazy_sched,3615,5100,train,3.4753,4022786,1115.89
lazy_sched,3616,5100,train,3.3850,4023907,1115.89
lazy_sched,3617,5100,train,3.5145,4025014,1115.89
lazy_sched,3618,5100,train,3.3879,4026116,1115.89
lazy_sched,3619,5100,train,3.3557,4027221,1115.88
lazy_sched,3620,5100,train,3.2898,4028345,1115.89
lazy_sched,3621,5100,train,3.3557,4029454,1115.88
lazy_sched,3622,5100,train,3.2960,4030718,1115.92
lazy_sched,3623,5100,train,3.1110,4031821,1115.92
lazy_sched,3624,5100,train,3.4276,4032946,1115.92
lazy_sched,3625,5100,train,3.3470,4034053,1115.92
lazy_sched,3625,5100,val,3.4150,4034054,1115.92
lazy_sched,3626,5100,train,3.4281,4035164,1115.92
lazy_sched,3627,5100,train,3.5441,4036274,1115.92
lazy_sched,3628,5100,train,3.2224,4037393,1115.92
lazy_sched,3629,5100,train,3.3603,4038501,1115.92
lazy_sched,3630,5100,train,3.4513,4039604,1115.91
lazy_sched,3631,5100,train,3.3074,4040717,1115.91
lazy_sched,3632,5100,train,3.3082,4041835,1115.91
lazy_sched,3633,5100,train,3.3334,4042942,1115.91
lazy_sched,3634,5100,train,3.4577,4044043,1115.91
lazy_sched,3635,5100,train,3.4146,4045155,1115.90
lazy_sched,3636,5100,train,3.2974,4046275,1115.91
lazy_sched,3637,5100,train,3.2713,4047380,1115.90
lazy_sched,3638,5100,train,3.4402,4048483,1115.90
lazy_sched,3639,5100,train,3.6101,4049595,1115.90
lazy_sched,3640,5100,train,3.4476,4050714,1115.90
lazy_sched,3641,5100,train,3.1405,4051820,1115.90
lazy_sched,3642,5100,train,3.3846,4052924,1115.89
lazy_sched,3643,5100,train,3.3781,4054035,1115.89
lazy_sched,3644,5100,train,3.3140,4055154,1115.89
lazy_sched,3645,5100,train,3.3365,4056260,1115.89
lazy_sched,3646,5100,train,3.3456,4057363,1115.89
lazy_sched,3647,5100,train,3.1657,4058475,1115.89
lazy_sched,3648,5100,train,3.3383,4059596,1115.89
lazy_sched,3649,5100,train,3.3527,4060701,1115.88
lazy_sched,3650,5100,train,3.2602,4061807,1115.88
lazy_sched,3651,5100,train,3.3743,4062918,1115.88
lazy_sched,3652,5100,train,3.6103,4064035,1115.88
lazy_sched,3653,5100,train,3.3867,4065140,1115.88
lazy_sched,3654,5100,train,3.4419,4066243,1115.87
lazy_sched,3655,5100,train,3.5571,4067354,1115.87
lazy_sched,3656,5100,train,3.3923,4068473,1115.87
lazy_sched,3657,5100,train,3.3526,4069579,1115.87
lazy_sched,3658,5100,train,3.3763,4070682,1115.87
lazy_sched,3659,5100,train,3.4290,4071791,1115.86
lazy_sched,3660,5100,train,3.4785,4072912,1115.87
lazy_sched,3661,5100,train,3.4583,4074020,1115.86
lazy_sched,3662,5100,train,3.2873,4075124,1115.86
lazy_sched,3663,5100,train,3.4184,4076233,1115.86
lazy_sched,3664,5100,train,3.3020,4077353,1115.86
lazy_sched,3665,5100,train,3.4202,4078461,1115.86
lazy_sched,3666,5100,train,3.2414,4079562,1115.85
lazy_sched,3667,5100,train,3.6516,4080666,1115.85
lazy_sched,3668,5100,train,3.4251,4081790,1115.85
lazy_sched,3669,5100,train,3.3554,4082898,1115.85
lazy_sched,3670,5100,train,3.2493,4084001,1115.85
lazy_sched,3671,5100,train,3.2266,4085107,1115.84
lazy_sched,3672,5100,train,3.3398,4086230,1115.85
lazy_sched,3673,5100,train,3.2454,4087338,1115.84
lazy_sched,3674,5100,train,3.6335,4088442,1115.84
lazy_sched,3675,5100,train,3.3131,4089553,1115.84
lazy_sched,3676,5100,train,3.3762,4090673,1115.84
lazy_sched,3677,5100,train,3.3891,4091781,1115.84
lazy_sched,3678,5100,train,3.2404,4092882,1115.83
lazy_sched,3679,5100,train,3.2748,4093992,1115.83
lazy_sched,3680,5100,train,3.2497,4095112,1115.83
lazy_sched,3681,5100,train,3.4662,4096218,1115.83
lazy_sched,3682,5100,train,3.3609,4097321,1115.83
lazy_sched,3683,5100,train,3.4117,4098433,1115.83
lazy_sched,3684,5100,train,3.4377,4099554,1115.83
lazy_sched,3685,5100,train,3.3499,4100661,1115.83
lazy_sched,3686,5100,train,3.3893,4101763,1115.82
lazy_sched,3687,5100,train,3.4465,4102874,1115.82
lazy_sched,3688,5100,train,3.3679,4103994,1115.82
lazy_sched,3689,5100,train,3.4435,4105100,1115.82
lazy_sched,3690,5100,train,3.4751,4106203,1115.82
lazy_sched,3691,5100,train,3.4509,4107312,1115.81
lazy_sched,3692,5100,train,3.3384,4108434,1115.82
lazy_sched,3693,5100,train,3.2659,4109541,1115.81
lazy_sched,3694,5100,train,3.4731,4110642,1115.81
lazy_sched,3695,5100,train,3.3047,4111745,1115.81
lazy_sched,3696,5100,train,3.4012,4112869,1115.81
lazy_sched,3697,5100,train,3.2246,4113979,1115.81
lazy_sched,3698,5100,train,3.3162,4115082,1115.80
lazy_sched,3699,5100,train,3.2143,4116193,1115.80
lazy_sched,3700,5100,train,3.3455,4117313,1115.80
lazy_sched,3701,5100,train,3.5776,4118420,1115.80
lazy_sched,3702,5100,train,3.3263,4119522,1115.80
lazy_sched,3703,5100,train,3.5543,4120633,1115.80
lazy_sched,3704,5100,train,3.4726,4121756,1115.80
lazy_sched,3705,5100,train,3.4162,4122861,1115.79
lazy_sched,3706,5100,train,3.3459,4123971,1115.79
lazy_sched,3707,5100,train,3.4603,4125079,1115.79
lazy_sched,3708,5100,train,3.4243,4126195,1115.79
lazy_sched,3709,5100,train,3.3468,4127299,1115.79
lazy_sched,3710,5100,train,3.4044,4128405,1115.79
lazy_sched,3711,5100,train,3.3681,4129517,1115.78
lazy_sched,3712,5100,train,3.5715,4130634,1115.78
lazy_sched,3713,5100,train,3.4167,4131740,1115.78
lazy_sched,3714,5100,train,3.2731,4132843,1115.78
lazy_sched,3715,5100,train,3.4739,4133951,1115.78
lazy_sched,3716,5100,train,3.3439,4135073,1115.78
lazy_sched,3717,5100,train,3.3522,4136182,1115.78
lazy_sched,3718,5100,train,3.4128,4137282,1115.77
lazy_sched,3719,5100,train,3.3219,4138383,1115.77
lazy_sched,3720,5100,train,3.3877,4139509,1115.77
lazy_sched,3721,5100,train,3.3661,4140617,1115.77
lazy_sched,3722,5100,train,3.3354,4141721,1115.77
lazy_sched,3723,5100,train,3.3747,4142825,1115.76
lazy_sched,3724,5100,train,3.3757,4143948,1115.76
lazy_sched,3725,5100,train,3.3554,4145054,1115.76
lazy_sched,3726,5100,train,3.3922,4146161,1115.76
lazy_sched,3727,5100,train,3.4459,4147265,1115.76
lazy_sched,3728,5100,train,3.2928,4148392,1115.76
lazy_sched,3729,5100,train,3.3955,4149501,1115.76
lazy_sched,3730,5100,train,3.4400,4150602,1115.75
lazy_sched,3731,5100,train,3.3668,4151712,1115.75
lazy_sched,3732,5100,train,3.3826,4152833,1115.75
lazy_sched,3733,5100,train,3.5258,4153940,1115.75
lazy_sched,3734,5100,train,3.2740,4155043,1115.75
lazy_sched,3735,5100,train,3.2861,4156151,1115.75
lazy_sched,3736,5100,train,3.6196,4157275,1115.75
lazy_sched,3737,5100,train,3.3793,4158382,1115.75
lazy_sched,3738,5100,train,3.2600,4159484,1115.74
lazy_sched,3739,5100,train,3.4858,4160596,1115.74
lazy_sched,3740,5100,train,3.2329,4161713,1115.74
lazy_sched,3741,5100,train,3.4485,4162819,1115.74
lazy_sched,3742,5100,train,3.2980,4163922,1115.73
lazy_sched,3743,5100,train,3.4431,4165030,1115.73
lazy_sched,3744,5100,train,3.2688,4166152,1115.73
lazy_sched,3745,5100,train,3.3877,4167260,1115.73
lazy_sched,3746,5100,train,3.4039,4168362,1115.73
lazy_sched,3747,5100,train,3.3342,4169473,1115.73
lazy_sched,3748,5100,train,3.4180,4170597,1115.73
lazy_sched,3749,5100,train,3.3248,4171701,1115.73
lazy_sched,3750,5100,train,3.4708,4172803,1115.72
lazy_sched,3750,5100,val,3.4068,4172803,1115.72
lazy_sched,3751,5100,train,3.6400,4173914,1115.72
lazy_sched,3752,5100,train,3.3684,4175038,1115.72
lazy_sched,3753,5100,train,3.4171,4176143,1115.72
lazy_sched,3754,5100,train,3.4063,4177250,1115.72
lazy_sched,3755,5100,train,3.3891,4178360,1115.72
lazy_sched,3756,5100,train,3.2477,4179480,1115.72
lazy_sched,3757,5100,train,3.3604,4180586,1115.72
lazy_sched,3758,5100,train,3.4095,4181690,1115.71
lazy_sched,3759,5100,train,3.3385,4182799,1115.71
lazy_sched,3760,5100,train,3.5211,4183919,1115.71
lazy_sched,3761,5100,train,3.3578,4185025,1115.71
lazy_sched,3762,5100,train,3.3139,4186129,1115.71
lazy_sched,3763,5100,train,3.2963,4187237,1115.70
lazy_sched,3764,5100,train,3.4187,4188361,1115.71
lazy_sched,3765,5100,train,3.2993,4189468,1115.70
lazy_sched,3766,5100,train,3.3308,4190573,1115.70
lazy_sched,3767,5100,train,3.8730,4191682,1115.70
lazy_sched,3768,5100,train,3.2779,4192804,1115.70
lazy_sched,3769,5100,train,3.4653,4193907,1115.70
lazy_sched,3770,5100,train,3.3518,4195012,1115.69
lazy_sched,3771,5100,train,3.3922,4196122,1115.69
lazy_sched,3772,5100,train,3.3201,4197242,1115.69
lazy_sched,3773,5100,train,3.4665,4198348,1115.69
lazy_sched,3774,5100,train,3.3683,4199450,1115.69
lazy_sched,3775,5100,train,3.3089,4200561,1115.69
lazy_sched,3776,5100,train,3.3204,4201682,1115.69
lazy_sched,3777,5100,train,3.0957,4202788,1115.69
lazy_sched,3778,5100,train,3.3860,4203895,1115.68
lazy_sched,3779,5100,train,3.3693,4205004,1115.68
lazy_sched,3780,5100,train,3.5240,4206123,1115.68
lazy_sched,3781,5100,train,3.3274,4207227,1115.68
lazy_sched,3782,5100,train,3.2604,4208338,1115.68
lazy_sched,3783,5100,train,3.2429,4209445,1115.68
lazy_sched,3784,5100,train,3.3957,4210564,1115.68
lazy_sched,3785,5100,train,3.3484,4211668,1115.67
lazy_sched,3786,5100,train,3.2855,4212772,1115.67
lazy_sched,3787,5100,train,3.4005,4213878,1115.67
lazy_sched,3788,5100,train,3.3407,4215000,1115.67
lazy_sched,3789,5100,train,3.3975,4216108,1115.67
lazy_sched,3790,5100,train,3.4246,4217212,1115.66
lazy_sched,3791,5100,train,2.8558,4218321,1115.66
lazy_sched,3792,5100,train,3.4024,4219442,1115.66
lazy_sched,3793,5100,train,3.5738,4220547,1115.66
lazy_sched,3794,5100,train,3.3716,4221649,1115.66
lazy_sched,3795,5100,train,3.2777,4222760,1115.66
lazy_sched,3796,5100,train,3.5029,4223879,1115.66
lazy_sched,3797,5100,train,3.6498,4224987,1115.66
lazy_sched,3798,5100,train,3.2927,4226088,1115.65
lazy_sched,3799,5100,train,3.3213,4227199,1115.65
lazy_sched,3800,5100,train,3.3487,4228320,1115.65
lazy_sched,3801,5100,train,3.2830,4229426,1115.65
lazy_sched,3802,5100,train,3.3509,4230528,1115.65
lazy_sched,3803,5100,train,3.3398,4231638,1115.64
lazy_sched,3804,5100,train,3.4135,4232760,1115.65
lazy_sched,3805,5100,train,3.3090,4233867,1115.64
lazy_sched,3806,5100,train,3.4853,4234969,1115.64
lazy_sched,3807,5100,train,3.4760,4236079,1115.64
lazy_sched,3808,5100,train,3.5401,4237199,1115.64
lazy_sched,3809,5100,train,3.4242,4238306,1115.64
lazy_sched,3810,5100,train,3.4990,4239409,1115.63
lazy_sched,3811,5100,train,3.4734,4240518,1115.63
lazy_sched,3812,5100,train,3.2300,4241641,1115.63
lazy_sched,3813,5100,train,3.2571,4242858,1115.66
lazy_sched,3814,5100,train,3.2762,4243964,1115.66
lazy_sched,3815,5100,train,3.2674,4245070,1115.66
lazy_sched,3816,5100,train,3.3580,4246192,1115.66
lazy_sched,3817,5100,train,3.4382,4247292,1115.65
lazy_sched,3818,5100,train,3.3136,4248402,1115.65
lazy_sched,3819,5100,train,3.3129,4249507,1115.65
lazy_sched,3820,5100,train,3.2650,4250624,1115.65
lazy_sched,3821,5100,train,3.3741,4251727,1115.65
lazy_sched,3822,5100,train,3.3648,4252829,1115.64
lazy_sched,3823,5100,train,3.3399,4253933,1115.64
lazy_sched,3824,5100,train,3.4553,4255057,1115.64
lazy_sched,3825,5100,train,3.4549,4256163,1115.64
lazy_sched,3826,5100,train,3.5101,4257268,1115.64
lazy_sched,3827,5100,train,3.3203,4258371,1115.63
lazy_sched,3828,5100,train,3.2074,4259496,1115.64
lazy_sched,3829,5100,train,3.6335,4260605,1115.63
lazy_sched,3830,5100,train,3.3481,4261708,1115.63
lazy_sched,3831,5100,train,3.2803,4262818,1115.63
lazy_sched,3832,5100,train,3.2832,4263940,1115.63
lazy_sched,3833,5100,train,3.5063,4265044,1115.63
lazy_sched,3834,5100,train,3.3487,4266149,1115.62
lazy_sched,3835,5100,train,3.2914,4267253,1115.62
lazy_sched,3836,5100,train,3.3172,4268372,1115.62
lazy_sched,3837,5100,train,3.3678,4269471,1115.62
lazy_sched,3838,5100,train,3.3101,4270578,1115.62
lazy_sched,3839,5100,train,3.3362,4271684,1115.61
lazy_sched,3840,5100,train,3.3921,4272802,1115.61
lazy_sched,3841,5100,train,3.3307,4273908,1115.61
lazy_sched,3842,5100,train,3.4398,4275012,1115.61
lazy_sched,3843,5100,train,3.3117,4276113,1115.60
lazy_sched,3844,5100,train,3.3806,4277236,1115.61
lazy_sched,3845,5100,train,3.3433,4278338,1115.60
lazy_sched,3846,5100,train,3.4634,4279444,1115.60
lazy_sched,3847,5100,train,3.4895,4280548,1115.60
lazy_sched,3848,5100,train,3.1944,4281665,1115.60
lazy_sched,3849,5100,train,3.3157,4282768,1115.59
lazy_sched,3850,5100,train,3.4728,4283875,1115.59
lazy_sched,3851,5100,train,3.3439,4284985,1115.59
lazy_sched,3852,5100,train,3.3063,4286103,1115.59
lazy_sched,3853,5100,train,3.4091,4287207,1115.59
lazy_sched,3854,5100,train,3.2483,4288317,1115.59
lazy_sched,3855,5100,train,3.3180,4289425,1115.59
lazy_sched,3856,5100,train,3.4288,4290542,1115.59
lazy_sched,3857,5100,train,3.1954,4291645,1115.58
lazy_sched,3858,5100,train,3.4023,4292749,1115.58
lazy_sched,3859,5100,train,3.3667,4293856,1115.58
lazy_sched,3860,5100,train,3.2473,4294980,1115.58
lazy_sched,3861,5100,train,3.2779,4296085,1115.58
lazy_sched,3862,5100,train,3.5460,4297190,1115.57
lazy_sched,3863,5100,train,3.5134,4298294,1115.57
lazy_sched,3864,5100,train,3.3562,4299420,1115.57
lazy_sched,3865,5100,train,3.3405,4300527,1115.57
lazy_sched,3866,5100,train,3.3614,4301630,1115.57
lazy_sched,3867,5100,train,3.4352,4302740,1115.57
lazy_sched,3868,5100,train,3.4710,4303863,1115.57
lazy_sched,3869,5100,train,3.6771,4304968,1115.57
lazy_sched,3870,5100,train,3.4048,4306070,1115.56
lazy_sched,3871,5100,train,3.3991,4307181,1115.56
lazy_sched,3872,5100,train,3.4650,4308303,1115.56
lazy_sched,3873,5100,train,3.2767,4309408,1115.56
lazy_sched,3874,5100,train,3.3037,4310510,1115.56
lazy_sched,3875,5100,train,3.2845,4311620,1115.56
lazy_sched,3875,5100,val,3.3959,4311620,1115.56
lazy_sched,3876,5100,train,3.3988,4312747,1115.56
lazy_sched,3877,5100,train,3.4967,4313855,1115.56
lazy_sched,3878,5100,train,3.3379,4314959,1115.55
lazy_sched,3879,5100,train,3.2187,4316063,1115.55
lazy_sched,3880,5100,train,3.7137,4317185,1115.55
lazy_sched,3881,5100,train,3.4209,4318286,1115.55
lazy_sched,3882,5100,train,3.4309,4319398,1115.55
lazy_sched,3883,5100,train,3.4463,4320512,1115.55
lazy_sched,3884,5100,train,3.3603,4321630,1115.55
lazy_sched,3885,5100,train,3.3661,4322738,1115.55
lazy_sched,3886,5100,train,3.1787,4323839,1115.54
lazy_sched,3887,5100,train,3.2208,4324941,1115.54
lazy_sched,3888,5100,train,3.3346,4326064,1115.54
lazy_sched,3889,5100,train,3.2918,4327168,1115.54
lazy_sched,3890,5100,train,3.2929,4328277,1115.54
lazy_sched,3891,5100,train,3.2955,4329380,1115.53
lazy_sched,3892,5100,train,3.4397,4330495,1115.53
lazy_sched,3893,5100,train,3.3888,4331598,1115.53
lazy_sched,3894,5100,train,3.3081,4332703,1115.53
lazy_sched,3895,5100,train,3.1360,4333814,1115.52
lazy_sched,3896,5100,train,3.5022,4334935,1115.53
lazy_sched,3897,5100,train,3.3657,4336040,1115.52
lazy_sched,3898,5100,train,3.2392,4337142,1115.52
lazy_sched,3899,5100,train,3.2465,4338253,1115.52
lazy_sched,3900,5100,train,3.2090,4339372,1115.52
lazy_sched,3901,5100,train,3.3190,4340478,1115.52
lazy_sched,3902,5100,train,3.4701,4341580,1115.51
lazy_sched,3903,5100,train,3.2988,4342687,1115.51
lazy_sched,3904,5100,train,3.2864,4343808,1115.51
lazy_sched,3905,5100,train,3.4079,4344914,1115.51
lazy_sched,3906,5100,train,3.2587,4346017,1115.51
lazy_sched,3907,5100,train,3.3036,4347119,1115.50
lazy_sched,3908,5100,train,3.6094,4348237,1115.50
lazy_sched,3909,5100,train,3.2311,4349340,1115.50
lazy_sched,3910,5100,train,3.3567,4350442,1115.50
lazy_sched,3911,5100,train,3.2672,4351553,1115.50
lazy_sched,3912,5100,train,3.3547,4352672,1115.50
lazy_sched,3913,5100,train,3.2889,4353777,1115.50
lazy_sched,3914,5100,train,3.2679,4354881,1115.49
lazy_sched,3915,5100,train,3.5155,4355989,1115.49
lazy_sched,3916,5100,train,3.3184,4357110,1115.49
lazy_sched,3917,5100,train,3.3012,4358217,1115.49
lazy_sched,3918,5100,train,3.3910,4359322,1115.49
lazy_sched,3919,5100,train,3.2999,4360434,1115.49
lazy_sched,3920,5100,train,3.3000,4361554,1115.49
lazy_sched,3921,5100,train,3.3889,4362661,1115.48
lazy_sched,3922,5100,train,3.2047,4363767,1115.48
lazy_sched,3923,5100,train,3.5564,4364877,1115.48
lazy_sched,3924,5100,train,3.3856,4365994,1115.48
lazy_sched,3925,5100,train,3.3368,4367099,1115.48
lazy_sched,3926,5100,train,3.3234,4368207,1115.48
lazy_sched,3927,5100,train,3.3655,4369316,1115.48
lazy_sched,3928,5100,train,3.2396,4370434,1115.48
lazy_sched,3929,5100,train,3.3527,4371539,1115.47
lazy_sched,3930,5100,train,3.2591,4372640,1115.47
lazy_sched,3931,5100,train,3.4653,4373751,1115.47
lazy_sched,3932,5100,train,3.4139,4374871,1115.47
lazy_sched,3933,5100,train,3.1052,4375978,1115.47
lazy_sched,3934,5100,train,3.3646,4377080,1115.46
lazy_sched,3935,5100,train,3.2991,4378192,1115.46
lazy_sched,3936,5100,train,3.4177,4379312,1115.46
lazy_sched,3937,5100,train,3.2640,4380417,1115.46
lazy_sched,3938,5100,train,3.3496,4381519,1115.46
lazy_sched,3939,5100,train,3.3821,4382628,1115.46
lazy_sched,3940,5100,train,3.2883,4383750,1115.46
lazy_sched,3941,5100,train,3.4621,4384857,1115.46
lazy_sched,3942,5100,train,3.3265,4385962,1115.45
lazy_sched,3943,5100,train,3.3465,4387065,1115.45
lazy_sched,3944,5100,train,3.2964,4388191,1115.45
lazy_sched,3945,5100,train,3.3051,4389299,1115.45
lazy_sched,3946,5100,train,3.3690,4390402,1115.45
lazy_sched,3947,5100,train,3.2936,4391515,1115.45
lazy_sched,3948,5100,train,3.5574,4392633,1115.45
lazy_sched,3949,5100,train,3.3241,4393739,1115.45
lazy_sched,3950,5100,train,3.2203,4394844,1115.44
lazy_sched,3951,5100,train,3.3324,4395955,1115.44
lazy_sched,3952,5100,train,3.3594,4397072,1115.44
lazy_sched,3953,5100,train,3.3564,4398177,1115.44
lazy_sched,3954,5100,train,3.3362,4399281,1115.44
lazy_sched,3955,5100,train,3.2662,4400393,1115.44
lazy_sched,3956,5100,train,3.3250,4401513,1115.44
lazy_sched,3957,5100,train,3.2798,4402619,1115.43
lazy_sched,3958,5100,train,3.5046,4403721,1115.43
lazy_sched,3959,5100,train,3.2641,4404831,1115.43
lazy_sched,3960,5100,train,3.4171,4405953,1115.43
lazy_sched,3961,5100,train,3.4352,4407058,1115.43
lazy_sched,3962,5100,train,3.3227,4408161,1115.43
lazy_sched,3963,5100,train,3.2122,4409271,1115.42
lazy_sched,3964,5100,train,3.4567,4410392,1115.43
lazy_sched,3965,5100,train,3.4738,4411498,1115.42
lazy_sched,3966,5100,train,3.4009,4412599,1115.42
lazy_sched,3967,5100,train,3.5835,4413710,1115.42
lazy_sched,3968,5100,train,3.2257,4414832,1115.42
lazy_sched,3969,5100,train,2.9644,4415940,1115.42
lazy_sched,3970,5100,train,3.1980,4417041,1115.41
lazy_sched,3971,5100,train,3.3079,4418152,1115.41
lazy_sched,3972,5100,train,3.4162,4419272,1115.41
lazy_sched,3973,5100,train,3.7257,4420377,1115.41
lazy_sched,3974,5100,train,3.1421,4421481,1115.41
lazy_sched,3975,5100,train,3.4432,4422587,1115.41
lazy_sched,3976,5100,train,3.3245,4423710,1115.41
lazy_sched,3977,5100,train,3.2290,4424816,1115.41
lazy_sched,3978,5100,train,3.3093,4425920,1115.40
lazy_sched,3979,5100,train,3.4757,4427024,1115.40
lazy_sched,3980,5100,train,3.1858,4428151,1115.40
lazy_sched,3981,5100,train,3.1991,4429258,1115.40
lazy_sched,3982,5100,train,3.2217,4430362,1115.40
lazy_sched,3983,5100,train,3.2517,4431474,1115.40
lazy_sched,3984,5100,train,3.3852,4432596,1115.40
lazy_sched,3985,5100,train,3.4187,4433700,1115.40
lazy_sched,3986,5100,train,3.3220,4434807,1115.39
lazy_sched,3987,5100,train,3.3190,4435917,1115.39
lazy_sched,3988,5100,train,3.3666,4437035,1115.39
lazy_sched,3989,5100,train,3.4379,4438140,1115.39
lazy_sched,3990,5100,train,3.2717,4439243,1115.39
lazy_sched,3991,5100,train,3.2360,4440350,1115.39
lazy_sched,3992,5100,train,3.5399,4441473,1115.39
lazy_sched,3993,5100,train,3.3168,4442579,1115.39
lazy_sched,3994,5100,train,3.2582,4443681,1115.38
lazy_sched,3995,5100,train,3.2959,4444789,1115.38
lazy_sched,3996,5100,train,3.3656,4445911,1115.38
lazy_sched,3997,5100,train,3.3130,4447017,1115.38
lazy_sched,3998,5100,train,3.2237,4448119,1115.38
lazy_sched,3999,5100,train,3.2429,4449222,1115.37
lazy_sched,4000,5100,train,3.4107,4450347,1115.38
lazy_sched,4000,5100,val,3.3892,4450348,1115.38
lazy_sched,4001,5100,train,3.4138,4451458,1115.37
lazy_sched,4002,5100,train,3.4335,4452563,1115.37
lazy_sched,4003,5100,train,3.3157,4453670,1115.37
lazy_sched,4004,5100,train,3.2709,4455001,1115.42
lazy_sched,4005,5100,train,3.3592,4456105,1115.42
lazy_sched,4006,5100,train,3.3367,4457211,1115.42
lazy_sched,4007,5100,train,3.2050,4458321,1115.42
lazy_sched,4008,5100,train,3.3522,4459439,1115.42
lazy_sched,4009,5100,train,3.3234,4460544,1115.41
lazy_sched,4010,5100,train,3.3559,4461646,1115.41
lazy_sched,4011,5100,train,3.3121,4462757,1115.41
lazy_sched,4012,5100,train,3.2582,4463878,1115.41
lazy_sched,4013,5100,train,3.3979,4464984,1115.41
lazy_sched,4014,5100,train,3.3522,4466092,1115.41
lazy_sched,4015,5100,train,3.3764,4467201,1115.41
lazy_sched,4016,5100,train,3.5017,4468318,1115.41
lazy_sched,4017,5100,train,3.3688,4469424,1115.40
lazy_sched,4018,5100,train,3.3149,4470527,1115.40
lazy_sched,4019,5100,train,3.3469,4471640,1115.40
lazy_sched,4020,5100,train,3.3242,4472759,1115.40
lazy_sched,4021,5100,train,3.4412,4473864,1115.40
lazy_sched,4022,5100,train,3.4059,4474972,1115.40
lazy_sched,4023,5100,train,3.3517,4476081,1115.40
lazy_sched,4024,5100,train,3.3465,4477200,1115.40
lazy_sched,4025,5100,train,3.2692,4478304,1115.39
lazy_sched,4026,5100,train,3.3284,4479408,1115.39
lazy_sched,4027,5100,train,3.4332,4480516,1115.39
lazy_sched,4028,5100,train,3.3451,4481638,1115.39
lazy_sched,4029,5100,train,3.3094,4482744,1115.39
lazy_sched,4030,5100,train,3.5307,4483846,1115.38
lazy_sched,4031,5100,train,3.4269,4484958,1115.38
lazy_sched,4032,5100,train,3.3221,4486078,1115.38
lazy_sched,4033,5100,train,3.3841,4487185,1115.38
lazy_sched,4034,5100,train,3.3058,4488286,1115.38
lazy_sched,4035,5100,train,3.3879,4489396,1115.38
lazy_sched,4036,5100,train,3.3837,4490516,1115.38
lazy_sched,4037,5100,train,3.1986,4491623,1115.38
lazy_sched,4038,5100,train,3.3690,4492727,1115.37
lazy_sched,4039,5100,train,3.3636,4493838,1115.37
lazy_sched,4040,5100,train,3.3349,4494956,1115.37
lazy_sched,4041,5100,train,3.4187,4496063,1115.37
lazy_sched,4042,5100,train,3.2867,4497165,1115.37
lazy_sched,4043,5100,train,3.2958,4498275,1115.37
lazy_sched,4044,5100,train,3.3516,4499396,1115.37
lazy_sched,4045,5100,train,3.1203,4500503,1115.37
lazy_sched,4046,5100,train,3.2372,4501606,1115.36
lazy_sched,4047,5100,train,3.3566,4502718,1115.36
lazy_sched,4048,5100,train,3.4111,4503838,1115.36
lazy_sched,4049,5100,train,3.3144,4504944,1115.36
lazy_sched,4050,5100,train,3.3345,4506046,1115.36
lazy_sched,4051,5100,train,3.3819,4507153,1115.36
lazy_sched,4052,5100,train,3.6342,4508279,1115.36
lazy_sched,4053,5100,train,3.3365,4509385,1115.36
lazy_sched,4054,5100,train,3.3564,4510491,1115.35
lazy_sched,4055,5100,train,3.2208,4511603,1115.35
lazy_sched,4056,5100,train,3.3876,4512721,1115.35
lazy_sched,4057,5100,train,3.4842,4513824,1115.35
lazy_sched,4058,5100,train,3.4341,4514935,1115.35
lazy_sched,4059,5100,train,3.3405,4516042,1115.35
lazy_sched,4060,5100,train,3.3969,4517159,1115.35
lazy_sched,4061,5100,train,3.2965,4518264,1115.35
lazy_sched,4062,5100,train,3.3384,4519372,1115.34
lazy_sched,4063,5100,train,3.2786,4520481,1115.34
lazy_sched,4064,5100,train,3.2617,4521602,1115.34
lazy_sched,4065,5100,train,3.2161,4522705,1115.34
lazy_sched,4066,5100,train,3.2216,4523814,1115.34
lazy_sched,4067,5100,train,3.3196,4524921,1115.34
lazy_sched,4068,5100,train,3.3423,4526038,1115.34
lazy_sched,4069,5100,train,3.3528,4527144,1115.33
lazy_sched,4070,5100,train,3.2751,4528246,1115.33
lazy_sched,4071,5100,train,3.4035,4529357,1115.33
lazy_sched,4072,5100,train,3.3579,4530478,1115.33
lazy_sched,4073,5100,train,3.3678,4531584,1115.33
lazy_sched,4074,5100,train,3.3863,4532690,1115.33
lazy_sched,4075,5100,train,3.2047,4533801,1115.33
lazy_sched,4076,5100,train,3.3400,4534919,1115.33
lazy_sched,4077,5100,train,3.2857,4536023,1115.32
lazy_sched,4078,5100,train,3.2705,4537129,1115.32
lazy_sched,4079,5100,train,3.4680,4538240,1115.32
lazy_sched,4080,5100,train,3.3200,4539359,1115.32
lazy_sched,4081,5100,train,3.2523,4540463,1115.32
lazy_sched,4082,5100,train,3.2212,4541570,1115.32
lazy_sched,4083,5100,train,3.2611,4542679,1115.32
lazy_sched,4084,5100,train,3.4064,4543799,1115.32
lazy_sched,4085,5100,train,3.3640,4544904,1115.31
lazy_sched,4086,5100,train,3.2894,4546008,1115.31
lazy_sched,4087,5100,train,3.3687,4547117,1115.31
lazy_sched,4088,5100,train,3.3800,4548238,1115.31
lazy_sched,4089,5100,train,3.4435,4549344,1115.31
lazy_sched,4090,5100,train,3.3666,4550447,1115.31
lazy_sched,4091,5100,train,3.4030,4551557,1115.30
lazy_sched,4092,5100,train,3.3937,4552678,1115.31
lazy_sched,4093,5100,train,3.3559,4553783,1115.30
lazy_sched,4094,5100,train,3.2867,4554889,1115.30
lazy_sched,4095,5100,train,3.4983,4555998,1115.30
lazy_sched,4096,5100,train,3.2903,4557118,1115.30
lazy_sched,4097,5100,train,3.3330,4558223,1115.30
lazy_sched,4098,5100,train,3.3243,4559326,1115.29
lazy_sched,4099,5100,train,3.3946,4560437,1115.29
lazy_sched,4100,5100,train,3.3322,4561558,1115.30
lazy_sched,4101,5100,train,3.3486,4562665,1115.29
lazy_sched,4102,5100,train,3.4523,4563769,1115.29
lazy_sched,4103,5100,train,3.3363,4564880,1115.29
lazy_sched,4104,5100,train,3.3097,4565999,1115.29
lazy_sched,4105,5100,train,3.2200,4567104,1115.29
lazy_sched,4106,5100,train,3.1494,4568209,1115.29
lazy_sched,4107,5100,train,3.2476,4569321,1115.28
lazy_sched,4108,5100,train,3.4469,4570439,1115.29
lazy_sched,4109,5100,train,3.2572,4571545,1115.28
lazy_sched,4110,5100,train,3.2809,4572654,1115.28
lazy_sched,4111,5100,train,3.4690,4573762,1115.28
lazy_sched,4112,5100,train,3.3513,4574880,1115.28
lazy_sched,4113,5100,train,3.3495,4575983,1115.28
lazy_sched,4114,5100,train,3.2647,4577086,1115.27
lazy_sched,4115,5100,train,3.2307,4578197,1115.27
lazy_sched,4116,5100,train,3.1154,4579318,1115.27
lazy_sched,4117,5100,train,3.1169,4580425,1115.27
lazy_sched,4118,5100,train,3.8088,4581527,1115.27
lazy_sched,4119,5100,train,3.5305,4582638,1115.27
lazy_sched,4120,5100,train,3.3021,4583759,1115.27
lazy_sched,4121,5100,train,3.3820,4584865,1115.27
lazy_sched,4122,5100,train,3.4015,4585965,1115.26
lazy_sched,4123,5100,train,3.3578,4587080,1115.26
lazy_sched,4124,5100,train,3.4093,4588200,1115.26
lazy_sched,4125,5100,train,3.4493,4589305,1115.26
lazy_sched,4125,5100,val,3.3832,4589306,1115.26
lazy_sched,4126,5100,train,3.5258,4590416,1115.26
lazy_sched,4127,5100,train,3.2896,4591525,1115.26
lazy_sched,4128,5100,train,3.3018,4592642,1115.26
lazy_sched,4129,5100,train,3.3180,4593745,1115.26
lazy_sched,4130,5100,train,3.2488,4594851,1115.26
lazy_sched,4131,5100,train,3.1900,4595960,1115.25
lazy_sched,4132,5100,train,3.2623,4597080,1115.25
lazy_sched,4133,5100,train,3.1972,4598186,1115.25
lazy_sched,4134,5100,train,3.4573,4599288,1115.25
lazy_sched,4135,5100,train,3.3175,4600398,1115.25
lazy_sched,4136,5100,train,3.1802,4601520,1115.25
lazy_sched,4137,5100,train,3.2613,4602627,1115.25
lazy_sched,4138,5100,train,3.2208,4603733,1115.25
lazy_sched,4139,5100,train,3.2205,4604843,1115.24
lazy_sched,4140,5100,train,3.2280,4605963,1115.25
lazy_sched,4141,5100,train,3.3167,4607067,1115.24
lazy_sched,4142,5100,train,3.4255,4608167,1115.24
lazy_sched,4143,5100,train,3.2390,4609281,1115.24
lazy_sched,4144,5100,train,3.2597,4610401,1115.24
lazy_sched,4145,5100,train,3.3491,4611506,1115.24
lazy_sched,4146,5100,train,3.1991,4612618,1115.24
lazy_sched,4147,5100,train,3.2333,4613725,1115.23
lazy_sched,4148,5100,train,3.4843,4614848,1115.24
lazy_sched,4149,5100,train,3.3270,4615953,1115.23
lazy_sched,4150,5100,train,3.4606,4617063,1115.23
lazy_sched,4151,5100,train,3.3888,4618166,1115.23
lazy_sched,4152,5100,train,3.3420,4619291,1115.23
lazy_sched,4153,5100,train,3.2923,4620393,1115.23
lazy_sched,4154,5100,train,3.3056,4621503,1115.23
lazy_sched,4155,5100,train,3.3071,4622607,1115.22
lazy_sched,4156,5100,train,3.2933,4623732,1115.23
lazy_sched,4157,5100,train,3.1722,4624839,1115.23
lazy_sched,4158,5100,train,3.2912,4625947,1115.22
lazy_sched,4159,5100,train,3.2336,4627055,1115.22
lazy_sched,4160,5100,train,3.4507,4628178,1115.22
lazy_sched,4161,5100,train,3.4984,4629284,1115.22
lazy_sched,4162,5100,train,3.3812,4630388,1115.22
lazy_sched,4163,5100,train,3.4366,4631499,1115.22
lazy_sched,4164,5100,train,3.5812,4632620,1115.22
lazy_sched,4165,5100,train,3.3375,4633726,1115.22
lazy_sched,4166,5100,train,3.3048,4634831,1115.21
lazy_sched,4167,5100,train,3.3603,4635942,1115.21
lazy_sched,4168,5100,train,3.4065,4637062,1115.21
lazy_sched,4169,5100,train,3.2486,4638166,1115.21
lazy_sched,4170,5100,train,3.4224,4639271,1115.21
lazy_sched,4171,5100,train,3.3162,4640383,1115.21
lazy_sched,4172,5100,train,3.3921,4641501,1115.21
lazy_sched,4173,5100,train,3.4549,4642605,1115.21
lazy_sched,4174,5100,train,3.5128,4643708,1115.20
lazy_sched,4175,5100,train,3.3637,4644819,1115.20
lazy_sched,4176,5100,train,3.5098,4645941,1115.20
lazy_sched,4177,5100,train,3.2250,4647047,1115.20
lazy_sched,4178,5100,train,3.2655,4648148,1115.20
lazy_sched,4179,5100,train,3.3682,4649261,1115.20
lazy_sched,4180,5100,train,3.3258,4650379,1115.20
lazy_sched,4181,5100,train,3.2314,4651484,1115.20
lazy_sched,4182,5100,train,3.2557,4652587,1115.19
lazy_sched,4183,5100,train,3.4944,4653699,1115.19
lazy_sched,4184,5100,train,3.2550,4654819,1115.19
lazy_sched,4185,5100,train,3.3683,4655922,1115.19
lazy_sched,4186,5100,train,3.3001,4657027,1115.19
lazy_sched,4187,5100,train,3.3951,4658138,1115.19
lazy_sched,4188,5100,train,3.4384,4659265,1115.19
lazy_sched,4189,5100,train,3.7593,4660368,1115.19
lazy_sched,4190,5100,train,3.3287,4661469,1115.18
lazy_sched,4191,5100,train,3.3085,4662579,1115.18
lazy_sched,4192,5100,train,3.3339,4663700,1115.18
lazy_sched,4193,5100,train,3.3322,4664806,1115.18
lazy_sched,4194,5100,train,3.1709,4666021,1115.21
lazy_sched,4195,5100,train,3.2962,4667124,1115.20
lazy_sched,4196,5100,train,3.3803,4668242,1115.20
lazy_sched,4197,5100,train,3.0572,4669346,1115.20
lazy_sched,4198,5100,train,3.4803,4670456,1115.20
lazy_sched,4199,5100,train,3.2856,4671564,1115.20
lazy_sched,4200,5100,train,3.3207,4672682,1115.20
lazy_sched,4201,5100,train,3.3193,4673787,1115.20
lazy_sched,4202,5100,train,3.3525,4674895,1115.19
lazy_sched,4203,5100,train,3.3864,4676002,1115.19
lazy_sched,4204,5100,train,3.6190,4677122,1115.19
lazy_sched,4205,5100,train,3.2109,4678225,1115.19
lazy_sched,4206,5100,train,3.3825,4679328,1115.19
lazy_sched,4207,5100,train,3.3723,4680441,1115.19
lazy_sched,4208,5100,train,3.3601,4681561,1115.19
lazy_sched,4209,5100,train,3.1407,4682666,1115.19
lazy_sched,4210,5100,train,3.1545,4683775,1115.18
lazy_sched,4211,5100,train,3.2390,4684884,1115.18
lazy_sched,4212,5100,train,3.3333,4686001,1115.18
lazy_sched,4213,5100,train,3.3266,4687105,1115.18
lazy_sched,4214,5100,train,3.4305,4688220,1115.18
lazy_sched,4215,5100,train,3.3467,4689327,1115.18
lazy_sched,4216,5100,train,3.2970,4690462,1115.18
lazy_sched,4217,5100,train,3.3495,4691567,1115.18
lazy_sched,4218,5100,train,3.3157,4692669,1115.18
lazy_sched,4219,5100,train,3.1948,4693780,1115.18
lazy_sched,4220,5100,train,3.4433,4694902,1115.18
lazy_sched,4221,5100,train,3.2469,4696007,1115.18
lazy_sched,4222,5100,train,3.3004,4697118,1115.18
lazy_sched,4223,5100,train,3.3797,4698224,1115.17
lazy_sched,4224,5100,train,3.5292,4699346,1115.17
lazy_sched,4225,5100,train,3.5038,4700447,1115.17
lazy_sched,4226,5100,train,3.1809,4701553,1115.17
lazy_sched,4227,5100,train,3.3592,4702662,1115.17
lazy_sched,4228,5100,train,3.4430,4703781,1115.17
lazy_sched,4229,5100,train,3.5019,4704884,1115.17
lazy_sched,4230,5100,train,3.2845,4705987,1115.16
lazy_sched,4231,5100,train,3.4179,4707096,1115.16
lazy_sched,4232,5100,train,3.3106,4708220,1115.16
lazy_sched,4233,5100,train,3.2852,4709325,1115.16
lazy_sched,4234,5100,train,3.3696,4710427,1115.16
lazy_sched,4235,5100,train,3.2500,4711528,1115.15
lazy_sched,4236,5100,train,3.2483,4712653,1115.16
lazy_sched,4237,5100,train,3.3744,4713762,1115.16
lazy_sched,4238,5100,train,3.2741,4714867,1115.15
lazy_sched,4239,5100,train,3.3199,4715979,1115.15
lazy_sched,4240,5100,train,3.4098,4717107,1115.16
lazy_sched,4241,5100,train,3.2948,4718208,1115.15
lazy_sched,4242,5100,train,3.2712,4719316,1115.15
lazy_sched,4243,5100,train,3.3231,4720424,1115.15
lazy_sched,4244,5100,train,3.3358,4721552,1115.15
lazy_sched,4245,5100,train,3.3830,4722661,1115.15
lazy_sched,4246,5100,train,3.3855,4723766,1115.15
lazy_sched,4247,5100,train,3.3207,4724872,1115.15
lazy_sched,4248,5100,train,3.3364,4725999,1115.15
lazy_sched,4249,5100,train,3.4599,4727104,1115.15
lazy_sched,4250,5100,train,3.5366,4728207,1115.14
lazy_sched,4250,5100,val,3.3739,4728207,1115.14
lazy_sched,4251,5100,train,3.2839,4729321,1115.14
lazy_sched,4252,5100,train,3.4831,4730445,1115.14
lazy_sched,4253,5100,train,3.2433,4731550,1115.14
lazy_sched,4254,5100,train,3.3555,4732655,1115.14
lazy_sched,4255,5100,train,3.4590,4733767,1115.14
lazy_sched,4256,5100,train,3.3453,4734888,1115.14
lazy_sched,4257,5100,train,3.3029,4735991,1115.14
lazy_sched,4258,5100,train,3.3943,4737099,1115.14
lazy_sched,4259,5100,train,3.2567,4738208,1115.13
lazy_sched,4260,5100,train,3.5265,4739327,1115.14
lazy_sched,4261,5100,train,3.3974,4740430,1115.13
lazy_sched,4262,5100,train,3.4375,4741531,1115.13
lazy_sched,4263,5100,train,3.3338,4742641,1115.13
lazy_sched,4264,5100,train,3.3812,4743761,1115.13
lazy_sched,4265,5100,train,3.2943,4744867,1115.13
lazy_sched,4266,5100,train,3.4453,4745970,1115.12
lazy_sched,4267,5100,train,3.2314,4747075,1115.12
lazy_sched,4268,5100,train,3.2476,4748198,1115.12
lazy_sched,4269,5100,train,3.4755,4749304,1115.12
lazy_sched,4270,5100,train,3.1652,4750410,1115.12
lazy_sched,4271,5100,train,3.3748,4751521,1115.12
lazy_sched,4272,5100,train,3.2250,4752643,1115.12
lazy_sched,4273,5100,train,3.2554,4753748,1115.12
lazy_sched,4274,5100,train,3.3524,4754851,1115.12
lazy_sched,4275,5100,train,3.3775,4755959,1115.11
lazy_sched,4276,5100,train,3.3730,4757084,1115.12
lazy_sched,4277,5100,train,3.2353,4758190,1115.11
lazy_sched,4278,5100,train,3.4573,4759292,1115.11
lazy_sched,4279,5100,train,3.3138,4760401,1115.11
lazy_sched,4280,5100,train,3.2894,4761523,1115.11
lazy_sched,4281,5100,train,3.4401,4762631,1115.11
lazy_sched,4282,5100,train,3.2781,4763734,1115.11
lazy_sched,4283,5100,train,3.2442,4764848,1115.11
lazy_sched,4284,5100,train,3.5077,4765982,1115.11
lazy_sched,4285,5100,train,3.2306,4767090,1115.11
lazy_sched,4286,5100,train,3.3607,4768191,1115.11
lazy_sched,4287,5100,train,3.4257,4769302,1115.10
lazy_sched,4288,5100,train,3.2886,4770422,1115.11
lazy_sched,4289,5100,train,3.3530,4771529,1115.10
lazy_sched,4290,5100,train,3.4080,4772631,1115.10
lazy_sched,4291,5100,train,3.2305,4773739,1115.10
lazy_sched,4292,5100,train,3.3483,4774862,1115.10
lazy_sched,4293,5100,train,3.3730,4775969,1115.10
lazy_sched,4294,5100,train,3.4218,4777076,1115.10
lazy_sched,4295,5100,train,3.4180,4778187,1115.10
lazy_sched,4296,5100,train,3.3753,4779305,1115.10
lazy_sched,4297,5100,train,3.1731,4780410,1115.09
lazy_sched,4298,5100,train,3.3920,4781517,1115.09
lazy_sched,4299,5100,train,3.6812,4782627,1115.09
lazy_sched,4300,5100,train,3.2724,4783745,1115.09
lazy_sched,4301,5100,train,3.4446,4784850,1115.09
lazy_sched,4302,5100,train,3.4134,4785952,1115.09
lazy_sched,4303,5100,train,3.2579,4787063,1115.09
lazy_sched,4304,5100,train,3.1674,4788182,1115.09
lazy_sched,4305,5100,train,3.4447,4789287,1115.08
lazy_sched,4306,5100,train,3.2577,4790390,1115.08
lazy_sched,4307,5100,train,3.0497,4791496,1115.08
lazy_sched,4308,5100,train,3.4250,4792620,1115.08
lazy_sched,4309,5100,train,3.2381,4793727,1115.08
lazy_sched,4310,5100,train,3.4147,4794831,1115.08
lazy_sched,4311,5100,train,3.2622,4795941,1115.08
lazy_sched,4312,5100,train,3.4643,4797062,1115.08
lazy_sched,4313,5100,train,3.1396,4798168,1115.08
lazy_sched,4314,5100,train,3.2560,4799270,1115.07
lazy_sched,4315,5100,train,3.4886,4800379,1115.07
lazy_sched,4316,5100,train,3.6367,4801502,1115.07
lazy_sched,4317,5100,train,3.3506,4802608,1115.07
lazy_sched,4318,5100,train,3.3080,4803712,1115.07
lazy_sched,4319,5100,train,3.3451,4804823,1115.07
lazy_sched,4320,5100,train,3.8554,4805944,1115.07
lazy_sched,4321,5100,train,3.6677,4807050,1115.07
lazy_sched,4322,5100,train,3.3203,4808155,1115.06
lazy_sched,4323,5100,train,3.3093,4809266,1115.06
lazy_sched,4324,5100,train,3.1797,4810382,1115.06
lazy_sched,4325,5100,train,3.5351,4811490,1115.06
lazy_sched,4326,5100,train,3.2167,4812591,1115.06
lazy_sched,4327,5100,train,3.4108,4813703,1115.06
lazy_sched,4328,5100,train,3.4819,4814824,1115.06
lazy_sched,4329,5100,train,3.2841,4815930,1115.06
lazy_sched,4330,5100,train,3.3540,4817032,1115.05
lazy_sched,4331,5100,train,3.3826,4818138,1115.05
lazy_sched,4332,5100,train,3.2630,4819261,1115.05
lazy_sched,4333,5100,train,3.2381,4820367,1115.05
lazy_sched,4334,5100,train,3.4189,4821471,1115.05
lazy_sched,4335,5100,train,3.4015,4822574,1115.05
lazy_sched,4336,5100,train,3.3530,4823698,1115.05
lazy_sched,4337,5100,train,3.2999,4824806,1115.05
lazy_sched,4338,5100,train,3.2797,4825909,1115.04
lazy_sched,4339,5100,train,3.5128,4827013,1115.04
lazy_sched,4340,5100,train,3.3192,4828139,1115.04
lazy_sched,4341,5100,train,3.3464,4829243,1115.04
lazy_sched,4342,5100,train,3.2769,4830347,1115.04
lazy_sched,4343,5100,train,3.3315,4831451,1115.04
lazy_sched,4344,5100,train,3.4355,4832574,1115.04
lazy_sched,4345,5100,train,3.4140,4833676,1115.03
lazy_sched,4346,5100,train,3.2760,4834783,1115.03
lazy_sched,4347,5100,train,3.5261,4835889,1115.03
lazy_sched,4348,5100,train,3.3536,4837006,1115.03
lazy_sched,4349,5100,train,3.4273,4838108,1115.03
lazy_sched,4350,5100,train,3.3862,4839212,1115.03
lazy_sched,4351,5100,train,4.6437,4840318,1115.02
lazy_sched,4352,5100,train,3.3161,4841437,1115.02
lazy_sched,4353,5100,train,3.4046,4842540,1115.02
lazy_sched,4354,5100,train,3.3556,4843650,1115.02
lazy_sched,4355,5100,train,3.3673,4844749,1115.02
lazy_sched,4356,5100,train,3.4084,4845866,1115.02
lazy_sched,4357,5100,train,3.5011,4846968,1115.01
lazy_sched,4358,5100,train,3.4589,4848070,1115.01
lazy_sched,4359,5100,train,3.3630,4849179,1115.01
lazy_sched,4360,5100,train,3.3577,4850299,1115.01
lazy_sched,4361,5100,train,3.6169,4851407,1115.01
lazy_sched,4362,5100,train,3.4240,4852511,1115.01
lazy_sched,4363,5100,train,3.2325,4853613,1115.00
lazy_sched,4364,5100,train,3.3052,4854737,1115.01
lazy_sched,4365,5100,train,3.4549,4855837,1115.00
lazy_sched,4366,5100,train,3.1668,4856946,1115.00
lazy_sched,4367,5100,train,3.3879,4858049,1115.00
lazy_sched,4368,5100,train,3.2415,4859171,1115.00
lazy_sched,4369,5100,train,3.3307,4860271,1115.00
lazy_sched,4370,5100,train,3.4304,4861380,1115.00
lazy_sched,4371,5100,train,3.3457,4862487,1114.99
lazy_sched,4372,5100,train,3.4920,4863604,1114.99
lazy_sched,4373,5100,train,3.2791,4864710,1114.99
lazy_sched,4374,5100,train,3.3501,4865812,1114.99
lazy_sched,4375,5100,train,3.1432,4866922,1114.99
lazy_sched,4375,5100,val,3.3653,4866922,1114.99
lazy_sched,4376,5100,train,3.5271,4868047,1114.99
lazy_sched,4377,5100,train,3.2227,4869157,1114.99
lazy_sched,4378,5100,train,3.2257,4870267,1114.99
lazy_sched,4379,5100,train,4.8931,4871371,1114.99
lazy_sched,4380,5100,train,3.4447,4872492,1114.99
lazy_sched,4381,5100,train,3.3105,4873593,1114.98
lazy_sched,4382,5100,train,3.1912,4874705,1114.98
lazy_sched,4383,5100,train,3.2655,4875810,1114.98
lazy_sched,4384,5100,train,3.4809,4876927,1114.98
lazy_sched,4385,5100,train,3.2974,4878136,1115.00
lazy_sched,4386,5100,train,3.2881,4879250,1115.00
lazy_sched,4387,5100,train,3.2374,4880356,1115.00
lazy_sched,4388,5100,train,3.3661,4881477,1115.00
lazy_sched,4389,5100,train,3.3937,4882579,1115.00
lazy_sched,4390,5100,train,3.2348,4883688,1115.00
lazy_sched,4391,5100,train,3.3075,4884792,1114.99
lazy_sched,4392,5100,train,3.3929,4885908,1114.99
lazy_sched,4393,5100,train,3.3826,4887012,1114.99
lazy_sched,4394,5100,train,3.3430,4888115,1114.99
lazy_sched,4395,5100,train,3.4044,4889223,1114.99
lazy_sched,4396,5100,train,3.4610,4890345,1114.99
lazy_sched,4397,5100,train,3.2069,4891452,1114.99
lazy_sched,4398,5100,train,3.3699,4892553,1114.98
lazy_sched,4399,5100,train,3.3266,4893664,1114.98
lazy_sched,4400,5100,train,3.3952,4894785,1114.99
lazy_sched,4401,5100,train,3.2864,4895890,1114.98
lazy_sched,4402,5100,train,3.4044,4896992,1114.98
lazy_sched,4403,5100,train,3.2855,4898105,1114.98
lazy_sched,4404,5100,train,3.2354,4899225,1114.98
lazy_sched,4405,5100,train,3.2287,4900329,1114.98
lazy_sched,4406,5100,train,3.4008,4901432,1114.98
lazy_sched,4407,5100,train,3.2836,4902540,1114.97
lazy_sched,4408,5100,train,3.4336,4903660,1114.98
lazy_sched,4409,5100,train,3.3954,4904768,1114.97
lazy_sched,4410,5100,train,3.3450,4905872,1114.97
lazy_sched,4411,5100,train,3.3273,4906981,1114.97
lazy_sched,4412,5100,train,3.3582,4908103,1114.97
lazy_sched,4413,5100,train,3.2614,4909209,1114.97
lazy_sched,4414,5100,train,3.5086,4910312,1114.97
lazy_sched,4415,5100,train,3.3774,4911420,1114.96
lazy_sched,4416,5100,train,3.3847,4912544,1114.97
lazy_sched,4417,5100,train,3.3147,4913651,1114.96
lazy_sched,4418,5100,train,3.4327,4914755,1114.96
lazy_sched,4419,5100,train,3.3162,4915866,1114.96
lazy_sched,4420,5100,train,3.3553,4916983,1114.96
lazy_sched,4421,5100,train,3.2951,4918090,1114.96
lazy_sched,4422,5100,train,3.2769,4919193,1114.96
lazy_sched,4423,5100,train,3.3095,4920297,1114.96
lazy_sched,4424,5100,train,3.3309,4921418,1114.96
lazy_sched,4425,5100,train,3.4785,4922523,1114.95
lazy_sched,4426,5100,train,3.2606,4923630,1114.95
lazy_sched,4427,5100,train,3.2437,4924732,1114.95
lazy_sched,4428,5100,train,3.2383,4925857,1114.95
lazy_sched,4429,5100,train,3.5745,4926959,1114.95
lazy_sched,4430,5100,train,3.2788,4928068,1114.95
lazy_sched,4431,5100,train,3.2933,4929172,1114.94
lazy_sched,4432,5100,train,3.4098,4930293,1114.95
lazy_sched,4433,5100,train,3.3446,4931394,1114.94
lazy_sched,4434,5100,train,3.3524,4932503,1114.94
lazy_sched,4435,5100,train,3.3037,4933610,1114.94
lazy_sched,4436,5100,train,3.3617,4934731,1114.94
lazy_sched,4437,5100,train,3.0966,4935832,1114.94
lazy_sched,4438,5100,train,3.2321,4936940,1114.94
lazy_sched,4439,5100,train,3.2715,4938048,1114.94
lazy_sched,4440,5100,train,3.2583,4939165,1114.94
lazy_sched,4441,5100,train,3.2758,4940269,1114.93
lazy_sched,4442,5100,train,3.4207,4941372,1114.93
lazy_sched,4443,5100,train,3.3632,4942478,1114.93
lazy_sched,4444,5100,train,3.1751,4943600,1114.93
lazy_sched,4445,5100,train,3.2317,4944701,1114.93
lazy_sched,4446,5100,train,3.0495,4945809,1114.93
lazy_sched,4447,5100,train,3.3106,4946912,1114.92
lazy_sched,4448,5100,train,3.3623,4948032,1114.92
lazy_sched,4449,5100,train,3.2652,4949132,1114.92
lazy_sched,4450,5100,train,3.3549,4950242,1114.92
lazy_sched,4451,5100,train,3.3276,4951347,1114.92
lazy_sched,4452,5100,train,3.5754,4952466,1114.92
lazy_sched,4453,5100,train,3.4410,4953570,1114.92
lazy_sched,4454,5100,train,3.2353,4954673,1114.91
lazy_sched,4455,5100,train,3.3407,4955783,1114.91
lazy_sched,4456,5100,train,3.3112,4956905,1114.91
lazy_sched,4457,5100,train,3.4123,4958011,1114.91
lazy_sched,4458,5100,train,3.5309,4959113,1114.91
lazy_sched,4459,5100,train,3.2289,4960220,1114.91
lazy_sched,4460,5100,train,3.4030,4961343,1114.91
lazy_sched,4461,5100,train,3.2510,4962451,1114.91
lazy_sched,4462,5100,train,3.3370,4963553,1114.90
lazy_sched,4463,5100,train,3.5366,4964660,1114.90
lazy_sched,4464,5100,train,3.3157,4965782,1114.90
lazy_sched,4465,5100,train,3.3189,4966888,1114.90
lazy_sched,4466,5100,train,3.3210,4967992,1114.90
lazy_sched,4467,5100,train,3.3919,4969094,1114.90
lazy_sched,4468,5100,train,3.1887,4970216,1114.90
lazy_sched,4469,5100,train,3.3783,4971322,1114.90
lazy_sched,4470,5100,train,3.3541,4972428,1114.89
lazy_sched,4471,5100,train,3.3018,4973531,1114.89
lazy_sched,4472,5100,train,3.3624,4974648,1114.89
lazy_sched,4473,5100,train,3.3188,4975751,1114.89
lazy_sched,4474,5100,train,3.3215,4976854,1114.89
lazy_sched,4475,5100,train,3.2837,4977965,1114.89
lazy_sched,4476,5100,train,3.3464,4979084,1114.89
lazy_sched,4477,5100,train,3.3406,4980189,1114.88
lazy_sched,4478,5100,train,3.2560,4981291,1114.88
lazy_sched,4479,5100,train,3.2102,4982396,1114.88
lazy_sched,4480,5100,train,3.4306,4983516,1114.88
lazy_sched,4481,5100,train,3.4218,4984618,1114.88
lazy_sched,4482,5100,train,3.2589,4985728,1114.88
lazy_sched,4483,5100,train,3.1640,4986832,1114.87
lazy_sched,4484,5100,train,4.1677,4987951,1114.87
lazy_sched,4485,5100,train,3.3546,4989052,1114.87
lazy_sched,4486,5100,train,3.2956,4990155,1114.87
lazy_sched,4487,5100,train,3.3801,4991263,1114.87
lazy_sched,4488,5100,train,3.3403,4992383,1114.87
lazy_sched,4489,5100,train,3.2971,4993490,1114.87
lazy_sched,4490,5100,train,3.2803,4994592,1114.86
lazy_sched,4491,5100,train,3.3290,4995694,1114.86
lazy_sched,4492,5100,train,3.3732,4996819,1114.86
lazy_sched,4493,5100,train,3.3811,4997928,1114.86
lazy_sched,4494,5100,train,3.2711,4999031,1114.86
lazy_sched,4495,5100,train,3.4134,5000134,1114.86
lazy_sched,4496,5100,train,3.3207,5001255,1114.86
lazy_sched,4497,5100,train,3.2984,5002362,1114.86
lazy_sched,4498,5100,train,3.3254,5003469,1114.85
lazy_sched,4499,5100,train,3.2560,5004572,1114.85
lazy_sched,4500,5100,train,3.2555,5005697,1114.85
lazy_sched,4500,5100,val,3.3588,5005698,1114.85
lazy_sched,4501,5100,train,3.3751,5006808,1114.85
lazy_sched,4502,5100,train,3.2482,5007908,1114.85
lazy_sched,4503,5100,train,3.3471,5009018,1114.85
lazy_sched,4504,5100,train,3.4614,5010136,1114.85
lazy_sched,4505,5100,train,3.2563,5011241,1114.85
lazy_sched,4506,5100,train,3.3851,5012350,1114.85
lazy_sched,4507,5100,train,2.9923,5013458,1114.85
lazy_sched,4508,5100,train,3.3260,5014576,1114.85
lazy_sched,4509,5100,train,3.2628,5015679,1114.84
lazy_sched,4510,5100,train,3.3091,5016789,1114.84
lazy_sched,4511,5100,train,3.4892,5017897,1114.84
lazy_sched,4512,5100,train,3.2275,5019018,1114.84
lazy_sched,4513,5100,train,3.3328,5020121,1114.84
lazy_sched,4514,5100,train,3.3697,5021234,1114.84
lazy_sched,4515,5100,train,3.3894,5022338,1114.84
lazy_sched,4516,5100,train,3.3987,5023463,1114.84
lazy_sched,4517,5100,train,3.4006,5024562,1114.84
lazy_sched,4518,5100,train,3.2361,5025674,1114.83
lazy_sched,4519,5100,train,3.3762,5026779,1114.83
lazy_sched,4520,5100,train,3.2239,5027904,1114.83
lazy_sched,4521,5100,train,3.3006,5029012,1114.83
lazy_sched,4522,5100,train,3.3120,5030118,1114.83
lazy_sched,4523,5100,train,3.2261,5031231,1114.83
lazy_sched,4524,5100,train,3.3807,5032352,1114.83
lazy_sched,4525,5100,train,3.3854,5033458,1114.83
lazy_sched,4526,5100,train,3.2054,5034560,1114.83
lazy_sched,4527,5100,train,3.3446,5035664,1114.82
lazy_sched,4528,5100,train,3.3751,5036785,1114.83
lazy_sched,4529,5100,train,3.1384,5037886,1114.82
lazy_sched,4530,5100,train,3.2088,5038994,1114.82
lazy_sched,4531,5100,train,3.3252,5040099,1114.82
lazy_sched,4532,5100,train,3.3936,5041217,1114.82
lazy_sched,4533,5100,train,3.3989,5042319,1114.82
lazy_sched,4534,5100,train,3.5421,5043423,1114.81
lazy_sched,4535,5100,train,3.3629,5044533,1114.81
lazy_sched,4536,5100,train,3.3298,5045651,1114.81
lazy_sched,4537,5100,train,3.3847,5046758,1114.81
lazy_sched,4538,5100,train,3.3380,5047860,1114.81
lazy_sched,4539,5100,train,3.4421,5048966,1114.81
lazy_sched,4540,5100,train,3.5459,5050091,1114.81
lazy_sched,4541,5100,train,3.3656,5051197,1114.81
lazy_sched,4542,5100,train,3.2997,5052300,1114.81
lazy_sched,4543,5100,train,3.4437,5053411,1114.81
lazy_sched,4544,5100,train,3.2946,5054534,1114.81
lazy_sched,4545,5100,train,3.2663,5055640,1114.80
lazy_sched,4546,5100,train,3.2111,5056742,1114.80
lazy_sched,4547,5100,train,3.3167,5057847,1114.80
lazy_sched,4548,5100,train,3.1327,5058969,1114.80
lazy_sched,4549,5100,train,3.5648,5060071,1114.80
lazy_sched,4550,5100,train,3.7476,5061180,1114.80
lazy_sched,4551,5100,train,3.2081,5062282,1114.79
lazy_sched,4552,5100,train,3.2731,5063407,1114.80
lazy_sched,4553,5100,train,3.2411,5064511,1114.79
lazy_sched,4554,5100,train,3.3134,5065620,1114.79
lazy_sched,4555,5100,train,3.4716,5066724,1114.79
lazy_sched,4556,5100,train,3.1692,5067849,1114.79
lazy_sched,4557,5100,train,3.3089,5068957,1114.79
lazy_sched,4558,5100,train,3.3276,5070060,1114.79
lazy_sched,4559,5100,train,3.3469,5071170,1114.79
lazy_sched,4560,5100,train,3.1495,5072291,1114.79
lazy_sched,4561,5100,train,3.3587,5073399,1114.79
lazy_sched,4562,5100,train,3.2354,5074499,1114.78
lazy_sched,4563,5100,train,3.1452,5075604,1114.78
lazy_sched,4564,5100,train,3.2392,5076724,1114.78
lazy_sched,4565,5100,train,3.2486,5077824,1114.78
lazy_sched,4566,5100,train,3.3485,5078930,1114.78
lazy_sched,4567,5100,train,3.3546,5080038,1114.78
lazy_sched,4568,5100,train,3.3160,5081160,1114.78
lazy_sched,4569,5100,train,3.1466,5082261,1114.78
lazy_sched,4570,5100,train,3.2371,5083372,1114.77
lazy_sched,4571,5100,train,3.2789,5084477,1114.77
lazy_sched,4572,5100,train,3.2620,5085595,1114.77
lazy_sched,4573,5100,train,3.4828,5086699,1114.77
lazy_sched,4574,5100,train,3.1765,5087802,1114.77
lazy_sched,4575,5100,train,3.3475,5089016,1114.79
lazy_sched,4576,5100,train,3.4414,5090134,1114.79
lazy_sched,4577,5100,train,3.4556,5091239,1114.79
lazy_sched,4578,5100,train,3.2840,5092340,1114.79
lazy_sched,4579,5100,train,3.3567,5093441,1114.78
lazy_sched,4580,5100,train,3.3860,5094565,1114.78
lazy_sched,4581,5100,train,3.3074,5095669,1114.78
lazy_sched,4582,5100,train,3.2672,5096777,1114.78
lazy_sched,4583,5100,train,3.2841,5097878,1114.78
lazy_sched,4584,5100,train,3.2523,5098998,1114.78
lazy_sched,4585,5100,train,3.2460,5100100,1114.78
lazy_sched,4586,5100,train,3.1358,5101209,1114.77
lazy_sched,4587,5100,train,3.5668,5102319,1114.77
lazy_sched,4588,5100,train,3.3696,5103439,1114.77
lazy_sched,4589,5100,train,3.3902,5104540,1114.77
lazy_sched,4590,5100,train,3.3055,5105641,1114.77
lazy_sched,4591,5100,train,3.4497,5106755,1114.77
lazy_sched,4592,5100,train,3.3625,5107876,1114.77
lazy_sched,4593,5100,train,3.3533,5108979,1114.77
lazy_sched,4594,5100,train,3.2030,5110082,1114.76
lazy_sched,4595,5100,train,3.3065,5111191,1114.76
lazy_sched,4596,5100,train,3.1873,5112334,1114.77
lazy_sched,4597,5100,train,3.3875,5113434,1114.77
lazy_sched,4598,5100,train,3.3779,5114540,1114.76
lazy_sched,4599,5100,train,3.1961,5115641,1114.76
lazy_sched,4600,5100,train,3.3322,5116767,1114.76
lazy_sched,4601,5100,train,3.3803,5117865,1114.76
lazy_sched,4602,5100,train,3.2637,5118974,1114.76
lazy_sched,4603,5100,train,3.3511,5120078,1114.76
lazy_sched,4604,5100,train,3.2189,5121206,1114.76
lazy_sched,4605,5100,train,3.3322,5122314,1114.76
lazy_sched,4606,5100,train,3.1486,5123420,1114.76
lazy_sched,4607,5100,train,3.3396,5124523,1114.75
lazy_sched,4608,5100,train,3.4398,5125651,1114.76
lazy_sched,4609,5100,train,3.3019,5126757,1114.75
lazy_sched,4610,5100,train,3.2872,5127860,1114.75
lazy_sched,4611,5100,train,3.3056,5128965,1114.75
lazy_sched,4612,5100,train,3.1972,5130091,1114.75
lazy_sched,4613,5100,train,3.2519,5131196,1114.75
lazy_sched,4614,5100,train,3.2432,5132298,1114.75
lazy_sched,4615,5100,train,3.2355,5133404,1114.75
lazy_sched,4616,5100,train,3.2450,5134526,1114.75
lazy_sched,4617,5100,train,3.3846,5135629,1114.74
lazy_sched,4618,5100,train,3.2991,5136737,1114.74
lazy_sched,4619,5100,train,3.1834,5137840,1114.74
lazy_sched,4620,5100,train,3.2723,5138963,1114.74
lazy_sched,4621,5100,train,3.3150,5140069,1114.74
lazy_sched,4622,5100,train,3.2671,5141177,1114.74
lazy_sched,4623,5100,train,3.1935,5142282,1114.74
lazy_sched,4624,5100,train,3.3237,5143404,1114.74
lazy_sched,4625,5100,train,3.4682,5144510,1114.74
lazy_sched,4625,5100,val,3.3520,5144510,1114.74
lazy_sched,4626,5100,train,3.2934,5145617,1114.73
lazy_sched,4627,5100,train,3.7681,5146719,1114.73
lazy_sched,4628,5100,train,3.2471,5147850,1114.74
lazy_sched,4629,5100,train,3.1539,5148957,1114.73
lazy_sched,4630,5100,train,3.1040,5150062,1114.73
lazy_sched,4631,5100,train,3.2902,5151164,1114.73
lazy_sched,4632,5100,train,3.1304,5152284,1114.73
lazy_sched,4633,5100,train,3.2604,5153384,1114.73
lazy_sched,4634,5100,train,3.2332,5154486,1114.72
lazy_sched,4635,5100,train,3.1371,5155594,1114.72
lazy_sched,4636,5100,train,3.1329,5156715,1114.72
lazy_sched,4637,5100,train,3.2939,5157822,1114.72
lazy_sched,4638,5100,train,3.4340,5158923,1114.72
lazy_sched,4639,5100,train,3.4245,5160033,1114.72
lazy_sched,4640,5100,train,3.4191,5161154,1114.72
lazy_sched,4641,5100,train,3.1232,5162261,1114.72
lazy_sched,4642,5100,train,3.2674,5163364,1114.72
lazy_sched,4643,5100,train,3.2011,5164469,1114.71
lazy_sched,4644,5100,train,3.2379,5165592,1114.72
lazy_sched,4645,5100,train,3.3340,5166694,1114.71
lazy_sched,4646,5100,train,3.1538,5167803,1114.71
lazy_sched,4647,5100,train,3.2532,5168904,1114.71
lazy_sched,4648,5100,train,3.2566,5170020,1114.71
lazy_sched,4649,5100,train,3.2502,5171122,1114.71
lazy_sched,4650,5100,train,3.4228,5172224,1114.70
lazy_sched,4651,5100,train,3.2257,5173329,1114.70
lazy_sched,4652,5100,train,3.1992,5174449,1114.70
lazy_sched,4653,5100,train,3.2508,5175554,1114.70
lazy_sched,4654,5100,train,3.3845,5176660,1114.70
lazy_sched,4655,5100,train,3.3121,5177764,1114.70
lazy_sched,4656,5100,train,3.3155,5178881,1114.70
lazy_sched,4657,5100,train,3.4809,5179983,1114.69
lazy_sched,4658,5100,train,3.5220,5181087,1114.69
lazy_sched,4659,5100,train,3.2008,5182195,1114.69
lazy_sched,4660,5100,train,3.2905,5183315,1114.69
lazy_sched,4661,5100,train,3.4945,5184423,1114.69
lazy_sched,4662,5100,train,3.2583,5185525,1114.69
lazy_sched,4663,5100,train,3.1414,5186630,1114.69
lazy_sched,4664,5100,train,3.0727,5187753,1114.69
lazy_sched,4665,5100,train,3.3069,5188861,1114.69
lazy_sched,4666,5100,train,3.2137,5189964,1114.68
lazy_sched,4667,5100,train,3.2355,5191065,1114.68
lazy_sched,4668,5100,train,3.1665,5192188,1114.68
lazy_sched,4669,5100,train,3.1496,5193291,1114.68
lazy_sched,4670,5100,train,3.3284,5194398,1114.68
lazy_sched,4671,5100,train,3.3090,5195502,1114.68
lazy_sched,4672,5100,train,3.2485,5196622,1114.68
lazy_sched,4673,5100,train,3.2030,5197724,1114.67
lazy_sched,4674,5100,train,3.3395,5198824,1114.67
lazy_sched,4675,5100,train,3.1480,5199932,1114.67
lazy_sched,4676,5100,train,3.3561,5201053,1114.67
lazy_sched,4677,5100,train,3.4638,5202153,1114.67
lazy_sched,4678,5100,train,3.2272,5203260,1114.67
lazy_sched,4679,5100,train,3.2275,5204363,1114.66
lazy_sched,4680,5100,train,3.3437,5205478,1114.66
lazy_sched,4681,5100,train,3.3011,5206583,1114.66
lazy_sched,4682,5100,train,3.3019,5207684,1114.66
lazy_sched,4683,5100,train,3.2835,5208794,1114.66
lazy_sched,4684,5100,train,3.2809,5209917,1114.66
lazy_sched,4685,5100,train,3.2211,5211023,1114.66
lazy_sched,4686,5100,train,3.2032,5212124,1114.65
lazy_sched,4687,5100,train,3.2802,5213233,1114.65
lazy_sched,4688,5100,train,3.3270,5214352,1114.65
lazy_sched,4689,5100,train,3.3663,5215457,1114.65
lazy_sched,4690,5100,train,3.1998,5216563,1114.65
lazy_sched,4691,5100,train,3.2082,5217663,1114.65
lazy_sched,4692,5100,train,3.4647,5218782,1114.65
lazy_sched,4693,5100,train,3.3702,5219884,1114.65
lazy_sched,4694,5100,train,3.3132,5220988,1114.64
lazy_sched,4695,5100,train,3.3286,5222099,1114.64
lazy_sched,4696,5100,train,3.4584,5223219,1114.64
lazy_sched,4697,5100,train,3.3356,5224324,1114.64
lazy_sched,4698,5100,train,3.4990,5225428,1114.64
lazy_sched,4699,5100,train,3.2217,5226539,1114.64
lazy_sched,4700,5100,train,3.1607,5227655,1114.64
lazy_sched,4701,5100,train,3.3583,5228761,1114.64
lazy_sched,4702,5100,train,3.2791,5229863,1114.63
lazy_sched,4703,5100,train,3.2166,5230976,1114.63
lazy_sched,4704,5100,train,3.2812,5232097,1114.64
lazy_sched,4705,5100,train,3.4757,5233203,1114.63
lazy_sched,4706,5100,train,3.2864,5234306,1114.63
lazy_sched,4707,5100,train,3.2717,5235418,1114.63
lazy_sched,4708,5100,train,3.3860,5236537,1114.63
lazy_sched,4709,5100,train,3.3172,5237643,1114.63
lazy_sched,4710,5100,train,3.2103,5238745,1114.63
lazy_sched,4711,5100,train,3.3496,5239850,1114.62
lazy_sched,4712,5100,train,3.2714,5240974,1114.63
lazy_sched,4713,5100,train,3.2208,5242079,1114.62
lazy_sched,4714,5100,train,3.4587,5243186,1114.62
lazy_sched,4715,5100,train,3.3218,5244291,1114.62
lazy_sched,4716,5100,train,3.3923,5245413,1114.62
lazy_sched,4717,5100,train,3.2247,5246520,1114.62
lazy_sched,4718,5100,train,3.3046,5247623,1114.62
lazy_sched,4719,5100,train,3.1893,5248725,1114.62
lazy_sched,4720,5100,train,3.3936,5249849,1114.62
lazy_sched,4721,5100,train,3.4521,5250948,1114.61
lazy_sched,4722,5100,train,3.2489,5252053,1114.61
lazy_sched,4723,5100,train,3.2093,5253161,1114.61
lazy_sched,4724,5100,train,3.3747,5254279,1114.61
lazy_sched,4725,5100,train,3.1733,5255384,1114.61
lazy_sched,4726,5100,train,3.4199,5256485,1114.61
lazy_sched,4727,5100,train,3.5137,5257589,1114.60
lazy_sched,4728,5100,train,3.3644,5258712,1114.61
lazy_sched,4729,5100,train,3.2585,5259819,1114.60
lazy_sched,4730,5100,train,3.3698,5260923,1114.60
lazy_sched,4731,5100,train,3.2619,5262025,1114.60
lazy_sched,4732,5100,train,3.2536,5263156,1114.60
lazy_sched,4733,5100,train,3.4219,5264262,1114.60
lazy_sched,4734,5100,train,3.1850,5265362,1114.60
lazy_sched,4735,5100,train,3.4036,5266476,1114.60
lazy_sched,4736,5100,train,3.2317,5267595,1114.60
lazy_sched,4737,5100,train,3.2455,5268702,1114.60
lazy_sched,4738,5100,train,3.3287,5269805,1114.60
lazy_sched,4739,5100,train,3.2831,5270916,1114.59
lazy_sched,4740,5100,train,3.3469,5272037,1114.60
lazy_sched,4741,5100,train,3.3138,5273143,1114.59
lazy_sched,4742,5100,train,3.2712,5274251,1114.59
lazy_sched,4743,5100,train,3.3027,5275360,1114.59
lazy_sched,4744,5100,train,3.5933,5276478,1114.59
lazy_sched,4745,5100,train,3.2505,5277581,1114.59
lazy_sched,4746,5100,train,3.2785,5278684,1114.59
lazy_sched,4747,5100,train,3.2415,5279788,1114.58
lazy_sched,4748,5100,train,3.1566,5280914,1114.59
lazy_sched,4749,5100,train,3.2379,5282017,1114.58
lazy_sched,4750,5100,train,3.2523,5283124,1114.58
lazy_sched,4750,5100,val,3.3459,5283124,1114.58
lazy_sched,4751,5100,train,3.4080,5284232,1114.58
lazy_sched,4752,5100,train,3.3679,5285355,1114.58
lazy_sched,4753,5100,train,3.2192,5286458,1114.58
lazy_sched,4754,5100,train,3.3993,5287561,1114.58
lazy_sched,4755,5100,train,3.4583,5288666,1114.58
lazy_sched,4756,5100,train,3.3694,5289789,1114.58
lazy_sched,4757,5100,train,3.0794,5290894,1114.58
lazy_sched,4758,5100,train,3.2816,5291996,1114.57
lazy_sched,4759,5100,train,3.4065,5293106,1114.57
lazy_sched,4760,5100,train,3.2368,5294229,1114.57
lazy_sched,4761,5100,train,3.2898,5295335,1114.57
lazy_sched,4762,5100,train,3.2757,5296438,1114.57
lazy_sched,4763,5100,train,3.2253,5297549,1114.57
lazy_sched,4764,5100,train,3.6142,5298668,1114.57
lazy_sched,4765,5100,train,3.2323,5299774,1114.57
lazy_sched,4766,5100,train,3.5189,5300969,1114.59
lazy_sched,4767,5100,train,3.3180,5302074,1114.58
lazy_sched,4768,5100,train,3.2821,5303199,1114.59
lazy_sched,4769,5100,train,3.4437,5304308,1114.58
lazy_sched,4770,5100,train,3.4496,5305416,1114.58
lazy_sched,4771,5100,train,3.2463,5306522,1114.58
lazy_sched,4772,5100,train,3.3210,5307648,1114.58
lazy_sched,4773,5100,train,3.4424,5308754,1114.58
lazy_sched,4774,5100,train,3.6241,5309857,1114.58
lazy_sched,4775,5100,train,3.2931,5310959,1114.58
lazy_sched,4776,5100,train,3.3279,5312085,1114.58
lazy_sched,4777,5100,train,3.3907,5313191,1114.58
lazy_sched,4778,5100,train,3.4428,5314295,1114.58
lazy_sched,4779,5100,train,3.2991,5315403,1114.57
lazy_sched,4780,5100,train,3.1982,5316521,1114.57
lazy_sched,4781,5100,train,3.2574,5317620,1114.57
lazy_sched,4782,5100,train,3.2877,5318730,1114.57
lazy_sched,4783,5100,train,3.2955,5319837,1114.57
lazy_sched,4784,5100,train,3.5339,5320954,1114.57
lazy_sched,4785,5100,train,3.2643,5322057,1114.57
lazy_sched,4786,5100,train,3.3434,5323161,1114.56
lazy_sched,4787,5100,train,3.3752,5324271,1114.56
lazy_sched,4788,5100,train,3.1767,5325391,1114.56
lazy_sched,4789,5100,train,3.2844,5326496,1114.56
lazy_sched,4790,5100,train,3.2693,5327598,1114.56
lazy_sched,4791,5100,train,3.2660,5328710,1114.56
lazy_sched,4792,5100,train,3.2460,5329830,1114.56
lazy_sched,4793,5100,train,3.3455,5330937,1114.56
lazy_sched,4794,5100,train,3.1264,5332038,1114.56
lazy_sched,4795,5100,train,3.4161,5333142,1114.55
lazy_sched,4796,5100,train,3.3713,5334267,1114.56
lazy_sched,4797,5100,train,3.2402,5335372,1114.55
lazy_sched,4798,5100,train,3.4151,5336476,1114.55
lazy_sched,4799,5100,train,3.2419,5337579,1114.55
lazy_sched,4800,5100,train,3.2852,5338705,1114.55
lazy_sched,4801,5100,train,3.2891,5339810,1114.55
lazy_sched,4802,5100,train,3.1695,5340917,1114.55
lazy_sched,4803,5100,train,3.4330,5342020,1114.55
lazy_sched,4804,5100,train,3.2540,5343145,1114.55
lazy_sched,4805,5100,train,3.2472,5344252,1114.55
lazy_sched,4806,5100,train,3.1365,5345355,1114.54
lazy_sched,4807,5100,train,3.2545,5346462,1114.54
lazy_sched,4808,5100,train,3.3490,5347589,1114.55
lazy_sched,4809,5100,train,3.5863,5348696,1114.54
lazy_sched,4810,5100,train,3.2482,5349799,1114.54
lazy_sched,4811,5100,train,3.3150,5350907,1114.54
lazy_sched,4812,5100,train,3.2284,5352028,1114.54
lazy_sched,4813,5100,train,3.2581,5353135,1114.54
lazy_sched,4814,5100,train,3.2278,5354237,1114.54
lazy_sched,4815,5100,train,3.1467,5355346,1114.54
lazy_sched,4816,5100,train,3.4892,5356469,1114.54
lazy_sched,4817,5100,train,3.2939,5357576,1114.54
lazy_sched,4818,5100,train,3.3405,5358677,1114.53
lazy_sched,4819,5100,train,3.1761,5359780,1114.53
lazy_sched,4820,5100,train,3.4692,5360904,1114.53
lazy_sched,4821,5100,train,3.2227,5362009,1114.53
lazy_sched,4822,5100,train,3.3127,5363117,1114.53
lazy_sched,4823,5100,train,3.1906,5364223,1114.53
lazy_sched,4824,5100,train,3.4859,5365346,1114.53
lazy_sched,4825,5100,train,3.4457,5366454,1114.53
lazy_sched,4826,5100,train,3.4101,5367557,1114.53
lazy_sched,4827,5100,train,3.2738,5368669,1114.53
lazy_sched,4828,5100,train,3.4987,5369790,1114.53
lazy_sched,4829,5100,train,3.3007,5370896,1114.53
lazy_sched,4830,5100,train,3.2932,5372000,1114.52
lazy_sched,4831,5100,train,3.2471,5373109,1114.52
lazy_sched,4832,5100,train,3.3313,5374230,1114.52
lazy_sched,4833,5100,train,3.3169,5375337,1114.52
lazy_sched,4834,5100,train,3.1879,5376439,1114.52
lazy_sched,4835,5100,train,3.1885,5377553,1114.52
lazy_sched,4836,5100,train,3.2666,5378672,1114.52
lazy_sched,4837,5100,train,3.4623,5379776,1114.52
lazy_sched,4838,5100,train,3.1859,5380879,1114.52
lazy_sched,4839,5100,train,3.2061,5381987,1114.51
lazy_sched,4840,5100,train,3.2455,5383109,1114.52
lazy_sched,4841,5100,train,3.3915,5384216,1114.51
lazy_sched,4842,5100,train,3.2931,5385325,1114.51
lazy_sched,4843,5100,train,3.3089,5386436,1114.51
lazy_sched,4844,5100,train,3.1565,5387552,1114.51
lazy_sched,4845,5100,train,3.3367,5388657,1114.51
lazy_sched,4846,5100,train,3.2282,5389763,1114.51
lazy_sched,4847,5100,train,3.2841,5390873,1114.51
lazy_sched,4848,5100,train,3.2763,5391999,1114.51
lazy_sched,4849,5100,train,3.2469,5393099,1114.51
lazy_sched,4850,5100,train,3.5504,5394206,1114.51
lazy_sched,4851,5100,train,3.2924,5395313,1114.50
lazy_sched,4852,5100,train,3.1451,5396431,1114.50
lazy_sched,4853,5100,train,3.3508,5397537,1114.50
lazy_sched,4854,5100,train,3.2527,5398638,1114.50
lazy_sched,4855,5100,train,3.1756,5399749,1114.50
lazy_sched,4856,5100,train,3.3167,5400868,1114.50
lazy_sched,4857,5100,train,3.2314,5401975,1114.50
lazy_sched,4858,5100,train,3.3282,5403077,1114.50
lazy_sched,4859,5100,train,3.2144,5404187,1114.50
lazy_sched,4860,5100,train,3.2823,5405310,1114.50
lazy_sched,4861,5100,train,3.1379,5406417,1114.50
lazy_sched,4862,5100,train,3.2697,5407517,1114.49
lazy_sched,4863,5100,train,3.2711,5408621,1114.49
lazy_sched,4864,5100,train,3.3947,5409745,1114.49
lazy_sched,4865,5100,train,3.1930,5410848,1114.49
lazy_sched,4866,5100,train,3.1949,5411956,1114.49
lazy_sched,4867,5100,train,3.0010,5413064,1114.49
lazy_sched,4868,5100,train,3.2793,5414191,1114.49
lazy_sched,4869,5100,train,3.2076,5415297,1114.49
lazy_sched,4870,5100,train,3.2553,5416397,1114.48
lazy_sched,4871,5100,train,3.0935,5417501,1114.48
lazy_sched,4872,5100,train,3.2395,5418625,1114.48
lazy_sched,4873,5100,train,3.2258,5419730,1114.48
lazy_sched,4874,5100,train,3.2241,5420837,1114.48
lazy_sched,4875,5100,train,3.0884,5421938,1114.48
lazy_sched,4875,5100,val,3.3406,5421939,1114.48
lazy_sched,4876,5100,train,3.2374,5423060,1114.48
lazy_sched,4877,5100,train,3.0599,5424164,1114.48
lazy_sched,4878,5100,train,3.1195,5425268,1114.48
lazy_sched,4879,5100,train,3.3566,5426377,1114.47
lazy_sched,4880,5100,train,3.2483,5427493,1114.48
lazy_sched,4881,5100,train,3.5118,5428599,1114.47
lazy_sched,4882,5100,train,3.3490,5429706,1114.47
lazy_sched,4883,5100,train,3.0022,5430807,1114.47
lazy_sched,4884,5100,train,3.2644,5431936,1114.47
lazy_sched,4885,5100,train,3.3760,5433043,1114.47
lazy_sched,4886,5100,train,3.3845,5434146,1114.47
lazy_sched,4887,5100,train,3.1999,5435254,1114.47
lazy_sched,4888,5100,train,3.2316,5436375,1114.47
lazy_sched,4889,5100,train,3.3276,5437481,1114.47
lazy_sched,4890,5100,train,3.4391,5438585,1114.46
lazy_sched,4891,5100,train,3.2356,5439688,1114.46
lazy_sched,4892,5100,train,3.2112,5440814,1114.46
lazy_sched,4893,5100,train,3.4145,5441923,1114.46
lazy_sched,4894,5100,train,3.5159,5443027,1114.46
lazy_sched,4895,5100,train,3.1159,5444139,1114.46
lazy_sched,4896,5100,train,3.3132,5445259,1114.46
lazy_sched,4897,5100,train,3.2064,5446364,1114.46
lazy_sched,4898,5100,train,3.3224,5447466,1114.46
lazy_sched,4899,5100,train,3.2646,5448580,1114.46
lazy_sched,4900,5100,train,3.0977,5449699,1114.46
lazy_sched,4901,5100,train,3.3831,5450805,1114.46
lazy_sched,4902,5100,train,3.2144,5451910,1114.45
lazy_sched,4903,5100,train,3.3730,5453022,1114.45
lazy_sched,4904,5100,train,3.3079,5454145,1114.46
lazy_sched,4905,5100,train,2.8128,5455246,1114.45
lazy_sched,4906,5100,train,3.2220,5456349,1114.45
lazy_sched,4907,5100,train,3.2795,5457460,1114.45
lazy_sched,4908,5100,train,3.3352,5458578,1114.45
lazy_sched,4909,5100,train,3.2783,5459683,1114.45
lazy_sched,4910,5100,train,3.3588,5460786,1114.45
lazy_sched,4911,5100,train,3.3225,5461890,1114.44
lazy_sched,4912,5100,train,3.3982,5463018,1114.45
lazy_sched,4913,5100,train,3.2087,5464125,1114.45
lazy_sched,4914,5100,train,3.4596,5465230,1114.44
lazy_sched,4915,5100,train,3.2363,5466340,1114.44
lazy_sched,4916,5100,train,3.1218,5467460,1114.44
lazy_sched,4917,5100,train,3.3123,5468565,1114.44
lazy_sched,4918,5100,train,3.2175,5469668,1114.44
lazy_sched,4919,5100,train,3.3049,5470781,1114.44
lazy_sched,4920,5100,train,3.1829,5471899,1114.44
lazy_sched,4921,5100,train,3.3346,5473005,1114.44
lazy_sched,4922,5100,train,3.3916,5474107,1114.44
lazy_sched,4923,5100,train,3.2236,5475220,1114.44
lazy_sched,4924,5100,train,3.2121,5476339,1114.44
lazy_sched,4925,5100,train,3.2499,5477444,1114.43
lazy_sched,4926,5100,train,3.0740,5478546,1114.43
lazy_sched,4927,5100,train,3.2064,5479652,1114.43
lazy_sched,4928,5100,train,3.2791,5480773,1114.43
lazy_sched,4929,5100,train,3.1023,5481882,1114.43
lazy_sched,4930,5100,train,3.2538,5482986,1114.43
lazy_sched,4931,5100,train,3.2788,5484092,1114.43
lazy_sched,4932,5100,train,3.2622,5485218,1114.43
lazy_sched,4933,5100,train,3.2475,5486326,1114.43
lazy_sched,4934,5100,train,3.0879,5487430,1114.43
lazy_sched,4935,5100,train,3.3304,5488532,1114.42
lazy_sched,4936,5100,train,2.8936,5489656,1114.42
lazy_sched,4937,5100,train,3.1830,5490763,1114.42
lazy_sched,4938,5100,train,3.2134,5491868,1114.42
lazy_sched,4939,5100,train,3.3238,5492977,1114.42
lazy_sched,4940,5100,train,3.1736,5494101,1114.42
lazy_sched,4941,5100,train,3.3501,5495205,1114.42
lazy_sched,4942,5100,train,3.2514,5496307,1114.42
lazy_sched,4943,5100,train,3.1756,5497418,1114.42
lazy_sched,4944,5100,train,3.1687,5498538,1114.42
lazy_sched,4945,5100,train,3.3164,5499647,1114.42
lazy_sched,4946,5100,train,3.3082,5500747,1114.41
lazy_sched,4947,5100,train,3.2335,5501850,1114.41
lazy_sched,4948,5100,train,3.2455,5502974,1114.41
lazy_sched,4949,5100,train,3.5962,5504083,1114.41
lazy_sched,4950,5100,train,3.2508,5505189,1114.41
lazy_sched,4951,5100,train,3.3735,5506298,1114.41
lazy_sched,4952,5100,train,3.2726,5507419,1114.41
lazy_sched,4953,5100,train,3.1832,5508524,1114.41
lazy_sched,4954,5100,train,3.1021,5509627,1114.41
lazy_sched,4955,5100,train,3.1021,5510738,1114.41
lazy_sched,4956,5100,train,3.1142,5511860,1114.41
lazy_sched,4957,5100,train,3.2944,5513061,1114.43
lazy_sched,4958,5100,train,3.2841,5514172,1114.42
lazy_sched,4959,5100,train,3.3327,5515281,1114.42
lazy_sched,4960,5100,train,3.2372,5516400,1114.42
lazy_sched,4961,5100,train,3.2033,5517505,1114.42
lazy_sched,4962,5100,train,3.2388,5518607,1114.42
lazy_sched,4963,5100,train,3.2446,5519718,1114.42
lazy_sched,4964,5100,train,3.2684,5520838,1114.42
lazy_sched,4965,5100,train,3.2204,5521943,1114.42
lazy_sched,4966,5100,train,3.4030,5523045,1114.42
lazy_sched,4967,5100,train,3.1589,5524149,1114.41
lazy_sched,4968,5100,train,3.3105,5525273,1114.42
lazy_sched,4969,5100,train,3.2400,5526379,1114.41
lazy_sched,4970,5100,train,3.1401,5527483,1114.41
lazy_sched,4971,5100,train,3.1020,5528587,1114.41
lazy_sched,4972,5100,train,3.1955,5529714,1114.41
lazy_sched,4973,5100,train,3.1895,5530821,1114.41
lazy_sched,4974,5100,train,3.1372,5531924,1114.41
lazy_sched,4975,5100,train,3.3687,5533029,1114.41
lazy_sched,4976,5100,train,3.2079,5534151,1114.41
lazy_sched,4977,5100,train,3.1160,5535254,1114.41
lazy_sched,4978,5100,train,3.2646,5536361,1114.40
lazy_sched,4979,5100,train,3.2528,5537465,1114.40
lazy_sched,4980,5100,train,3.0684,5538586,1114.40
lazy_sched,4981,5100,train,3.4217,5539687,1114.40
lazy_sched,4982,5100,train,3.3943,5540798,1114.40
lazy_sched,4983,5100,train,3.2590,5541904,1114.40
lazy_sched,4984,5100,train,3.4144,5543022,1114.40
lazy_sched,4985,5100,train,3.3118,5544126,1114.40
lazy_sched,4986,5100,train,3.2611,5545235,1114.40
lazy_sched,4987,5100,train,3.3770,5546343,1114.39
lazy_sched,4988,5100,train,3.3646,5547460,1114.40
lazy_sched,4989,5100,train,3.2362,5548565,1114.39
lazy_sched,4990,5100,train,3.2071,5549669,1114.39
lazy_sched,4991,5100,train,3.2314,5550779,1114.39
lazy_sched,4992,5100,train,3.2330,5551901,1114.39
lazy_sched,4993,5100,train,3.2608,5553005,1114.39
lazy_sched,4994,5100,train,3.2648,5554106,1114.39
lazy_sched,4995,5100,train,3.3039,5555219,1114.39
lazy_sched,4996,5100,train,3.2438,5556339,1114.39
lazy_sched,4997,5100,train,3.3207,5557445,1114.39
lazy_sched,4998,5100,train,3.2217,5558547,1114.38
lazy_sched,4999,5100,train,3.3279,5559658,1114.38
lazy_sched,5000,5100,train,3.1977,5560778,1114.38
lazy_sched,5000,5100,val,3.3357,5560778,1114.38
lazy_sched,5001,5100,train,3.1768,5561889,1114.38
lazy_sched,5002,5100,train,3.1348,5562993,1114.38
lazy_sched,5003,5100,train,3.1229,5564100,1114.38
lazy_sched,5004,5100,train,3.1915,5565222,1114.38
lazy_sched,5005,5100,train,3.2613,5566332,1114.38
lazy_sched,5006,5100,train,3.0480,5567436,1114.38
lazy_sched,5007,5100,train,3.2400,5568542,1114.38
lazy_sched,5008,5100,train,3.2550,5569666,1114.38
lazy_sched,5009,5100,train,3.2236,5570772,1114.38
lazy_sched,5010,5100,train,3.2677,5571877,1114.38
lazy_sched,5011,5100,train,3.2458,5572979,1114.37
lazy_sched,5012,5100,train,3.2217,5574106,1114.38
lazy_sched,5013,5100,train,3.4408,5575212,1114.37
lazy_sched,5014,5100,train,3.2775,5576319,1114.37
lazy_sched,5015,5100,train,3.3263,5577419,1114.37
lazy_sched,5016,5100,train,3.0762,5578542,1114.37
lazy_sched,5017,5100,train,3.2314,5579647,1114.37
lazy_sched,5018,5100,train,3.1723,5580756,1114.37
lazy_sched,5019,5100,train,3.3019,5581857,1114.37
lazy_sched,5020,5100,train,3.2348,5582978,1114.37
lazy_sched,5021,5100,train,3.1834,5584081,1114.36
lazy_sched,5022,5100,train,3.2457,5585185,1114.36
lazy_sched,5023,5100,train,3.2426,5586293,1114.36
lazy_sched,5024,5100,train,3.1002,5587412,1114.36
lazy_sched,5025,5100,train,3.1854,5588518,1114.36
lazy_sched,5026,5100,train,3.5550,5589619,1114.36
lazy_sched,5027,5100,train,3.1559,5590726,1114.36
lazy_sched,5028,5100,train,3.1522,5591849,1114.36
lazy_sched,5029,5100,train,3.3047,5592955,1114.36
lazy_sched,5030,5100,train,3.2089,5594059,1114.35
lazy_sched,5031,5100,train,3.0800,5595168,1114.35
lazy_sched,5032,5100,train,3.2291,5596290,1114.35
lazy_sched,5033,5100,train,3.2471,5597397,1114.35
lazy_sched,5034,5100,train,3.2821,5598499,1114.35
lazy_sched,5035,5100,train,3.2125,5599606,1114.35
lazy_sched,5036,5100,train,3.1390,5600728,1114.35
lazy_sched,5037,5100,train,3.2703,5601833,1114.35
lazy_sched,5038,5100,train,3.0991,5602939,1114.35
lazy_sched,5039,5100,train,3.2757,5604049,1114.35
lazy_sched,5040,5100,train,3.1377,5605174,1114.35
lazy_sched,5041,5100,train,3.2363,5606278,1114.35
lazy_sched,5042,5100,train,3.2442,5607380,1114.34
lazy_sched,5043,5100,train,3.1131,5608488,1114.34
lazy_sched,5044,5100,train,3.2588,5609609,1114.34
lazy_sched,5045,5100,train,3.2323,5610715,1114.34
lazy_sched,5046,5100,train,3.0623,5611819,1114.34
lazy_sched,5047,5100,train,3.3311,5612921,1114.34
lazy_sched,5048,5100,train,3.3136,5614044,1114.34
lazy_sched,5049,5100,train,3.2736,5615148,1114.34
lazy_sched,5050,5100,train,3.2115,5616256,1114.34
lazy_sched,5051,5100,train,3.3519,5617358,1114.33
lazy_sched,5052,5100,train,3.3312,5618482,1114.34
lazy_sched,5053,5100,train,3.2436,5619584,1114.33
lazy_sched,5054,5100,train,3.4855,5620694,1114.33
lazy_sched,5055,5100,train,3.1801,5621798,1114.33
lazy_sched,5056,5100,train,3.4882,5622917,1114.33
lazy_sched,5057,5100,train,3.2262,5624019,1114.33
lazy_sched,5058,5100,train,3.3151,5625121,1114.33
lazy_sched,5059,5100,train,3.3382,5626232,1114.33
lazy_sched,5060,5100,train,3.3605,5627350,1114.33
lazy_sched,5061,5100,train,3.1897,5628454,1114.32
lazy_sched,5062,5100,train,3.2677,5629557,1114.32
lazy_sched,5063,5100,train,3.2188,5630665,1114.32
lazy_sched,5064,5100,train,3.1428,5631790,1114.32
lazy_sched,5065,5100,train,3.2425,5632898,1114.32
lazy_sched,5066,5100,train,3.2507,5634003,1114.32
lazy_sched,5067,5100,train,3.2441,5635114,1114.32
lazy_sched,5068,5100,train,3.3033,5636233,1114.32
lazy_sched,5069,5100,train,3.5963,5637337,1114.32
lazy_sched,5070,5100,train,3.2244,5638445,1114.32
lazy_sched,5071,5100,train,3.1847,5639554,1114.32
lazy_sched,5072,5100,train,3.2393,5640672,1114.32
lazy_sched,5073,5100,train,3.3151,5641776,1114.31
lazy_sched,5074,5100,train,3.2879,5642879,1114.31
lazy_sched,5075,5100,train,3.2492,5643984,1114.31
lazy_sched,5076,5100,train,3.1948,5645108,1114.31
lazy_sched,5077,5100,train,3.1705,5646210,1114.31
lazy_sched,5078,5100,train,3.2984,5647317,1114.31
lazy_sched,5079,5100,train,3.1447,5648420,1114.31
lazy_sched,5080,5100,train,3.2874,5649544,1114.31
lazy_sched,5081,5100,train,3.3480,5650650,1114.31
lazy_sched,5082,5100,train,3.1976,5651757,1114.31
lazy_sched,5083,5100,train,3.3008,5652858,1114.30
lazy_sched,5084,5100,train,3.2553,5653976,1114.30
lazy_sched,5085,5100,train,3.2354,5655079,1114.30
lazy_sched,5086,5100,train,3.3313,5656181,1114.30
lazy_sched,5087,5100,train,3.1343,5657287,1114.30
lazy_sched,5088,5100,train,2.9631,5658410,1114.30
lazy_sched,5089,5100,train,3.2712,5659518,1114.30
lazy_sched,5090,5100,train,3.2736,5660620,1114.30
lazy_sched,5091,5100,train,3.2285,5661725,1114.29
lazy_sched,5092,5100,train,3.5090,5662848,1114.30
lazy_sched,5093,5100,train,3.3295,5663955,1114.29
lazy_sched,5094,5100,train,3.3107,5665059,1114.29
lazy_sched,5095,5100,train,3.2646,5666158,1114.29
lazy_sched,5096,5100,train,3.3137,5667284,1114.29
lazy_sched,5097,5100,train,3.1349,5668391,1114.29
lazy_sched,5098,5100,train,3.2987,5669496,1114.29
lazy_sched,5099,5100,train,3.0752,5670600,1114.29
lazy_sched,5100,5100,train,3.2594,5671724,1114.29
lazy_sched,5100,5100,val,3.3340,5671725,1114.29
